"family","t","v","k","N","Source","kind","N_pred","tier"
"Martirosyan-TVT",6,6,11,157440,"Martirosyan-TVT postop NCK","postop",287646,"ARITH_BOUND_ONLY"
"Martirosyan-TVT",6,6,12,183244,"Martirosyan-TVT postop NCK","postop",287646,"ARITH_BOUND_ONLY"
"Martirosyan-TVT",6,6,13,210598,"Martirosyan-TVT postop NCK","postop",337492,"ARITH_BOUND_ONLY"
"Martirosyan-TVT",6,6,14,235561,"Martirosyan-TVT postop NCK","postop",337492,"ARITH_BOUND_ONLY"
"Martirosyan-TVT",6,6,15,261440,"Martirosyan-TVT postop NCK","postop",385582,"ARITH_BOUND_ONLY"
"Martirosyan-TVT",6,6,16,286636,"Martirosyan-TVT postop NCK","postop",385582,"ARITH_BOUND_ONLY"
"Martirosyan-TVT",6,6,263,5060446,"Martirosyan-TVT variant","variant",5060446,"ARITHMETIC"
"Martirosyan-TVT",6,6,264,5062010,"Martirosyan-TVT","plain",5062010,"ARITHMETIC"
"Martirosyan-TVT",6,6,265,5079418,"Martirosyan-TVT variant","variant",5079418,"ARITHMETIC"
"Martirosyan-TVT",6,6,268,5110752,"Martirosyan-TVT","plain",5110752,"ARITHMETIC"
"Martirosyan-TVT",6,6,269,5116239,"Martirosyan-TVT variant","variant",5116239,"ARITHMETIC"
"Martirosyan-TVT",6,6,270,5121726,"Martirosyan-TVT","plain",5121726,"ARITHMETIC"
"Martirosyan-TVT",6,6,271,5123880,"Martirosyan-TVT variant","variant",5123880,"ARITHMETIC"
"Martirosyan-TVT",6,6,272,5125740,"Martirosyan-TVT","plain",5125740,"ARITHMETIC"
"Martirosyan-TVT",6,6,273,5129088,"Martirosyan-TVT variant","variant",5129088,"ARITHMETIC"
"Martirosyan-TVT",6,6,274,5132436,"Martirosyan-TVT","plain",5132436,"ARITHMETIC"
"Martirosyan-TVT",6,6,275,5135133,"Martirosyan-TVT variant","variant",5135133,"ARITHMETIC"
"Martirosyan-TVT",6,6,276,5137830,"Martirosyan-TVT","plain",5137830,"ARITHMETIC"
"Martirosyan-TVT",6,6,277,5140197,"Martirosyan-TVT variant","variant",5140197,"ARITHMETIC"
"Martirosyan-TVT",6,6,278,5142522,"Martirosyan-TVT","plain",5142522,"ARITHMETIC"
"Martirosyan-TVT",6,6,279,5145219,"Martirosyan-TVT variant","variant",5145219,"ARITHMETIC"
"Martirosyan-TVT",6,6,280,5147916,"Martirosyan-TVT","plain",5147916,"ARITHMETIC"
"Martirosyan-TVT",6,10,264,60383587,"Martirosyan-TVT","plain",60383587,"ARITHMETIC"
"Martirosyan-TVT",6,10,266,60529997,"Martirosyan-TVT","plain",60529997,"ARITHMETIC"
"Martirosyan-TVT",6,10,335,70599150,"Martirosyan-TVT variant","variant",70599150,"ARITHMETIC"
"Martirosyan-TVT",6,10,339,70742828,"Martirosyan-TVT variant","variant",70742828,"ARITHMETIC"
"Martirosyan-TVT",6,10,340,72035930,"Martirosyan-TVT","plain",72035930,"ARITHMETIC"
"Martirosyan-TVT",6,10,341,72288930,"Martirosyan-TVT variant","variant",72288930,"ARITHMETIC"
"Martirosyan-TVT",6,10,343,73271320,"Martirosyan-TVT variant","variant",73271320,"ARITHMETIC"
"Martirosyan-TVT",6,10,347,73417198,"Martirosyan-TVT variant","variant",73417198,"ARITHMETIC"
"Martirosyan-TVT",6,10,364,73563076,"Martirosyan-TVT","plain",73563076,"ARITHMETIC"
"Martirosyan-TVT",6,10,365,73682866,"Martirosyan-TVT variant","variant",73682866,"ARITHMETIC"
"Martirosyan-TVT",6,10,381,74558134,"Martirosyan-TVT variant","variant",74558134,"ARITHMETIC"
"Martirosyan-TVT",6,10,386,74704012,"Martirosyan-TVT","plain",74704012,"ARITHMETIC"
"Martirosyan-TVT",6,10,387,74730852,"Martirosyan-TVT variant","variant",74730852,"ARITHMETIC"
"Martirosyan-TVT",6,10,391,74757692,"Martirosyan-TVT variant","variant",74757692,"ARITHMETIC"
"Martirosyan-TVT",6,10,392,75634280,"Martirosyan-TVT","plain",75634280,"ARITHMETIC"
"Martirosyan-TVT",6,10,398,75645170,"Martirosyan-TVT","plain",75645170,"ARITHMETIC"
"Martirosyan-TVT",6,10,399,75672670,"Martirosyan-TVT variant","variant",75672670,"ARITHMETIC"
"Martirosyan-TVT",6,10,406,75700170,"Martirosyan-TVT","plain",75700170,"ARITHMETIC"
"Martirosyan-TVT",6,10,407,75710170,"Martirosyan-TVT variant","variant",75710170,"ARITHMETIC"
"Martirosyan-TVT",6,10,409,75720170,"Martirosyan-TVT variant","variant",75720170,"ARITHMETIC"
"Martirosyan-TVT",6,10,411,76012966,"Martirosyan-TVT variant","variant",76012966,"ARITHMETIC"
"Martirosyan-TVT",6,10,416,76159364,"Martirosyan-TVT","plain",76159364,"ARITHMETIC"
"Martirosyan-TVT",5,12,1204,11266092,"Martirosyan-TVT","plain",11266092,"ARITHMETIC"
"Martirosyan-TVT",5,12,1205,11321532,"Martirosyan-TVT variant","variant",11321532,"ARITHMETIC"
"Martirosyan-TVT",5,12,1228,11376972,"Martirosyan-TVT","plain",11376972,"ARITHMETIC"
"Martirosyan-TVT",6,12,280,151437905,"Martirosyan-TVT","plain",151437905,"ARITHMETIC"
"Martirosyan-TVT",6,12,281,151727909,"Martirosyan-TVT variant","variant",151727909,"ARITHMETIC"
"Martirosyan-TVT",6,12,286,152184865,"Martirosyan-TVT","plain",152184865,"ARITHMETIC"
"Martirosyan-TVT",6,12,318,166097769,"Martirosyan-TVT","plain",166097769,"ARITHMETIC"
"Martirosyan-TVT",6,12,319,166150317,"Martirosyan-TVT variant","variant",166150317,"ARITHMETIC"
"Martirosyan-TVT",6,12,338,166203009,"Martirosyan-TVT","plain",166203009,"ARITHMETIC"
"Martirosyan-TVT",6,12,339,166923729,"Martirosyan-TVT variant","variant",166923729,"ARITHMETIC"
"Martirosyan-TVT",6,12,354,167921215,"Martirosyan-TVT","plain",167921215,"ARITHMETIC"
"Martirosyan-TVT",6,12,355,168160999,"Martirosyan-TVT variant","variant",168160999,"ARITHMETIC"
"Martirosyan-TVT",6,12,364,168400783,"Martirosyan-TVT","plain",168400783,"ARITHMETIC"
"Martirosyan-TVT",6,12,365,168787651,"Martirosyan-TVT variant","variant",168787651,"ARITHMETIC"
"Martirosyan-TVT",6,12,366,169174519,"Martirosyan-TVT","plain",169174519,"ARITHMETIC"
"Martirosyan-TVT",6,12,451,206804391,"Martirosyan-TVT variant","variant",206804391,"ARITHMETIC"
"Martirosyan-TVT",6,12,453,207089269,"Martirosyan-TVT variant","variant",207089269,"ARITHMETIC"
"Martirosyan-TVT",6,12,455,209083415,"Martirosyan-TVT variant","variant",209083415,"ARITHMETIC"
"Martirosyan-TVT",6,12,459,209368293,"Martirosyan-TVT variant","variant",209368293,"ARITHMETIC"
"Martirosyan-TVT",6,12,470,211932195,"Martirosyan-TVT","plain",211932195,"ARITHMETIC"
"Martirosyan-TVT",6,12,471,212089707,"Martirosyan-TVT variant","variant",212089707,"ARITHMETIC"
"Martirosyan-TVT",6,12,474,212247795,"Martirosyan-TVT","plain",212247795,"ARITHMETIC"
"Martirosyan-TVT",6,12,483,213107555,"Martirosyan-TVT variant","variant",213107555,"ARITHMETIC"
"Martirosyan-TVT",6,12,484,213392433,"Martirosyan-TVT","plain",213392433,"ARITHMETIC"
"Martirosyan-TVT",5,14,22,2933390,"Martirosyan-TVT","plain",2933390,"ARITHMETIC"
"Martirosyan-TVT",5,14,23,3070224,"Martirosyan-TVT variant","variant",3070224,"ARITHMETIC"
"Martirosyan-TVT",5,14,1038,27238232,"Martirosyan-TVT","plain",27238232,"ARITHMETIC"
"Martirosyan-TVT",5,14,1055,27288152,"Martirosyan-TVT variant","variant",27288152,"ARITHMETIC"
"Martirosyan-TVT",5,14,1123,27312904,"Martirosyan-TVT variant","variant",27312904,"ARITHMETIC"
"Martirosyan-TVT",5,14,1125,27337656,"Martirosyan-TVT variant","variant",27337656,"ARITHMETIC"
"Martirosyan-TVT",5,14,1141,27411912,"Martirosyan-TVT variant","variant",27411912,"ARITHMETIC"
"Martirosyan-TVT",5,14,1157,27535672,"Martirosyan-TVT variant","variant",27535672,"ARITHMETIC"
"Martirosyan-TVT",5,14,1163,27609928,"Martirosyan-TVT variant","variant",27609928,"ARITHMETIC"
"Martirosyan-TVT",5,14,1164,27634680,"Martirosyan-TVT","plain",27634680,"ARITHMETIC"
"Martirosyan-TVT",5,14,1189,27696120,"Martirosyan-TVT variant","variant",27696120,"ARITHMETIC"
"Martirosyan-TVT",5,14,1235,27720872,"Martirosyan-TVT variant","variant",27720872,"ARITHMETIC"
"Martirosyan-TVT",5,14,1255,27770376,"Martirosyan-TVT variant","variant",27770376,"ARITHMETIC"
"Martirosyan-TVT",5,14,1268,27943640,"Martirosyan-TVT","plain",27943640,"ARITHMETIC"
"Martirosyan-TVT",5,14,1272,27946760,"Martirosyan-TVT","plain",27946760,"ARITHMETIC"
"Martirosyan-TVT",5,14,1273,27993560,"Martirosyan-TVT variant","variant",27993560,"ARITHMETIC"
"Martirosyan-TVT",5,14,1282,28043064,"Martirosyan-TVT","plain",28043064,"ARITHMETIC"
"Martirosyan-TVT",5,14,1293,28046904,"Martirosyan-TVT variant","variant",28046904,"ARITHMETIC"
"Martirosyan-TVT",5,14,1300,28145912,"Martirosyan-TVT","plain",28145912,"ARITHMETIC"
"Martirosyan-TVT",5,14,1312,28146152,"Martirosyan-TVT","plain",28146152,"ARITHMETIC"
"Martirosyan-TVT",5,14,1341,28998152,"Martirosyan-TVT variant","variant",28998152,"ARITHMETIC"
"Martirosyan-TVT",5,14,1357,29022904,"Martirosyan-TVT variant","variant",29022904,"ARITHMETIC"
"Martirosyan-TVT",5,14,1429,29047656,"Martirosyan-TVT variant","variant",29047656,"ARITHMETIC"
"Martirosyan-TVT",5,14,1433,29097160,"Martirosyan-TVT variant","variant",29097160,"ARITHMETIC"
"Martirosyan-TVT",5,14,1457,29121912,"Martirosyan-TVT variant","variant",29121912,"ARITHMETIC"
"Martirosyan-TVT",5,14,1477,29171416,"Martirosyan-TVT variant","variant",29171416,"ARITHMETIC"
"Martirosyan-TVT",5,14,1489,29196168,"Martirosyan-TVT variant","variant",29196168,"ARITHMETIC"
"Martirosyan-TVT",5,14,1490,29220920,"Martirosyan-TVT","plain",29220920,"ARITHMETIC"
"Martirosyan-TVT",5,14,1528,29224040,"Martirosyan-TVT","plain",29224040,"ARITHMETIC"
"Martirosyan-TVT",5,14,1532,29227160,"Martirosyan-TVT","plain",29227160,"ARITHMETIC"
"Martirosyan-TVT",5,14,1534,31479592,"Martirosyan-TVT","plain",31479592,"ARITHMETIC"
"Martirosyan-TVT",6,14,312,484579536,"Martirosyan-TVT","plain",484579536,"ARITHMETIC"
"Martirosyan-TVT",6,14,313,484684416,"Martirosyan-TVT variant","variant",484684416,"ARITHMETIC"
"Martirosyan-TVT",6,14,316,485309160,"Martirosyan-TVT","plain",485309160,"ARITHMETIC"
"Martirosyan-TVT",6,14,317,485429430,"Martirosyan-TVT variant","variant",485429430,"ARITHMETIC"
"Martirosyan-TVT",6,14,318,485549700,"Martirosyan-TVT","plain",485549700,"ARITHMETIC"
"Martirosyan-TVT",6,14,326,485549940,"Martirosyan-TVT","plain",485549940,"ARITHMETIC"
"Martirosyan-TVT",6,14,328,485550030,"Martirosyan-TVT","plain",485550030,"ARITHMETIC"
"Martirosyan-TVT",6,14,330,502327140,"Martirosyan-TVT","plain",502327140,"ARITHMETIC"
"Martirosyan-TVT",6,14,339,503178900,"Martirosyan-TVT variant","variant",503178900,"ARITHMETIC"
"Martirosyan-TVT",6,14,341,505275996,"Martirosyan-TVT variant","variant",505275996,"ARITHMETIC"
"Martirosyan-TVT",6,14,370,505800270,"Martirosyan-TVT","plain",505800270,"ARITHMETIC"
"Martirosyan-TVT",6,14,372,506598990,"Martirosyan-TVT","plain",506598990,"ARITHMETIC"
"Martirosyan-TVT",6,14,373,518810336,"Martirosyan-TVT variant","variant",518810336,"ARITHMETIC"
"Martirosyan-TVT",6,14,374,531021682,"Martirosyan-TVT","plain",531021682,"ARITHMETIC"
"Martirosyan-TVT",6,14,536,644348268,"Martirosyan-TVT","plain",644348268,"ARITHMETIC"
"Martirosyan-TVT",6,14,538,702705840,"Martirosyan-TVT","plain",702705840,"ARITHMETIC"
"Martirosyan-TVT",6,14,544,719683217,"Martirosyan-TVT","plain",719683217,"ARITHMETIC"
"Martirosyan-TVT",6,14,545,720881855,"Martirosyan-TVT variant","variant",720881855,"ARITHMETIC"
"Martirosyan-TVT",6,14,546,722727077,"Martirosyan-TVT","plain",722727077,"ARITHMETIC"
"Martirosyan-TVT",6,14,547,735957269,"Martirosyan-TVT variant","variant",735957269,"ARITHMETIC"
"Martirosyan-TVT",6,14,550,751798917,"Martirosyan-TVT","plain",751798917,"ARITHMETIC"
"Martirosyan-TVT",6,14,551,751955765,"Martirosyan-TVT variant","variant",751955765,"ARITHMETIC"
"Martirosyan-TVT",6,14,568,752112869,"Martirosyan-TVT","plain",752112869,"ARITHMETIC"
"Martirosyan-TVT",6,14,578,752964629,"Martirosyan-TVT","plain",752964629,"ARITHMETIC"
"Martirosyan-TVT",6,15,312,518505358,"Martirosyan-TVT","plain",518505358,"ARITHMETIC"
"Martirosyan-TVT",6,15,313,518622958,"Martirosyan-TVT variant","variant",518622958,"ARITHMETIC"
"Martirosyan-TVT",6,15,316,518736718,"Martirosyan-TVT","plain",518736718,"ARITHMETIC"
"Martirosyan-TVT",6,15,317,518871808,"Martirosyan-TVT variant","variant",518871808,"ARITHMETIC"
"Martirosyan-TVT",6,15,318,519006898,"Martirosyan-TVT","plain",519006898,"ARITHMETIC"
"Martirosyan-TVT",6,15,326,519007138,"Martirosyan-TVT","plain",519007138,"ARITHMETIC"
"Martirosyan-TVT",6,15,328,519007228,"Martirosyan-TVT","plain",519007228,"ARITHMETIC"
"Martirosyan-TVT",6,15,330,535784338,"Martirosyan-TVT","plain",535784338,"ARITHMETIC"
"Martirosyan-TVT",6,15,341,536701618,"Martirosyan-TVT variant","variant",536701618,"ARITHMETIC"
"Martirosyan-TVT",6,15,536,669049222,"Martirosyan-TVT","plain",669049222,"ARITHMETIC"
"Martirosyan-TVT",6,15,538,736840162,"Martirosyan-TVT","plain",736840162,"ARITHMETIC"
"Martirosyan-TVT",6,15,544,744384201,"Martirosyan-TVT","plain",744384201,"ARITHMETIC"
"Martirosyan-TVT",6,15,545,744613161,"Martirosyan-TVT variant","variant",744613161,"ARITHMETIC"
"Martirosyan-TVT",6,15,546,745488709,"Martirosyan-TVT","plain",745488709,"ARITHMETIC"
"Martirosyan-TVT",6,15,547,758722133,"Martirosyan-TVT variant","variant",758722133,"ARITHMETIC"
"Martirosyan-TVT",6,15,550,774567013,"Martirosyan-TVT","plain",774567013,"ARITHMETIC"
"Martirosyan-TVT",6,15,551,774723893,"Martirosyan-TVT variant","variant",774723893,"ARITHMETIC"
"Martirosyan-TVT",6,15,557,774881029,"Martirosyan-TVT variant","variant",774881029,"ARITHMETIC"
"Martirosyan-TVT",6,15,568,775527617,"Martirosyan-TVT","plain",775527617,"ARITHMETIC"
"Martirosyan-TVT",6,15,578,776444897,"Martirosyan-TVT","plain",776444897,"ARITHMETIC"
"Martirosyan-TVT",6,16,312,536211424,"Martirosyan-TVT","plain",536211424,"ARITHMETIC"
"Martirosyan-TVT",6,16,313,536334304,"Martirosyan-TVT variant","variant",536334304,"ARITHMETIC"
"Martirosyan-TVT",6,16,316,536453344,"Martirosyan-TVT","plain",536453344,"ARITHMETIC"
"Martirosyan-TVT",6,16,317,536594704,"Martirosyan-TVT variant","variant",536594704,"ARITHMETIC"
"Martirosyan-TVT",6,16,318,536736064,"Martirosyan-TVT","plain",536736064,"ARITHMETIC"
"Martirosyan-TVT",6,16,326,536736304,"Martirosyan-TVT","plain",536736304,"ARITHMETIC"
"Martirosyan-TVT",6,16,328,536736394,"Martirosyan-TVT","plain",536736394,"ARITHMETIC"
"Martirosyan-TVT",6,16,536,688559824,"Martirosyan-TVT","plain",688559824,"ARITHMETIC"
"Martirosyan-TVT",6,16,544,763894833,"Martirosyan-TVT","plain",763894833,"ARITHMETIC"
"Martirosyan-TVT",6,16,545,764132913,"Martirosyan-TVT variant","variant",764132913,"ARITHMETIC"
"Martirosyan-TVT",6,16,546,764370993,"Martirosyan-TVT","plain",764370993,"ARITHMETIC"
"Martirosyan-TVT",6,16,547,777607649,"Martirosyan-TVT variant","variant",777607649,"ARITHMETIC"
"Martirosyan-TVT",6,16,550,793455761,"Martirosyan-TVT","plain",793455761,"ARITHMETIC"
"Martirosyan-TVT",6,16,551,793612673,"Martirosyan-TVT variant","variant",793612673,"ARITHMETIC"
"Martirosyan-TVT",6,16,568,793769841,"Martirosyan-TVT","plain",793769841,"ARITHMETIC"
"Martirosyan-TVT",6,16,577,794752641,"Martirosyan-TVT variant","variant",794752641,"ARITHMETIC"
"Martirosyan-TVT",6,16,578,803804929,"Martirosyan-TVT","plain",803804929,"ARITHMETIC"
"Martirosyan-TVT",6,17,536,896022468,"Martirosyan-TVT","plain",896022468,"ARITHMETIC"
"Martirosyan-TVT",6,18,383,1465937393,"Martirosyan-TVT variant","variant",1465937393,"ARITHMETIC"
"Martirosyan-TVT",6,18,394,1466167559,"Martirosyan-TVT","plain",1466167559,"ARITHMETIC"
"Martirosyan-TVT",6,18,395,1466397725,"Martirosyan-TVT variant","variant",1466397725,"ARITHMETIC"
"Martirosyan-TVT",6,18,398,1466627891,"Martirosyan-TVT","plain",1466627891,"ARITHMETIC"
"Martirosyan-TVT",6,18,399,1466664233,"Martirosyan-TVT variant","variant",1466664233,"ARITHMETIC"
"Martirosyan-TVT",6,18,401,1466700575,"Martirosyan-TVT variant","variant",1466700575,"ARITHMETIC"
"Martirosyan-TVT",6,18,402,1467743133,"Martirosyan-TVT","plain",1467743133,"ARITHMETIC"
"Martirosyan-TVT",6,18,686,2087315755,"Martirosyan-TVT","plain",2087315755,"ARITHMETIC"
"Martirosyan-TVT",6,18,690,2089530889,"Martirosyan-TVT","plain",2089530889,"ARITHMETIC"
"Martirosyan-TVT",6,18,691,2089777435,"Martirosyan-TVT variant","variant",2089777435,"ARITHMETIC"
"Martirosyan-TVT",6,18,722,2090024305,"Martirosyan-TVT","plain",2090024305,"ARITHMETIC"
"Martirosyan-TVT",6,18,723,2098320486,"Martirosyan-TVT variant","variant",2098320486,"ARITHMETIC"
"Martirosyan-TVT",6,18,724,2106616428,"Martirosyan-TVT","plain",2106616428,"ARITHMETIC"
"Martirosyan-TVT",5,20,29,18371790,"Martirosyan-TVT variant","variant",18371790,"ARITHMETIC"
"Martirosyan-TVT",5,20,30,18474010,"Martirosyan-TVT","plain",18474010,"ARITHMETIC"
"Martirosyan-TVT",5,20,32,18817164,"Martirosyan-TVT","plain",18817164,"ARITHMETIC"
"Martirosyan-TVT",5,20,816,111206506,"Martirosyan-TVT","plain",111206506,"ARITHMETIC"
"Martirosyan-TVT",5,20,817,111236773,"Martirosyan-TVT variant","variant",111236773,"ARITHMETIC"
"Martirosyan-TVT",5,20,819,111333993,"Martirosyan-TVT variant","variant",111333993,"ARITHMETIC"
"Martirosyan-TVT",5,20,828,111382603,"Martirosyan-TVT","plain",111382603,"ARITHMETIC"
"Martirosyan-TVT",5,20,860,111462612,"Martirosyan-TVT","plain",111462612,"ARITHMETIC"
"Martirosyan-TVT",5,20,864,111742430,"Martirosyan-TVT","plain",111742430,"ARITHMETIC"
"Martirosyan-TVT",5,20,865,111863422,"Martirosyan-TVT variant","variant",111863422,"ARITHMETIC"
"Martirosyan-TVT",5,20,867,112009252,"Martirosyan-TVT variant","variant",112009252,"ARITHMETIC"
"Martirosyan-TVT",5,20,874,112057862,"Martirosyan-TVT","plain",112057862,"ARITHMETIC"
"Martirosyan-TVT",5,20,912,112137871,"Martirosyan-TVT","plain",112137871,"ARITHMETIC"
"Martirosyan-TVT",5,20,913,112283202,"Martirosyan-TVT variant","variant",112283202,"ARITHMETIC"
"Martirosyan-TVT",5,20,915,112429032,"Martirosyan-TVT variant","variant",112429032,"ARITHMETIC"
"Martirosyan-TVT",5,20,920,112477642,"Martirosyan-TVT","plain",112477642,"ARITHMETIC"
"Martirosyan-TVT",5,20,960,112557651,"Martirosyan-TVT","plain",112557651,"ARITHMETIC"
"Martirosyan-TVT",5,20,961,113474762,"Martirosyan-TVT variant","variant",113474762,"ARITHMETIC"
"Martirosyan-TVT",5,20,986,114495572,"Martirosyan-TVT","plain",114495572,"ARITHMETIC"
"Martirosyan-TVT",5,20,1001,114775390,"Martirosyan-TVT variant","variant",114775390,"ARITHMETIC"
"Martirosyan-TVT",5,20,1005,115504540,"Martirosyan-TVT variant","variant",115504540,"ARITHMETIC"
"Martirosyan-TVT",5,20,1012,115553150,"Martirosyan-TVT","plain",115553150,"ARITHMETIC"
"Martirosyan-TVT",5,20,1013,115553188,"Martirosyan-TVT variant","variant",115553188,"ARITHMETIC"
"Martirosyan-TVT",5,20,1018,115601798,"Martirosyan-TVT","plain",115601798,"ARITHMETIC"
"Martirosyan-TVT",5,20,1019,115622214,"Martirosyan-TVT variant","variant",115622214,"ARITHMETIC"
"Martirosyan-TVT",5,20,1025,115642630,"Martirosyan-TVT variant","variant",115642630,"ARITHMETIC"
"Martirosyan-TVT",5,20,1033,115691284,"Martirosyan-TVT variant","variant",115691284,"ARITHMETIC"
"Martirosyan-TVT",5,20,1037,115739938,"Martirosyan-TVT variant","variant",115739938,"ARITHMETIC"
"Martirosyan-TVT",5,20,1039,115788592,"Martirosyan-TVT variant","variant",115788592,"ARITHMETIC"
"Martirosyan-TVT",5,20,1041,115837246,"Martirosyan-TVT variant","variant",115837246,"ARITHMETIC"
"Martirosyan-TVT",5,20,1057,116372440,"Martirosyan-TVT variant","variant",116372440,"ARITHMETIC"
"Martirosyan-TVT",5,20,1058,116421094,"Martirosyan-TVT","plain",116421094,"ARITHMETIC"
"Martirosyan-TVT",5,20,1067,117045529,"Martirosyan-TVT variant","variant",117045529,"ARITHMETIC"
"Martirosyan-TVT",5,20,1104,117094183,"Martirosyan-TVT","plain",117094183,"ARITHMETIC"
"Martirosyan-TVT",5,20,1105,117316274,"Martirosyan-TVT variant","variant",117316274,"ARITHMETIC"
"Martirosyan-TVT",5,20,1106,117462236,"Martirosyan-TVT","plain",117462236,"ARITHMETIC"
"Martirosyan-TVT",5,20,1107,123992060,"Martirosyan-TVT variant","variant",123992060,"ARITHMETIC"
"Martirosyan-TVT",6,20,35,560386354,"Martirosyan-TVT variant","variant",560386354,"ARITHMETIC"
"Martirosyan-TVT",6,20,36,564544850,"Martirosyan-TVT","plain",564544850,"ARITHMETIC"
"Martirosyan-TVT",6,20,37,576133877,"Martirosyan-TVT variant","variant",576133877,"ARITHMETIC"
"Martirosyan-TVT",6,20,648,5407535000,"Martirosyan-TVT","plain",5407535000,"ARITHMETIC"
"Martirosyan-TVT",6,20,649,5412876140,"Martirosyan-TVT variant","variant",5412876140,"ARITHMETIC"
"Martirosyan-TVT",6,20,664,5422820708,"Martirosyan-TVT","plain",5422820708,"ARITHMETIC"
"Martirosyan-TVT",6,20,672,5423041830,"Martirosyan-TVT","plain",5423041830,"ARITHMETIC"
"Martirosyan-TVT",6,20,673,5433716730,"Martirosyan-TVT variant","variant",5433716730,"ARITHMETIC"
"Martirosyan-TVT",6,20,684,5444391630,"Martirosyan-TVT","plain",5444391630,"ARITHMETIC"
"Martirosyan-TVT",6,20,685,5449742384,"Martirosyan-TVT variant","variant",5449742384,"ARITHMETIC"
"Martirosyan-TVT",6,20,688,5459785112,"Martirosyan-TVT","plain",5459785112,"ARITHMETIC"
"Martirosyan-TVT",6,20,690,5459787202,"Martirosyan-TVT","plain",5459787202,"ARITHMETIC"
"Martirosyan-TVT",6,20,720,5566125566,"Martirosyan-TVT","plain",5566125566,"ARITHMETIC"
"Martirosyan-TVT",6,20,721,5572032058,"Martirosyan-TVT variant","variant",5572032058,"ARITHMETIC"
"Martirosyan-TVT",6,20,722,5577938550,"Martirosyan-TVT","plain",5577938550,"ARITHMETIC"
"Martirosyan-TVT",6,20,724,5664814422,"Martirosyan-TVT","plain",5664814422,"ARITHMETIC"
"Martirosyan-TVT",6,20,760,5957517326,"Martirosyan-TVT","plain",5957517326,"ARITHMETIC"
"Martirosyan-TVT",6,20,768,5962947068,"Martirosyan-TVT","plain",5962947068,"ARITHMETIC"
"Martirosyan-TVT",6,20,769,5972313726,"Martirosyan-TVT variant","variant",5972313726,"ARITHMETIC"
"Martirosyan-TVT",6,20,771,5991862912,"Martirosyan-TVT variant","variant",5991862912,"ARITHMETIC"
"Martirosyan-TVT",6,20,782,5994408544,"Martirosyan-TVT","plain",5994408544,"ARITHMETIC"
"Martirosyan-TVT",6,20,783,5998110013,"Martirosyan-TVT variant","variant",5998110013,"ARITHMETIC"
"Martirosyan-TVT",6,20,800,6001811482,"Martirosyan-TVT","plain",6001811482,"ARITHMETIC"
"Martirosyan-TVT",6,20,816,6012335789,"Martirosyan-TVT","plain",6012335789,"ARITHMETIC"
"Martirosyan-TVT",6,20,817,6013736036,"Martirosyan-TVT variant","variant",6013736036,"ARITHMETIC"
"Martirosyan-TVT",6,20,819,6020250763,"Martirosyan-TVT variant","variant",6020250763,"ARITHMETIC"
"Martirosyan-TVT",6,20,828,6022808003,"Martirosyan-TVT","plain",6022808003,"ARITHMETIC"
"Martirosyan-TVT",6,20,829,6031863245,"Martirosyan-TVT variant","variant",6031863245,"ARITHMETIC"
"Martirosyan-TVT",6,20,860,6035577347,"Martirosyan-TVT","plain",6035577347,"ARITHMETIC"
"Martirosyan-TVT",6,20,864,6040893889,"Martirosyan-TVT","plain",6040893889,"ARITHMETIC"
"Martirosyan-TVT",6,20,865,6046510465,"Martirosyan-TVT variant","variant",6046510465,"ARITHMETIC"
"Martirosyan-TVT",6,20,867,6059862235,"Martirosyan-TVT variant","variant",6059862235,"ARITHMETIC"
"Martirosyan-TVT",6,20,874,6062440633,"Martirosyan-TVT","plain",6062440633,"ARITHMETIC"
"Martirosyan-TVT",6,20,875,6071601321,"Martirosyan-TVT variant","variant",6071601321,"ARITHMETIC"
"Martirosyan-TVT",6,20,912,6075332267,"Martirosyan-TVT","plain",6075332267,"ARITHMETIC"
"Martirosyan-TVT",6,20,913,6082109281,"Martirosyan-TVT variant","variant",6082109281,"ARITHMETIC"
"Martirosyan-TVT",6,20,915,6096692649,"Martirosyan-TVT variant","variant",6096692649,"ARITHMETIC"
"Martirosyan-TVT",6,20,920,6099294767,"Martirosyan-TVT","plain",6099294767,"ARITHMETIC"
"Martirosyan-TVT",6,20,921,6124337507,"Martirosyan-TVT variant","variant",6124337507,"ARITHMETIC"
"Martirosyan-TVT",6,20,960,6128085297,"Martirosyan-TVT","plain",6128085297,"ARITHMETIC"
"Martirosyan-TVT",6,20,961,6171044707,"Martirosyan-TVT variant","variant",6171044707,"ARITHMETIC"
"Martirosyan-TVT",6,20,986,6270852755,"Martirosyan-TVT","plain",6270852755,"ARITHMETIC"
"Martirosyan-TVT",6,20,1001,6276169297,"Martirosyan-TVT variant","variant",6276169297,"ARITHMETIC"
"Martirosyan-TVT",6,20,1005,6316775467,"Martirosyan-TVT variant","variant",6316775467,"ARITHMETIC"
"Martirosyan-TVT",6,20,1012,6319482545,"Martirosyan-TVT","plain",6319482545,"ARITHMETIC"
"Martirosyan-TVT",6,20,1013,6319484399,"Martirosyan-TVT variant","variant",6319484399,"ARITHMETIC"
"Martirosyan-TVT",6,20,1018,6322193335,"Martirosyan-TVT","plain",6322193335,"ARITHMETIC"
"Martirosyan-TVT",6,20,1019,6322728045,"Martirosyan-TVT variant","variant",6322728045,"ARITHMETIC"
"Martirosyan-TVT",6,20,1025,6323263239,"Martirosyan-TVT variant","variant",6323263239,"ARITHMETIC"
"Martirosyan-TVT",6,20,1033,6325970321,"Martirosyan-TVT variant","variant",6325970321,"ARITHMETIC"
"Martirosyan-TVT",6,20,1037,6328677403,"Martirosyan-TVT variant","variant",6328677403,"ARITHMETIC"
"Martirosyan-TVT",6,20,1039,6331384485,"Martirosyan-TVT variant","variant",6331384485,"ARITHMETIC"
"Martirosyan-TVT",6,20,1041,6334091567,"Martirosyan-TVT variant","variant",6334091567,"ARITHMETIC"
"Martirosyan-TVT",6,20,1057,6363869469,"Martirosyan-TVT variant","variant",6363869469,"ARITHMETIC"
"Martirosyan-TVT",6,20,1058,6366576551,"Martirosyan-TVT","plain",6366576551,"ARITHMETIC"
"Martirosyan-TVT",6,20,1059,6397601350,"Martirosyan-TVT variant","variant",6397601350,"ARITHMETIC"
"Martirosyan-TVT",6,20,1060,6428625910,"Martirosyan-TVT","plain",6428625910,"ARITHMETIC"
"Martirosyan-TVT",6,20,1062,6942971490,"Martirosyan-TVT","plain",6942971490,"ARITHMETIC"
"Martirosyan-TVT",6,20,1064,7127856690,"Martirosyan-TVT","plain",7127856690,"ARITHMETIC"
"Martirosyan-TVT",6,20,1066,7271344690,"Martirosyan-TVT","plain",7271344690,"ARITHMETIC"
"Martirosyan-TVT",6,20,1067,7428576078,"Martirosyan-TVT variant","variant",7428576078,"ARITHMETIC"
"Martirosyan-TVT",6,20,1068,7431348890,"Martirosyan-TVT","plain",7431348890,"ARITHMETIC"
"Martirosyan-TVT",6,20,1070,7431525585,"Martirosyan-TVT","plain",7431525585,"ARITHMETIC"
"Martirosyan-TVT",6,20,1072,7501089488,"Martirosyan-TVT","plain",7501089488,"ARITHMETIC"
"Martirosyan-TVT",6,20,1104,7680760238,"Martirosyan-TVT","plain",7680760238,"ARITHMETIC"
"Martirosyan-TVT",6,20,1105,7691806343,"Martirosyan-TVT variant","variant",7691806343,"ARITHMETIC"
"Martirosyan-TVT",6,20,1106,7711241018,"Martirosyan-TVT","plain",7711241018,"ARITHMETIC"
"Martirosyan-TVT",5,21,860,118954103,"Martirosyan-TVT","plain",118954103,"ARITHMETIC"
"Martirosyan-TVT",5,21,865,119233921,"Martirosyan-TVT variant","variant",119233921,"ARITHMETIC"
"Martirosyan-TVT",5,21,961,119282535,"Martirosyan-TVT variant","variant",119282535,"ARITHMETIC"
"Martirosyan-TVT",5,21,986,119331149,"Martirosyan-TVT","plain",119331149,"ARITHMETIC"
"Martirosyan-TVT",5,21,1018,119610967,"Martirosyan-TVT","plain",119610967,"ARITHMETIC"
"Martirosyan-TVT",5,21,1019,119632505,"Martirosyan-TVT variant","variant",119632505,"ARITHMETIC"
"Martirosyan-TVT",5,21,1057,119654043,"Martirosyan-TVT variant","variant",119654043,"ARITHMETIC"
"Martirosyan-TVT",5,21,1058,119702701,"Martirosyan-TVT","plain",119702701,"ARITHMETIC"
"Martirosyan-TVT",5,21,1104,120187441,"Martirosyan-TVT","plain",120187441,"ARITHMETIC"
"Martirosyan-TVT",5,21,1105,120421221,"Martirosyan-TVT variant","variant",120421221,"ARITHMETIC"
"Martirosyan-TVT",5,21,1106,120469879,"Martirosyan-TVT","plain",120469879,"ARITHMETIC"
"Martirosyan-TVT",5,21,1107,127227007,"Martirosyan-TVT variant","variant",127227007,"ARITHMETIC"
"Martirosyan-TVT",6,21,860,6505382358,"Martirosyan-TVT","plain",6505382358,"ARITHMETIC"
"Martirosyan-TVT",6,21,865,6510978718,"Martirosyan-TVT variant","variant",6510978718,"ARITHMETIC"
"Martirosyan-TVT",6,21,961,6513703060,"Martirosyan-TVT variant","variant",6513703060,"ARITHMETIC"
"Martirosyan-TVT",6,21,986,6516427402,"Martirosyan-TVT","plain",6516427402,"ARITHMETIC"
"Martirosyan-TVT",6,21,1018,6522023762,"Martirosyan-TVT","plain",6522023762,"ARITHMETIC"
"Martirosyan-TVT",6,21,1019,6522558516,"Martirosyan-TVT variant","variant",6522558516,"ARITHMETIC"
"Martirosyan-TVT",6,21,1057,6523093754,"Martirosyan-TVT variant","variant",6523093754,"ARITHMETIC"
"Martirosyan-TVT",6,21,1058,6525818096,"Martirosyan-TVT","plain",6525818096,"ARITHMETIC"
"Martirosyan-TVT",6,21,1059,6549570625,"Martirosyan-TVT variant","variant",6549570625,"ARITHMETIC"
"Martirosyan-TVT",6,21,1060,6573322885,"Martirosyan-TVT","plain",6573322885,"ARITHMETIC"
"Martirosyan-TVT",6,21,1062,7145434705,"Martirosyan-TVT","plain",7145434705,"ARITHMETIC"
"Martirosyan-TVT",6,21,1064,7360016485,"Martirosyan-TVT","plain",7360016485,"ARITHMETIC"
"Martirosyan-TVT",6,21,1066,7541532085,"Martirosyan-TVT","plain",7541532085,"ARITHMETIC"
"Martirosyan-TVT",5,22,860,121876002,"Martirosyan-TVT","plain",121876002,"ARITHMETIC"
"Martirosyan-TVT",5,22,986,122155820,"Martirosyan-TVT","plain",122155820,"ARITHMETIC"
"Martirosyan-TVT",5,22,1009,122435638,"Martirosyan-TVT variant","variant",122435638,"ARITHMETIC"
"Martirosyan-TVT",5,22,1018,122484256,"Martirosyan-TVT","plain",122484256,"ARITHMETIC"
"Martirosyan-TVT",5,22,1019,122506476,"Martirosyan-TVT variant","variant",122506476,"ARITHMETIC"
"Martirosyan-TVT",5,22,1058,122528696,"Martirosyan-TVT","plain",122528696,"ARITHMETIC"
"Martirosyan-TVT",5,22,1104,123037673,"Martirosyan-TVT","plain",123037673,"ARITHMETIC"
"Martirosyan-TVT",5,22,1106,123283142,"Martirosyan-TVT","plain",123283142,"ARITHMETIC"
"Martirosyan-TVT",6,22,986,6642753597,"Martirosyan-TVT","plain",6642753597,"ARITHMETIC"
"Martirosyan-TVT",6,22,1009,6648629775,"Martirosyan-TVT variant","variant",6648629775,"ARITHMETIC"
"Martirosyan-TVT",6,22,1018,6651354121,"Martirosyan-TVT","plain",6651354121,"ARITHMETIC"
"Martirosyan-TVT",6,22,1019,6651888919,"Martirosyan-TVT variant","variant",6651888919,"ARITHMETIC"
"Martirosyan-TVT",6,22,1058,6652424201,"Martirosyan-TVT","plain",6652424201,"ARITHMETIC"
"Martirosyan-TVT",6,22,1059,6676903870,"Martirosyan-TVT variant","variant",6676903870,"ARITHMETIC"
"Martirosyan-TVT",6,22,1060,6701383240,"Martirosyan-TVT","plain",6701383240,"ARITHMETIC"
"Martirosyan-TVT",6,22,1062,7330707166,"Martirosyan-TVT","plain",7330707166,"ARITHMETIC"
"Martirosyan-TVT",6,22,1064,7578007450,"Martirosyan-TVT","plain",7578007450,"ARITHMETIC"
"Martirosyan-TVT",5,23,860,124506429,"Martirosyan-TVT","plain",124506429,"ARITHMETIC"
"Martirosyan-TVT",5,23,986,124786247,"Martirosyan-TVT","plain",124786247,"ARITHMETIC"
"Martirosyan-TVT",5,23,1018,125066065,"Martirosyan-TVT","plain",125066065,"ARITHMETIC"
"Martirosyan-TVT",5,23,1019,125088835,"Martirosyan-TVT variant","variant",125088835,"ARITHMETIC"
"Martirosyan-TVT",5,23,1058,125111605,"Martirosyan-TVT","plain",125111605,"ARITHMETIC"
"Martirosyan-TVT",5,23,1106,125901977,"Martirosyan-TVT","plain",125901977,"ARITHMETIC"
"Martirosyan-TVT",6,23,986,6758182644,"Martirosyan-TVT","plain",6758182644,"ARITHMETIC"
"Martirosyan-TVT",6,23,1018,6764338640,"Martirosyan-TVT","plain",6764338640,"ARITHMETIC"
"Martirosyan-TVT",6,23,1019,6764873482,"Martirosyan-TVT variant","variant",6764873482,"ARITHMETIC"
"Martirosyan-TVT",6,23,1058,6765408808,"Martirosyan-TVT","plain",6765408808,"ARITHMETIC"
"Martirosyan-TVT",6,23,1059,6802592547,"Martirosyan-TVT variant","variant",6802592547,"ARITHMETIC"
"Martirosyan-TVT",6,23,1060,6839775957,"Martirosyan-TVT","plain",6839775957,"ARITHMETIC"
"Martirosyan-TVT",6,23,1062,7529036507,"Martirosyan-TVT","plain",7529036507,"ARITHMETIC"
"Martirosyan-TVT",5,24,772,177092768,"Martirosyan-TVT","plain",177092768,"ARITHMETIC"
"Martirosyan-TVT",5,24,782,177107768,"Martirosyan-TVT","plain",177107768,"ARITHMETIC"
"Martirosyan-TVT",5,24,812,177108368,"Martirosyan-TVT","plain",177108368,"ARITHMETIC"
"Martirosyan-TVT",5,24,895,185702168,"Martirosyan-TVT variant","variant",185702168,"ARITHMETIC"
"Martirosyan-TVT",5,24,966,185764614,"Martirosyan-TVT","plain",185764614,"ARITHMETIC"
"Martirosyan-TVT",5,24,1136,186155214,"Martirosyan-TVT","plain",186155214,"ARITHMETIC"
"Martirosyan-TVT",5,24,1151,186545814,"Martirosyan-TVT variant","variant",186545814,"ARITHMETIC"
"Martirosyan-TVT",5,24,1206,186608260,"Martirosyan-TVT","plain",186608260,"ARITHMETIC"
"Martirosyan-TVT",5,24,1207,186637012,"Martirosyan-TVT variant","variant",186637012,"ARITHMETIC"
"Martirosyan-TVT",5,24,1250,186665764,"Martirosyan-TVT","plain",186665764,"ARITHMETIC"
"Martirosyan-TVT",5,24,1272,187382122,"Martirosyan-TVT","plain",187382122,"ARITHMETIC"
"Martirosyan-TVT",5,24,1300,187757122,"Martirosyan-TVT","plain",187757122,"ARITHMETIC"
"Martirosyan-TVT",5,24,1302,188103364,"Martirosyan-TVT","plain",188103364,"ARITHMETIC"
"Martirosyan-TVT",6,24,1136,10997481343,"Martirosyan-TVT","plain",10997481343,"ARITHMETIC"
"Martirosyan-TVT",6,24,1151,11006465143,"Martirosyan-TVT variant","variant",11006465143,"ARITHMETIC"
"Martirosyan-TVT",6,24,1206,11010276389,"Martirosyan-TVT","plain",11010276389,"ARITHMETIC"
"Martirosyan-TVT",6,24,1207,11011025741,"Martirosyan-TVT variant","variant",11011025741,"ARITHMETIC"
"Martirosyan-TVT",6,24,1250,11011775669,"Martirosyan-TVT","plain",11011775669,"ARITHMETIC"
"Martirosyan-TVT",6,24,1251,11049088906,"Martirosyan-TVT variant","variant",11049088906,"ARITHMETIC"
"Martirosyan-TVT",6,24,1252,11086401814,"Martirosyan-TVT","plain",11086401814,"ARITHMETIC"
"Martirosyan-TVT",6,24,1254,12138305710,"Martirosyan-TVT","plain",12138305710,"ARITHMETIC"
"Martirosyan-TVT",6,24,1256,12552265966,"Martirosyan-TVT","plain",12552265966,"ARITHMETIC"
"Martirosyan-TVT",5,25,772,180814275,"Martirosyan-TVT","plain",180814275,"ARITHMETIC"
"Martirosyan-TVT",5,25,782,180829275,"Martirosyan-TVT","plain",180829275,"ARITHMETIC"
"Martirosyan-TVT",5,25,812,180829875,"Martirosyan-TVT","plain",180829875,"ARITHMETIC"
"Martirosyan-TVT",5,25,966,189423675,"Martirosyan-TVT","plain",189423675,"ARITHMETIC"
"Martirosyan-TVT",5,25,1136,189814275,"Martirosyan-TVT","plain",189814275,"ARITHMETIC"
"Martirosyan-TVT",5,25,1206,190204875,"Martirosyan-TVT","plain",190204875,"ARITHMETIC"
"Martirosyan-TVT",5,25,1207,190234275,"Martirosyan-TVT variant","variant",190234275,"ARITHMETIC"
"Martirosyan-TVT",5,25,1250,190263675,"Martirosyan-TVT","plain",190263675,"ARITHMETIC"
"Martirosyan-TVT",5,25,1272,191372475,"Martirosyan-TVT","plain",191372475,"ARITHMETIC"
"Martirosyan-TVT",5,25,1302,191747475,"Martirosyan-TVT","plain",191747475,"ARITHMETIC"
"Martirosyan-TVT",6,25,1136,11171904100,"Martirosyan-TVT","plain",11171904100,"ARITHMETIC"
"Martirosyan-TVT",6,25,1206,11181278500,"Martirosyan-TVT","plain",11181278500,"ARITHMETIC"
"Martirosyan-TVT",6,25,1207,11182027900,"Martirosyan-TVT variant","variant",11182027900,"ARITHMETIC"
"Martirosyan-TVT",6,25,1250,11182777876,"Martirosyan-TVT","plain",11182777876,"ARITHMETIC"
"Martirosyan-TVT",6,25,1251,11239373235,"Martirosyan-TVT variant","variant",11239373235,"ARITHMETIC"
"Martirosyan-TVT",6,25,1252,11295968235,"Martirosyan-TVT","plain",11295968235,"ARITHMETIC"
"Martirosyan-TVT",6,25,1254,12439343235,"Martirosyan-TVT","plain",12439343235,"ARITHMETIC"
