"key","tier","family"
"3 2 1332 Add a factor","ARITHMETIC","Add a factor"
"3 3 4097 Add a factor","ARITHMETIC","Add a factor"
"4 3 4713 Add a factor","ARITHMETIC","Add a factor"
"4 3 4714 Add a factor","ARITH_BELOW","Add a factor"
"4 3 7013 Add a factor","ARITHMETIC","Add a factor"
"3 6 1856 Add a factor","ARITHMETIC","Add a factor"
"3 7 58 Add a factor","ARITHMETIC","Add a factor"
"4 7 3494 Add a factor","ARITHMETIC","Add a factor"
"4 7 3495 Add a factor","ARITH_BELOW","Add a factor"
"4 8 2813 Add a factor","ARITHMETIC","Add a factor"
"4 8 2814 Add a factor","ARITH_BELOW","Add a factor"
"3 9 92 Add a factor","ARITHMETIC","Add a factor"
"4 9 2634 Add a factor","ARITHMETIC","Add a factor"
"4 9 2635 Add a factor","ARITH_BELOW","Add a factor"
"3 10 134 Add a factor","ARITHMETIC","Add a factor"
"4 10 2596 Add a factor","ARITHMETIC","Add a factor"
"4 10 2597 Add a factor","ARITH_BELOW","Add a factor"
"3 11 134 Add a factor","ARITHMETIC","Add a factor"
"4 11 2596 Add a factor","ARITHMETIC","Add a factor"
"4 11 2597 Add a factor","ARITH_BELOW","Add a factor"
"3 12 184 Add a factor","ARITHMETIC","Add a factor"
"4 12 3113 Add a factor","ARITHMETIC","Add a factor"
"4 12 3114 Add a factor","ARITH_BELOW","Add a factor"
"3 13 184 Add a factor","ARITHMETIC","Add a factor"
"4 13 3113 Add a factor","ARITHMETIC","Add a factor"
"3 17 382 Add a factor","ARITHMETIC","Add a factor"
"3 18 382 Add a factor","ARITHMETIC","Add a factor"
"3 19 382 Add a factor","ARITHMETIC","Add a factor"
"4 20 2807 Add a factor","ARITHMETIC","Add a factor"
"4 21 2807 Add a factor","ARITHMETIC","Add a factor"
"4 22 2807 Add a factor","ARITHMETIC","Add a factor"
"4 2 338 Torres-Jimenez","TERMINAL_CLAIMED","terminal (search or published array)"
"4 2 354 Torres-Jimenez","TERMINAL_CLAIMED","terminal (search or published array)"
"3 3 14 Cover starter (Colbourn, Torres-Jimenez)","TERMINAL_CLAIMED","terminal (search or published array)"
"3 3 16 Cover starter (Colbourn, Torres-Jimenez)","TERMINAL_CLAIMED","terminal (search or published array)"
"3 3 17 Torres Jimenez","TERMINAL_CLAIMED","terminal (search or published array)"
"3 3 46 Cover starter (Colbourn, Torres-Jimenez)","TERMINAL_CLAIMED","terminal (search or published array)"
"3 3 47 Cover starter (Colbourn, Torres-Jimenez)","TERMINAL_CLAIMED","terminal (search or published array)"
"3 3 48 Cover starter (Colbourn, Torres-Jimenez)","TERMINAL_CLAIMED","terminal (search or published array)"
"3 3 49 Cover starter (Colbourn, Torres-Jimenez)","TERMINAL_CLAIMED","terminal (search or published array)"
"4 3 12 Torres-Jimenez","TERMINAL_CLAIMED","terminal (search or published array)"
"4 3 13 Torres-Jimenez","TERMINAL_CLAIMED","terminal (search or published array)"
"4 3 433 Cyclotomy shift (AG+TJ+H)","TERMINAL_CLAIMED","terminal (search or published array)"
"4 3 487 Cyclotomy shift (AG+TJ+H)","TERMINAL_CLAIMED","terminal (search or published array)"
"4 3 499 Cyclotomy mult (Colbourn)","TERMINAL_CLAIMED","terminal (search or published array)"
"4 3 523 Cyclotomy shift (AG+TJ+H)","TERMINAL_CLAIMED","terminal (search or published array)"
"5 3 2659 Cyclotomy shift (Colbourn)","TERMINAL_CLAIMED","terminal (search or published array)"
"5 3 2671 Cyclotomy shift (Colbourn)","TERMINAL_CLAIMED","terminal (search or published array)"
"5 3 2683 Cyclotomy shift (Colbourn)","TERMINAL_CLAIMED","terminal (search or published array)"
"6 3 8 Torres-Jimenez","TERMINAL_CLAIMED","terminal (search or published array)"
"2 4 9 Fix 2 symbols (LCDST) postop TJ-SA","TERMINAL_CLAIMED","terminal (search or published array)"
"3 4 10 Torres Jimenez","TERMINAL_CLAIMED","terminal (search or published array)"
"3 4 11 Torres Jimenez","TERMINAL_CLAIMED","terminal (search or published array)"
"3 4 12 Torres Jimenez","TERMINAL_CLAIMED","terminal (search or published array)"
"3 4 18 Torres Jimenez","TERMINAL_CLAIMED","terminal (search or published array)"
"3 4 21 Raaphorst-Moura-Stevens","TERMINAL_CLAIMED","terminal (search or published array)"
"3 4 76 Torres Jimenez","TERMINAL_CLAIMED","terminal (search or published array)"
"2 5 21 cover starter (Colbourn,Torres-Jimenez)","TERMINAL_CLAIMED","terminal (search or published array)"
"3 5 7 Torres Jimenez","TERMINAL_CLAIMED","terminal (search or published array)"
"3 5 31 Raaphorst-Moura-Stevens","TERMINAL_CLAIMED","terminal (search or published array)"
"3 5 82 Torres Jimenez","TERMINAL_CLAIMED","terminal (search or published array)"
"5 5 7 Ji-Li-Yin","TERMINAL_CLAIMED","terminal (search or published array)"
"2 6 13 cover starter (Colbourn,Torres-Jimenez)","TERMINAL_CLAIMED","terminal (search or published array)"
"2 6 18 cover starter (Colbourn,Torres-Jimenez)","TERMINAL_CLAIMED","terminal (search or published array)"
"2 6 19 cover starter (Colbourn,Torres-Jimenez)","TERMINAL_CLAIMED","terminal (search or published array)"
"2 6 20 cover starter (Colbourn,Torres-Jimenez)","TERMINAL_CLAIMED","terminal (search or published array)"
"2 6 22 cover starter (Colbourn,Torres-Jimenez)","TERMINAL_CLAIMED","terminal (search or published array)"
"2 6 23 cover starter (Colbourn,Torres-Jimenez)","TERMINAL_CLAIMED","terminal (search or published array)"
"2 6 24 cover starter (Colbourn,Torres-Jimenez)","TERMINAL_CLAIMED","terminal (search or published array)"
"2 6 26 cover starter (Colbourn,Torres-Jimenez)","TERMINAL_CLAIMED","terminal (search or published array)"
"2 6 28 cover starter (Colbourn,Torres-Jimenez)","TERMINAL_CLAIMED","terminal (search or published array)"
"3 6 7 Torres Jimenez","TERMINAL_CLAIMED","terminal (search or published array)"
"3 6 8 Torres Jimenez","TERMINAL_CLAIMED","terminal (search or published array)"
"3 6 9 Torres Jimenez","TERMINAL_CLAIMED","terminal (search or published array)"
"3 6 10 Torres Jimenez","TERMINAL_CLAIMED","terminal (search or published array)"
"3 6 11 Torres Jimenez","TERMINAL_CLAIMED","terminal (search or published array)"
"3 6 13 Torres Jimenez","TERMINAL_CLAIMED","terminal (search or published array)"
"3 6 17 Torres Jimenez","TERMINAL_CLAIMED","terminal (search or published array)"
"3 6 18 Torres Jimenez","TERMINAL_CLAIMED","terminal (search or published array)"
"4 6 6 Augment OA","TERMINAL_CLAIMED","terminal (search or published array)"
"4 6 2978 Cyclotomy (Colbourn)","TERMINAL_CLAIMED","terminal (search or published array)"
"4 6 6043 Cyclotomy shift (Colbourn)","TERMINAL_CLAIMED","terminal (search or published array)"
"4 6 6607 Cyclotomy shift (Colbourn)","TERMINAL_CLAIMED","terminal (search or published array)"
"4 6 9283 Cyclotomy shift (Colbourn)","TERMINAL_CLAIMED","terminal (search or published array)"
"4 6 9739 Cyclotomy shift (Colbourn)","TERMINAL_CLAIMED","terminal (search or published array)"
"4 6 9883 Cyclotomy shift (Colbourn)","TERMINAL_CLAIMED","terminal (search or published array)"
"4 6 9931 Cyclotomy shift (Colbourn)","TERMINAL_CLAIMED","terminal (search or published array)"
"4 6 10000 Cyclotomy shift (Colbourn)","TERMINAL_CLAIMED","terminal (search or published array)"
"5 6 7 Ji-Li-Yin","TERMINAL_CLAIMED","terminal (search or published array)"
"5 6 9 Torres-Jimenez","TERMINAL_CLAIMED","terminal (search or published array)"
"6 6 8 orthogonal array fuse postop NCK","TERMINAL_CLAIMED","terminal (search or published array)"
"6 6 9 Torres-Jimenez","TERMINAL_CLAIMED","terminal (search or published array)"
"2 7 13 Fix 2 symbols (LCDST) postop NCK","TERMINAL_CLAIMED","terminal (search or published array)"
"2 7 14 Fix 2 symbols (LCDST) postop NCK","TERMINAL_CLAIMED","terminal (search or published array)"
"2 7 15 Fix 2 symbols (LCDST) postop TJ-SA","TERMINAL_CLAIMED","terminal (search or published array)"
"2 7 17 Fix 3 symbols (LCDST) postop TJ-SA","TERMINAL_CLAIMED","terminal (search or published array)"
"2 7 22 cover starter (Colbourn,Torres-Jimenez)","TERMINAL_CLAIMED","terminal (search or published array)"
"2 7 29 cover starter (Colbourn,Torres-Jimenez)","TERMINAL_CLAIMED","terminal (search or published array)"
"3 7 57 Raaphorst-Moura-Stevens","TERMINAL_CLAIMED","terminal (search or published array)"
"5 7 9 orthogonal array fuse postop NCK","TERMINAL_CLAIMED","terminal (search or published array)"
"6 7 9 orthogonal array fuse postop NCK","TERMINAL_CLAIMED","terminal (search or published array)"
"2 8 13 Fix 2 symbols (LCDST) postop TJ-SA","TERMINAL_CLAIMED","terminal (search or published array)"
"2 8 15 Fix 2 symbols (LCDST) postop NCK","TERMINAL_CLAIMED","terminal (search or published array)"
"2 8 16 Fix 2 symbols (LCDST) postop NCK","TERMINAL_CLAIMED","terminal (search or published array)"
"2 8 18 Fix 3 symbols (LCDST) postop TJ-SA","TERMINAL_CLAIMED","terminal (search or published array)"
"2 8 19 Fix 3 symbols (LCDST) postop TJ-SA","TERMINAL_CLAIMED","terminal (search or published array)"
"2 8 20 Fix 3 symbols (LCDST) postop TJ-SA","TERMINAL_CLAIMED","terminal (search or published array)"
"3 8 73 Raaphorst-Moura-Stevens","TERMINAL_CLAIMED","terminal (search or published array)"
"3 8 91 Raaphorst-Moura-Stevens fuse","TERMINAL_CLAIMED","terminal (search or published array)"
"5 8 10 orthogonal array fuse postop NCK","TERMINAL_CLAIMED","terminal (search or published array)"
"6 8 10 orthogonal array fuse postop NCK","TERMINAL_CLAIMED","terminal (search or published array)"
"2 9 14 projection (C) postop NCK","TERMINAL_CLAIMED","terminal (search or published array)"
"2 9 16 Fix 2 symbols (LCDST) postop NCK","TERMINAL_CLAIMED","terminal (search or published array)"
"2 9 17 Fix 2 symbols (LCDST) postop NCK","TERMINAL_CLAIMED","terminal (search or published array)"
"3 9 91 Raaphorst-Moura-Stevens","TERMINAL_CLAIMED","terminal (search or published array)"
"4 9 11 extended OA (Colbourn)","TERMINAL_CLAIMED","terminal (search or published array)"
"5 9 11 extended OA (Colbourn)","TERMINAL_CLAIMED","terminal (search or published array)"
"6 9 11 extended OA (Colbourn)","TERMINAL_CLAIMED","terminal (search or published array)"
"2 10 7 Add Factor SO (AG-TJ-IM)","TERMINAL_CLAIMED","terminal (search or published array)"
"2 10 8 Add Factor SO (AG-TJ-IM)","TERMINAL_CLAIMED","terminal (search or published array)"
"2 10 9 Add Factor SO (AG-TJ-IM)","TERMINAL_CLAIMED","terminal (search or published array)"
"2 10 10 Add Factor SO (AG-TJ-IM)","TERMINAL_CLAIMED","terminal (search or published array)"
"2 10 12 Add Factor SO (AG-TJ-IM)","TERMINAL_CLAIMED","terminal (search or published array)"
"2 10 14 Fix 1 symbols (LCDST)","TERMINAL_CLAIMED","terminal (search or published array)"
"2 10 18 Fix 2 symbols (LCDST) postop TJ-SA","TERMINAL_CLAIMED","terminal (search or published array)"
"2 10 21 Fix 3 symbols (LCDST) postop TJ-SA","TERMINAL_CLAIMED","terminal (search or published array)"
"2 10 22 Fix 3 symbols (LCDST) postop TJ-SA","TERMINAL_CLAIMED","terminal (search or published array)"
"2 10 23 Fix 3 symbols (LCDST) postop TJ-SA","TERMINAL_CLAIMED","terminal (search or published array)"
"2 10 25 Fix 4 symbols (LCDST) postop TJ-SA","TERMINAL_CLAIMED","terminal (search or published array)"
"2 10 26 Fix 4 symbols (LCDST)","TERMINAL_CLAIMED","terminal (search or published array)"
"3 10 133 Raaphorst-Moura-Stevens fuse","TERMINAL_CLAIMED","terminal (search or published array)"
"3 10 398 Cyclotomy (Colbourn) fuse","TERMINAL_CLAIMED","terminal (search or published array)"
"4 10 6 Augment OA","TERMINAL_CLAIMED","terminal (search or published array)"
"4 10 7 orthogonal array fuse postop NCK","TERMINAL_CLAIMED","terminal (search or published array)"
"4 10 8 orthogonal array fuse postop NCK","TERMINAL_CLAIMED","terminal (search or published array)"
"4 10 9 orthogonal array fuse postop NCK","TERMINAL_CLAIMED","terminal (search or published array)"
"4 10 10 orthogonal array fuse postop NCK","TERMINAL_CLAIMED","terminal (search or published array)"
"4 10 11 orthogonal array fuse postop NCK","TERMINAL_CLAIMED","terminal (search or published array)"
"4 10 12 orthogonal array fuse postop NCK","TERMINAL_CLAIMED","terminal (search or published array)"
"4 10 13 orthogonal array fuse fuse fuse postop NCK","TERMINAL_CLAIMED","terminal (search or published array)"
"4 10 14 orthogonal array fuse fuse fuse postop NCK","TERMINAL_CLAIMED","terminal (search or published array)"
"5 10 7 Ji-Li-Yin","TERMINAL_CLAIMED","terminal (search or published array)"
"5 10 8 Add a symbol postop NCK","TERMINAL_CLAIMED","terminal (search or published array)"
"5 10 9 Add a symbol postop NCK","TERMINAL_CLAIMED","terminal (search or published array)"
"5 10 10 orthogonal array fuse postop NCK","TERMINAL_CLAIMED","terminal (search or published array)"
"5 10 11 orthogonal array fuse postop NCK","TERMINAL_CLAIMED","terminal (search or published array)"
"5 10 12 orthogonal array fuse postop NCK","TERMINAL_CLAIMED","terminal (search or published array)"
"5 10 13 extended OA (Colbourn) special fuse postop NCK","TERMINAL_CLAIMED","terminal (search or published array)"
"5 10 14 orthogonal array fuse fuse fuse postop NCK","TERMINAL_CLAIMED","terminal (search or published array)"
"6 10 8 Augment OA","TERMINAL_CLAIMED","terminal (search or published array)"
"6 10 9 Augment OA","TERMINAL_CLAIMED","terminal (search or published array)"
"6 10 10 Augment OA","TERMINAL_CLAIMED","terminal (search or published array)"
"6 10 13 extended OA (Colbourn) special fuse","TERMINAL_CLAIMED","terminal (search or published array)"
"2 11 15 projection (C) postop NCK","TERMINAL_CLAIMED","terminal (search or published array)"
"2 11 19 Fix 2 symbols (LCDST) postop NCK","TERMINAL_CLAIMED","terminal (search or published array)"
"2 11 20 Fix 2 symbols (LCDST) postop TJ-SA","TERMINAL_CLAIMED","terminal (search or published array)"
"2 11 22 Fix 3 symbols (LCDST) postop TJ-SA","TERMINAL_CLAIMED","terminal (search or published array)"
"2 11 23 Fix 3 symbols (LCDST) postop TJ-SA","TERMINAL_CLAIMED","terminal (search or published array)"
"2 11 24 Fix 3 symbols (LCDST) postop TJ-SA","TERMINAL_CLAIMED","terminal (search or published array)"
"2 11 25 Fix 4 symbols (LCDST)","TERMINAL_CLAIMED","terminal (search or published array)"
"2 11 26 Fix 4 symbols (LCDST)","TERMINAL_CLAIMED","terminal (search or published array)"
"2 11 27 Fix 4 symbols (LCDST)","TERMINAL_CLAIMED","terminal (search or published array)"
"3 11 13 orthogonal array fuse fuse postop NCK","TERMINAL_CLAIMED","terminal (search or published array)"
"3 11 14 orthogonal array fuse fuse postop NCK","TERMINAL_CLAIMED","terminal (search or published array)"
"3 11 133 Raaphorst-Moura-Stevens","TERMINAL_CLAIMED","terminal (search or published array)"
"4 11 13 orthogonal array fuse fuse postop NCK","TERMINAL_CLAIMED","terminal (search or published array)"
"4 11 14 orthogonal array fuse fuse postop NCK","TERMINAL_CLAIMED","terminal (search or published array)"
"5 11 13 extended OA (Colbourn)","TERMINAL_CLAIMED","terminal (search or published array)"
"6 11 13 extended OA (Colbourn)","TERMINAL_CLAIMED","terminal (search or published array)"
"2 12 9 Add Factor SO (AG-TJ-IM)","TERMINAL_CLAIMED","terminal (search or published array)"
"2 12 10 Add Factor SO (AG-TJ-IM)","TERMINAL_CLAIMED","terminal (search or published array)"
"2 12 11 Add Factor SO (AG-TJ-IM)","TERMINAL_CLAIMED","terminal (search or published array)"
"2 12 13 orthogonal array fuse postop TJ-SA","TERMINAL_CLAIMED","terminal (search or published array)"
"2 12 17 Fix 1 symbols (LCDST)","TERMINAL_CLAIMED","terminal (search or published array)"
"2 12 22 Fix 2 symbols (LCDST) postop NCK","TERMINAL_CLAIMED","terminal (search or published array)"
"2 12 24 Fix 3 symbols (LCDST) postop TJ-SA","TERMINAL_CLAIMED","terminal (search or published array)"
"2 12 27 Fix 4 symbols (LCDST)","TERMINAL_CLAIMED","terminal (search or published array)"
"2 12 28 Fix 4 symbols (LCDST)","TERMINAL_CLAIMED","terminal (search or published array)"
"2 12 29 Fix 4 symbols (LCDST)","TERMINAL_CLAIMED","terminal (search or published array)"
"3 12 12 orthogonal array fuse postop NCK","TERMINAL_CLAIMED","terminal (search or published array)"
"3 12 13 orthogonal array fuse postop NCK","TERMINAL_CLAIMED","terminal (search or published array)"
"3 12 14 orthogonal array fuse postop NCK","TERMINAL_CLAIMED","terminal (search or published array)"
"3 12 15 orthogonal array fuse fuse fuse fuse postop NCK","TERMINAL_CLAIMED","terminal (search or published array)"
"3 12 16 orthogonal array fuse fuse fuse fuse postop NCK","TERMINAL_CLAIMED","terminal (search or published array)"
"3 12 17 orthogonal array fuse fuse fuse fuse postop NCK","TERMINAL_CLAIMED","terminal (search or published array)"
"3 12 18 orthogonal array fuse fuse fuse fuse postop NCK","TERMINAL_CLAIMED","terminal (search or published array)"
"3 12 183 Raaphorst-Moura-Stevens fuse","TERMINAL_CLAIMED","terminal (search or published array)"
"4 12 6 Augment OA","TERMINAL_CLAIMED","terminal (search or published array)"
"4 12 7 orthogonal array fuse postop NCK","TERMINAL_CLAIMED","terminal (search or published array)"
"4 12 8 orthogonal array fuse postop NCK","TERMINAL_CLAIMED","terminal (search or published array)"
"4 12 9 orthogonal array fuse postop NCK","TERMINAL_CLAIMED","terminal (search or published array)"
"4 12 10 orthogonal array fuse postop NCK","TERMINAL_CLAIMED","terminal (search or published array)"
"4 12 11 orthogonal array fuse postop NCK","TERMINAL_CLAIMED","terminal (search or published array)"
"4 12 12 orthogonal array fuse postop NCK","TERMINAL_CLAIMED","terminal (search or published array)"
"4 12 13 orthogonal array fuse postop NCK","TERMINAL_CLAIMED","terminal (search or published array)"
"4 12 14 orthogonal array fuse postop NCK","TERMINAL_CLAIMED","terminal (search or published array)"
"4 12 15 extended OA (Colbourn) special fuse","TERMINAL_CLAIMED","terminal (search or published array)"
"5 12 7 Augment OA","TERMINAL_CLAIMED","terminal (search or published array)"
"5 12 8 Augment OA","TERMINAL_CLAIMED","terminal (search or published array)"
"5 12 9 Augment OA","TERMINAL_CLAIMED","terminal (search or published array)"
"5 12 10 orthogonal array fuse postop NCK","TERMINAL_CLAIMED","terminal (search or published array)"
"5 12 11 orthogonal array fuse postop NCK","TERMINAL_CLAIMED","terminal (search or published array)"
"5 12 12 orthogonal array fuse postop NCK","TERMINAL_CLAIMED","terminal (search or published array)"
"5 12 13 orthogonal array fuse postop NCK","TERMINAL_CLAIMED","terminal (search or published array)"
"5 12 14 orthogonal array fuse postop NCK","TERMINAL_CLAIMED","terminal (search or published array)"
"5 12 15 extended OA (Colbourn) special fuse","TERMINAL_CLAIMED","terminal (search or published array)"
"6 12 8 Augment OA","TERMINAL_CLAIMED","terminal (search or published array)"
"6 12 9 Augment OA","TERMINAL_CLAIMED","terminal (search or published array)"
"6 12 10 Augment OA","TERMINAL_CLAIMED","terminal (search or published array)"
"6 12 11 Augment OA","TERMINAL_CLAIMED","terminal (search or published array)"
"6 12 15 extended OA (Colbourn) special fuse","TERMINAL_CLAIMED","terminal (search or published array)"
"2 13 22 projection (C) postop NCK","TERMINAL_CLAIMED","terminal (search or published array)"
"2 13 24 Fix 2 symbols (LCDST) postop NCK","TERMINAL_CLAIMED","terminal (search or published array)"
"2 13 28 Fix 4 symbols (LCDST)","TERMINAL_CLAIMED","terminal (search or published array)"
"2 13 29 Fix 4 symbols (LCDST)","TERMINAL_CLAIMED","terminal (search or published array)"
"2 13 30 Fix 4 symbols (LCDST) postop TJ-SA","TERMINAL_CLAIMED","terminal (search or published array)"
"3 13 15 orthogonal array fuse fuse fuse postop NCK","TERMINAL_CLAIMED","terminal (search or published array)"
"3 13 16 orthogonal array fuse fuse fuse postop NCK","TERMINAL_CLAIMED","terminal (search or published array)"
"3 13 17 orthogonal array fuse fuse fuse postop NCK","TERMINAL_CLAIMED","terminal (search or published array)"
"3 13 18 orthogonal array fuse fuse fuse postop NCK","TERMINAL_CLAIMED","terminal (search or published array)"
"3 13 183 Raaphorst-Moura-Stevens","TERMINAL_CLAIMED","terminal (search or published array)"
"3 13 273 Raaphorst-Moura-Stevens fuse fuse fuse","TERMINAL_CLAIMED","terminal (search or published array)"
"4 13 15 extended OA (Colbourn)","TERMINAL_CLAIMED","terminal (search or published array)"
"5 13 15 extended OA (Colbourn)","TERMINAL_CLAIMED","terminal (search or published array)"
"6 13 15 extended OA (Colbourn)","TERMINAL_CLAIMED","terminal (search or published array)"
"2 14 6 orthogonal array","TERMINAL_CLAIMED","terminal (search or published array)"
"2 14 7 Add Factor SO (AG-TJ-IM)","TERMINAL_CLAIMED","terminal (search or published array)"
"2 14 8 Add Factor SO (AG-TJ-IM)","TERMINAL_CLAIMED","terminal (search or published array)"
"2 14 9 Add Factor SO (AG-TJ-IM)","TERMINAL_CLAIMED","terminal (search or published array)"
"2 14 12 Add Factor SO (AG-TJ-IM)","TERMINAL_CLAIMED","terminal (search or published array)"
"2 14 13 Add Factor SO (AG-TJ-IM)","TERMINAL_CLAIMED","terminal (search or published array)"
"2 14 14 Add Factor SO (AG-TJ-IM)","TERMINAL_CLAIMED","terminal (search or published array)"
"2 14 16 Add Factor SO (AG-TJ-IM)","TERMINAL_CLAIMED","terminal (search or published array)"
"2 14 17 Add Factor SO (AG-TJ-IM)","TERMINAL_CLAIMED","terminal (search or published array)"
"2 14 18 projection (C) postop TJ-SA","TERMINAL_CLAIMED","terminal (search or published array)"
"2 14 19 Fix 1 symbols (LCDST)","TERMINAL_CLAIMED","terminal (search or published array)"
"2 14 20 projection (C) postop TJ-SA","TERMINAL_CLAIMED","terminal (search or published array)"
"2 14 25 projection (C) postop NCK","TERMINAL_CLAIMED","terminal (search or published array)"
"2 14 30 Fix 4 symbols (LCDST)","TERMINAL_CLAIMED","terminal (search or published array)"
"2 14 31 Fix 4 symbols (LCDST)","TERMINAL_CLAIMED","terminal (search or published array)"
"2 14 36 Fix 5 symbols (LCDST)","TERMINAL_CLAIMED","terminal (search or published array)"
"2 14 37 Fix 5 symbols (LCDST)","TERMINAL_CLAIMED","terminal (search or published array)"
"3 14 15 orthogonal array fuse fuse postop NCK","TERMINAL_CLAIMED","terminal (search or published array)"
"3 14 16 orthogonal array fuse fuse postop NCK","TERMINAL_CLAIMED","terminal (search or published array)"
"3 14 17 orthogonal array fuse fuse postop NCK","TERMINAL_CLAIMED","terminal (search or published array)"
"3 14 18 orthogonal array fuse fuse postop NCK","TERMINAL_CLAIMED","terminal (search or published array)"
"3 14 273 Raaphorst-Moura-Stevens fuse fuse","TERMINAL_CLAIMED","terminal (search or published array)"
"3 14 307 Raaphorst-Moura-Stevens fuse fuse fuse","TERMINAL_CLAIMED","terminal (search or published array)"
"4 14 6 Augment OA","TERMINAL_CLAIMED","terminal (search or published array)"
"4 14 7 Augment OA","TERMINAL_CLAIMED","terminal (search or published array)"
"4 14 8 Augment OA","TERMINAL_CLAIMED","terminal (search or published array)"
"4 14 9 Augment OA","TERMINAL_CLAIMED","terminal (search or published array)"
"4 14 10 Augment OA","TERMINAL_CLAIMED","terminal (search or published array)"
"4 14 11 Augment OA","TERMINAL_CLAIMED","terminal (search or published array)"
"4 14 12 Augment OA","TERMINAL_CLAIMED","terminal (search or published array)"
"4 14 13 Augment OA","TERMINAL_CLAIMED","terminal (search or published array)"
"4 14 14 Augment OA","TERMINAL_CLAIMED","terminal (search or published array)"
"4 14 15 orthogonal array fuse fuse postop NCK","TERMINAL_CLAIMED","terminal (search or published array)"
"4 14 16 orthogonal array fuse fuse postop NCK","TERMINAL_CLAIMED","terminal (search or published array)"
"4 14 17 orthogonal array fuse fuse postop NCK","TERMINAL_CLAIMED","terminal (search or published array)"
"4 14 18 orthogonal array fuse fuse fuse postop NCK","TERMINAL_CLAIMED","terminal (search or published array)"
"4 14 19 orthogonal array fuse fuse fuse fuse fuse postop NCK","TERMINAL_CLAIMED","terminal (search or published array)"
"4 14 20 orthogonal array fuse fuse fuse fuse fuse postop NCK","TERMINAL_CLAIMED","terminal (search or published array)"
"5 14 7 Augment OA","TERMINAL_CLAIMED","terminal (search or published array)"
"5 14 8 Augment OA","TERMINAL_CLAIMED","terminal (search or published array)"
"5 14 9 Augment OA","TERMINAL_CLAIMED","terminal (search or published array)"
"5 14 10 Augment OA","TERMINAL_CLAIMED","terminal (search or published array)"
"5 14 11 Augment OA","TERMINAL_CLAIMED","terminal (search or published array)"
"5 14 12 Augment OA","TERMINAL_CLAIMED","terminal (search or published array)"
"5 14 13 Augment OA","TERMINAL_CLAIMED","terminal (search or published array)"
"5 14 14 Augment OA","TERMINAL_CLAIMED","terminal (search or published array)"
"6 14 8 Augment OA","TERMINAL_CLAIMED","terminal (search or published array)"
"6 14 9 Augment OA","TERMINAL_CLAIMED","terminal (search or published array)"
"6 14 10 Augment OA","TERMINAL_CLAIMED","terminal (search or published array)"
"6 14 11 Augment OA","TERMINAL_CLAIMED","terminal (search or published array)"
"6 14 12 Augment OA","TERMINAL_CLAIMED","terminal (search or published array)"
"6 14 13 Augment OA","TERMINAL_CLAIMED","terminal (search or published array)"
"6 14 14 Augment OA","TERMINAL_CLAIMED","terminal (search or published array)"
"2 15 6 orthogonal array","TERMINAL_CLAIMED","terminal (search or published array)"
"2 15 7 Add Factor SO (AG-TJ-IM)","TERMINAL_CLAIMED","terminal (search or published array)"
"2 15 8 Add Factor SO (AG-TJ-IM)","TERMINAL_CLAIMED","terminal (search or published array)"
"2 15 9 Add Factor SO (AG-TJ-IM)","TERMINAL_CLAIMED","terminal (search or published array)"
"2 15 10 Add Factor SO (AG-TJ-IM)","TERMINAL_CLAIMED","terminal (search or published array)"
"2 15 12 Add Factor SO (AG-TJ-IM)","TERMINAL_CLAIMED","terminal (search or published array)"
"2 15 15 Add Factor SO (AG-TJ-IM)","TERMINAL_CLAIMED","terminal (search or published array)"
"2 15 17 Add Factor SO (AG-TJ-IM)","TERMINAL_CLAIMED","terminal (search or published array)"
"2 15 19 projection (C) postop NCK","TERMINAL_CLAIMED","terminal (search or published array)"
"2 15 20 projection (C) postop TJ-SA","TERMINAL_CLAIMED","terminal (search or published array)"
"2 15 21 projection (C) postop NCK","TERMINAL_CLAIMED","terminal (search or published array)"
"2 15 22 projection (C) postop NCK","TERMINAL_CLAIMED","terminal (search or published array)"
"2 15 23 projection (C) postop NCK","TERMINAL_CLAIMED","terminal (search or published array)"
"2 15 24 projection (C) postop NCK","TERMINAL_CLAIMED","terminal (search or published array)"
"2 15 32 Fix 4 symbols (LCDST)","TERMINAL_CLAIMED","terminal (search or published array)"
"2 15 33 Fix 4 symbols (LCDST)","TERMINAL_CLAIMED","terminal (search or published array)"
"2 15 34 Fix 4 symbols (LCDST)","TERMINAL_CLAIMED","terminal (search or published array)"
"2 15 36 Fix 5 symbols (LCDST)","TERMINAL_CLAIMED","terminal (search or published array)"
"2 15 37 Fix 5 symbols (LCDST)","TERMINAL_CLAIMED","terminal (search or published array)"
"2 15 38 Fix 5 symbols (LCDST)","TERMINAL_CLAIMED","terminal (search or published array)"
"3 15 7 orthogonal array fuse postop NCK","TERMINAL_CLAIMED","terminal (search or published array)"
"3 15 8 orthogonal array fuse postop NCK","TERMINAL_CLAIMED","terminal (search or published array)"
"3 15 9 orthogonal array fuse postop NCK","TERMINAL_CLAIMED","terminal (search or published array)"
"3 15 10 orthogonal array fuse postop NCK","TERMINAL_CLAIMED","terminal (search or published array)"
"3 15 11 orthogonal array fuse postop NCK","TERMINAL_CLAIMED","terminal (search or published array)"
"3 15 12 orthogonal array fuse postop NCK","TERMINAL_CLAIMED","terminal (search or published array)"
"3 15 13 orthogonal array fuse postop NCK","TERMINAL_CLAIMED","terminal (search or published array)"
"3 15 14 orthogonal array fuse postop NCK","TERMINAL_CLAIMED","terminal (search or published array)"
"3 15 15 orthogonal array fuse postop NCK","TERMINAL_CLAIMED","terminal (search or published array)"
"3 15 16 orthogonal array fuse postop NCK","TERMINAL_CLAIMED","terminal (search or published array)"
"3 15 18 orthogonal array fuse postop NCK","TERMINAL_CLAIMED","terminal (search or published array)"
"3 15 19 orthogonal array fuse fuse fuse fuse postop NCK","TERMINAL_CLAIMED","terminal (search or published array)"
"3 15 20 orthogonal array fuse fuse fuse fuse postop NCK","TERMINAL_CLAIMED","terminal (search or published array)"
"3 15 273 Raaphorst-Moura-Stevens fuse","TERMINAL_CLAIMED","terminal (search or published array)"
"3 15 307 Raaphorst-Moura-Stevens fuse fuse","TERMINAL_CLAIMED","terminal (search or published array)"
"3 15 381 Raaphorst-Moura-Stevens fuse fuse fuse fuse","TERMINAL_CLAIMED","terminal (search or published array)"
"4 15 7 orthogonal array fuse postop NCK","TERMINAL_CLAIMED","terminal (search or published array)"
"4 15 8 orthogonal array fuse postop NCK","TERMINAL_CLAIMED","terminal (search or published array)"
"4 15 9 orthogonal array fuse postop NCK","TERMINAL_CLAIMED","terminal (search or published array)"
"4 15 10 orthogonal array fuse postop NCK","TERMINAL_CLAIMED","terminal (search or published array)"
"4 15 11 orthogonal array fuse postop NCK","TERMINAL_CLAIMED","terminal (search or published array)"
"4 15 13 orthogonal array fuse postop NCK","TERMINAL_CLAIMED","terminal (search or published array)"
"4 15 14 orthogonal array fuse postop NCK","TERMINAL_CLAIMED","terminal (search or published array)"
"4 15 15 orthogonal array fuse postop NCK","TERMINAL_CLAIMED","terminal (search or published array)"
"4 15 18 orthogonal array fuse fuse postop NCK","TERMINAL_CLAIMED","terminal (search or published array)"
"4 15 19 orthogonal array fuse fuse fuse fuse postop NCK","TERMINAL_CLAIMED","terminal (search or published array)"
"4 15 20 orthogonal array fuse fuse fuse fuse postop NCK","TERMINAL_CLAIMED","terminal (search or published array)"
"5 15 7 Ji-Li-Yin","TERMINAL_CLAIMED","terminal (search or published array)"
"6 15 8 Augment OA","TERMINAL_CLAIMED","terminal (search or published array)"
"2 16 20 projection (C) postop NCK","TERMINAL_CLAIMED","terminal (search or published array)"
"2 16 21 projection (C) postop NCK","TERMINAL_CLAIMED","terminal (search or published array)"
"2 16 22 projection (C) postop NCK","TERMINAL_CLAIMED","terminal (search or published array)"
"2 16 23 projection (C) postop NCK","TERMINAL_CLAIMED","terminal (search or published array)"
"2 16 36 Fix 5 symbols (LCDST)","TERMINAL_CLAIMED","terminal (search or published array)"
"2 16 38 Fix 5 symbols (LCDST)","TERMINAL_CLAIMED","terminal (search or published array)"
"3 16 19 orthogonal array fuse fuse fuse postop NCK","TERMINAL_CLAIMED","terminal (search or published array)"
"3 16 20 orthogonal array fuse fuse fuse postop NCK","TERMINAL_CLAIMED","terminal (search or published array)"
"3 16 273 Raaphorst-Moura-Stevens","TERMINAL_CLAIMED","terminal (search or published array)"
"3 16 307 Raaphorst-Moura-Stevens fuse","TERMINAL_CLAIMED","terminal (search or published array)"
"3 16 381 Raaphorst-Moura-Stevens fuse fuse fuse","TERMINAL_CLAIMED","terminal (search or published array)"
"2 17 19 projection (C) postop NCK","TERMINAL_CLAIMED","terminal (search or published array)"
"2 17 20 projection (C) postop NCK","TERMINAL_CLAIMED","terminal (search or published array)"
"2 17 21 projection (C) postop NCK","TERMINAL_CLAIMED","terminal (search or published array)"
"2 17 22 projection (C) postop TJ-SA","TERMINAL_CLAIMED","terminal (search or published array)"
"2 17 23 Add a symbol (binary)","TERMINAL_CLAIMED","terminal (search or published array)"
"2 17 24 projection (C) postop NCK","TERMINAL_CLAIMED","terminal (search or published array)"
"2 17 25 projection (C) postop NCK","TERMINAL_CLAIMED","terminal (search or published array)"
"2 17 26 projection (C) postop NCK","TERMINAL_CLAIMED","terminal (search or published array)"
"2 17 27 projection (C) postop NCK","TERMINAL_CLAIMED","terminal (search or published array)"
"2 17 28 projection (C) postop NCK","TERMINAL_CLAIMED","terminal (search or published array)"
"2 17 29 projection (C) postop NCK","TERMINAL_CLAIMED","terminal (search or published array)"
"2 17 30 projection (C) postop NCK","TERMINAL_CLAIMED","terminal (search or published array)"
"3 17 19 orthogonal array fuse fuse postop NCK","TERMINAL_CLAIMED","terminal (search or published array)"
"3 17 20 orthogonal array fuse fuse postop NCK","TERMINAL_CLAIMED","terminal (search or published array)"
"3 17 307 Raaphorst-Moura-Stevens","TERMINAL_CLAIMED","terminal (search or published array)"
"3 17 381 Raaphorst-Moura-Stevens fuse fuse","TERMINAL_CLAIMED","terminal (search or published array)"
"6 17 19 extended OA (Colbourn)","TERMINAL_CLAIMED","terminal (search or published array)"
"2 18 7 orthogonal array","TERMINAL_CLAIMED","terminal (search or published array)"
"2 18 9 Add Factor SO (AG-TJ-IM)","TERMINAL_CLAIMED","terminal (search or published array)"
"2 18 10 Add Factor SO (AG-TJ-IM)","TERMINAL_CLAIMED","terminal (search or published array)"
"2 18 13 Add Factor SO (AG-TJ-IM)","TERMINAL_CLAIMED","terminal (search or published array)"
"2 18 14 Add Factor SO (AG-TJ-IM)","TERMINAL_CLAIMED","terminal (search or published array)"
"2 18 17 Add Factor SO (AG-TJ-IM)","TERMINAL_CLAIMED","terminal (search or published array)"
"2 18 20 Add Factor SO (AG-TJ-IM)","TERMINAL_CLAIMED","terminal (search or published array)"
"2 18 23 projection (C) postop NCK","TERMINAL_CLAIMED","terminal (search or published array)"
"2 18 24 projection (C) postop NCK","TERMINAL_CLAIMED","terminal (search or published array)"
"2 18 25 projection (C) postop NCK","TERMINAL_CLAIMED","terminal (search or published array)"
"2 18 26 projection (C) postop NCK","TERMINAL_CLAIMED","terminal (search or published array)"
"2 18 27 projection (C) postop NCK","TERMINAL_CLAIMED","terminal (search or published array)"
"2 18 28 projection (C) postop NCK","TERMINAL_CLAIMED","terminal (search or published array)"
"2 18 29 projection (C) postop NCK","TERMINAL_CLAIMED","terminal (search or published array)"
"2 18 33 projection (C) postop NCK","TERMINAL_CLAIMED","terminal (search or published array)"
"2 18 40 Fix 4 symbols (LCDST)","TERMINAL_CLAIMED","terminal (search or published array)"
"2 18 42 Fix 5 symbols (LCDST)","TERMINAL_CLAIMED","terminal (search or published array)"
"2 18 44 Fix 6 symbols (LCDST)","TERMINAL_CLAIMED","terminal (search or published array)"
"2 18 45 Fix 6 symbols (LCDST)","TERMINAL_CLAIMED","terminal (search or published array)"
"2 18 46 Fix 6 symbols (LCDST)","TERMINAL_CLAIMED","terminal (search or published array)"
"3 18 12 orthogonal array fuse postop NCK","TERMINAL_CLAIMED","terminal (search or published array)"
"3 18 13 orthogonal array fuse postop NCK","TERMINAL_CLAIMED","terminal (search or published array)"
"3 18 15 orthogonal array fuse postop NCK","TERMINAL_CLAIMED","terminal (search or published array)"
"3 18 16 orthogonal array fuse postop NCK","TERMINAL_CLAIMED","terminal (search or published array)"
"3 18 20 orthogonal array fuse postop NCK","TERMINAL_CLAIMED","terminal (search or published array)"
"3 18 21 orthogonal array fuse fuse fuse fuse fuse postop NCK","TERMINAL_CLAIMED","terminal (search or published array)"
"3 18 22 orthogonal array fuse fuse fuse fuse fuse postop NCK","TERMINAL_CLAIMED","terminal (search or published array)"
"3 18 23 orthogonal array fuse fuse fuse fuse fuse postop NCK","TERMINAL_CLAIMED","terminal (search or published array)"
"3 18 24 orthogonal array fuse fuse fuse fuse fuse postop NCK","TERMINAL_CLAIMED","terminal (search or published array)"
"3 18 381 Raaphorst-Moura-Stevens fuse","TERMINAL_CLAIMED","terminal (search or published array)"
"4 18 7 Augment OA","TERMINAL_CLAIMED","terminal (search or published array)"
"4 18 8 orthogonal array fuse postop NCK","TERMINAL_CLAIMED","terminal (search or published array)"
"4 18 9 orthogonal array fuse postop NCK","TERMINAL_CLAIMED","terminal (search or published array)"
"4 18 10 orthogonal array fuse postop NCK","TERMINAL_CLAIMED","terminal (search or published array)"
"4 18 11 orthogonal array fuse postop NCK","TERMINAL_CLAIMED","terminal (search or published array)"
"4 18 12 orthogonal array fuse postop NCK","TERMINAL_CLAIMED","terminal (search or published array)"
"4 18 13 orthogonal array fuse postop NCK","TERMINAL_CLAIMED","terminal (search or published array)"
"4 18 21 extended OA (Colbourn) special fuse","TERMINAL_CLAIMED","terminal (search or published array)"
"5 18 7 Ji-Li-Yin","TERMINAL_CLAIMED","terminal (search or published array)"
"5 18 8 Augment OA","TERMINAL_CLAIMED","terminal (search or published array)"
"5 18 9 Augment OA","TERMINAL_CLAIMED","terminal (search or published array)"
"5 18 21 extended OA (Colbourn) special fuse","TERMINAL_CLAIMED","terminal (search or published array)"
"6 18 8 Augment OA","TERMINAL_CLAIMED","terminal (search or published array)"
"6 18 9 Augment OA","TERMINAL_CLAIMED","terminal (search or published array)"
"6 18 10 Augment OA","TERMINAL_CLAIMED","terminal (search or published array)"
"6 18 11 Augment OA","TERMINAL_CLAIMED","terminal (search or published array)"
"6 18 21 extended OA (Colbourn) special fuse","TERMINAL_CLAIMED","terminal (search or published array)"
"2 19 21 Add a symbol (binary)","TERMINAL_CLAIMED","terminal (search or published array)"
"2 19 22 projection (C) postop NCK","TERMINAL_CLAIMED","terminal (search or published array)"
"2 19 24 projection (C) postop NCK","TERMINAL_CLAIMED","terminal (search or published array)"
"2 19 25 projection (C) postop NCK","TERMINAL_CLAIMED","terminal (search or published array)"
"2 19 26 projection (C) postop NCK","TERMINAL_CLAIMED","terminal (search or published array)"
"2 19 27 projection (C) postop NCK","TERMINAL_CLAIMED","terminal (search or published array)"
"2 19 28 projection (C) postop TJ-SA","TERMINAL_CLAIMED","terminal (search or published array)"
"2 19 29 projection (C) postop NCK","TERMINAL_CLAIMED","terminal (search or published array)"
"2 19 30 projection (C) postop NCK","TERMINAL_CLAIMED","terminal (search or published array)"
"2 19 31 projection (C) postop NCK","TERMINAL_CLAIMED","terminal (search or published array)"
"2 19 32 projection (C) postop NCK","TERMINAL_CLAIMED","terminal (search or published array)"
"2 19 33 projection (C) postop NCK","TERMINAL_CLAIMED","terminal (search or published array)"
"2 19 34 projection (C) postop NCK","TERMINAL_CLAIMED","terminal (search or published array)"
"2 19 35 projection (C) postop NCK","TERMINAL_CLAIMED","terminal (search or published array)"
"2 19 36 projection (C) postop NCK","TERMINAL_CLAIMED","terminal (search or published array)"
"2 19 45 Fix 6 symbols (LCDST)","TERMINAL_CLAIMED","terminal (search or published array)"
"2 19 46 Fix 6 symbols (LCDST)","TERMINAL_CLAIMED","terminal (search or published array)"
"2 19 47 Fix 6 symbols (LCDST)","TERMINAL_CLAIMED","terminal (search or published array)"
"3 19 21 orthogonal array fuse fuse fuse fuse postop NCK","TERMINAL_CLAIMED","terminal (search or published array)"
"3 19 22 orthogonal array fuse fuse fuse fuse postop NCK","TERMINAL_CLAIMED","terminal (search or published array)"
"3 19 23 orthogonal array fuse fuse fuse fuse postop NCK","TERMINAL_CLAIMED","terminal (search or published array)"
"3 19 24 orthogonal array fuse fuse fuse fuse postop NCK","TERMINAL_CLAIMED","terminal (search or published array)"
"3 19 381 Raaphorst-Moura-Stevens","TERMINAL_CLAIMED","terminal (search or published array)"
"3 19 553 Raaphorst-Moura-Stevens fuse fuse fuse fuse","TERMINAL_CLAIMED","terminal (search or published array)"
"4 19 21 extended OA (Colbourn)","TERMINAL_CLAIMED","terminal (search or published array)"
"5 19 21 extended OA (Colbourn)","TERMINAL_CLAIMED","terminal (search or published array)"
"6 19 21 extended OA (Colbourn)","TERMINAL_CLAIMED","terminal (search or published array)"
"2 20 6 orthogonal array","TERMINAL_CLAIMED","terminal (search or published array)"
"2 20 7 Add Factor SO (AG-TJ-IM)","TERMINAL_CLAIMED","terminal (search or published array)"
"2 20 9 Add Factor SO (AG-TJ-IM)","TERMINAL_CLAIMED","terminal (search or published array)"
"2 20 10 Add Factor SO (AG-TJ-IM)","TERMINAL_CLAIMED","terminal (search or published array)"
"2 20 13 Add Factor SO (AG-TJ-IM)","TERMINAL_CLAIMED","terminal (search or published array)"
"2 20 14 Add Factor SO (AG-TJ-IM)","TERMINAL_CLAIMED","terminal (search or published array)"
"2 20 16 Add Factor SO (AG-TJ-IM)","TERMINAL_CLAIMED","terminal (search or published array)"
"2 20 17 Add Factor SO (AG-TJ-IM)","TERMINAL_CLAIMED","terminal (search or published array)"
"2 20 18 Add Factor SO (AG-TJ-IM)","TERMINAL_CLAIMED","terminal (search or published array)"
"2 20 19 Add Factor SO (AG-TJ-IM)","TERMINAL_CLAIMED","terminal (search or published array)"
"2 20 20 Add Factor SO (AG-TJ-IM)","TERMINAL_CLAIMED","terminal (search or published array)"
"2 20 22 Add Factor SO (AG-TJ-IM)","TERMINAL_CLAIMED","terminal (search or published array)"
"2 20 24 Add Factor SO (AG-TJ-IM)","TERMINAL_CLAIMED","terminal (search or published array)"
"2 20 25 projection (C) postop NCK","TERMINAL_CLAIMED","terminal (search or published array)"
"2 20 26 projection (C) postop NCK","TERMINAL_CLAIMED","terminal (search or published array)"
"2 20 27 projection (C) postop TJ-SA","TERMINAL_CLAIMED","terminal (search or published array)"
"2 20 28 projection (C) postop NCK","TERMINAL_CLAIMED","terminal (search or published array)"
"2 20 29 projection (C) postop NCK","TERMINAL_CLAIMED","terminal (search or published array)"
"2 20 30 projection (C) postop NCK","TERMINAL_CLAIMED","terminal (search or published array)"
"2 20 31 projection (C) postop NCK","TERMINAL_CLAIMED","terminal (search or published array)"
"2 20 32 projection (C) postop NCK","TERMINAL_CLAIMED","terminal (search or published array)"
"2 20 33 projection (C) postop NCK","TERMINAL_CLAIMED","terminal (search or published array)"
"2 20 34 projection (C) postop NCK","TERMINAL_CLAIMED","terminal (search or published array)"
"2 20 35 projection (C) postop NCK","TERMINAL_CLAIMED","terminal (search or published array)"
"2 20 36 projection (C) postop NCK","TERMINAL_CLAIMED","terminal (search or published array)"
"2 20 39 projection (C) postop NCK","TERMINAL_CLAIMED","terminal (search or published array)"
"2 20 43 Fix 5 symbols (LCDST) postop TJ-SA","TERMINAL_CLAIMED","terminal (search or published array)"
"2 20 45 Fix 5 symbols (LCDST) postop TJ-SA","TERMINAL_CLAIMED","terminal (search or published array)"
"2 20 47 Fix 5 symbols (LCDST)","TERMINAL_CLAIMED","terminal (search or published array)"
"2 20 49 Fix 6 symbols (LCDST)","TERMINAL_CLAIMED","terminal (search or published array)"
"2 20 50 Fix 6 symbols (LCDST)","TERMINAL_CLAIMED","terminal (search or published array)"
"2 20 51 Fix 6 symbols (LCDST)","TERMINAL_CLAIMED","terminal (search or published array)"
"3 20 21 orthogonal array fuse fuse fuse postop NCK","TERMINAL_CLAIMED","terminal (search or published array)"
"3 20 22 orthogonal array fuse fuse fuse postop NCK","TERMINAL_CLAIMED","terminal (search or published array)"
"3 20 23 orthogonal array fuse fuse fuse postop NCK","TERMINAL_CLAIMED","terminal (search or published array)"
"3 20 24 orthogonal array fuse fuse fuse postop NCK","TERMINAL_CLAIMED","terminal (search or published array)"
"3 20 25 orthogonal array fuse fuse fuse fuse fuse postop NCK","TERMINAL_CLAIMED","terminal (search or published array)"
"3 20 26 orthogonal array fuse fuse fuse fuse fuse postop NCK","TERMINAL_CLAIMED","terminal (search or published array)"
"3 20 553 Raaphorst-Moura-Stevens fuse fuse fuse","TERMINAL_CLAIMED","terminal (search or published array)"
"3 20 651 Raaphorst-Moura-Stevens fuse fuse fuse fuse fuse","TERMINAL_CLAIMED","terminal (search or published array)"
"4 20 6 Augment OA","TERMINAL_CLAIMED","terminal (search or published array)"
"4 20 7 Augment OA","TERMINAL_CLAIMED","terminal (search or published array)"
"4 20 8 Augment OA","TERMINAL_CLAIMED","terminal (search or published array)"
"4 20 9 Augment OA","TERMINAL_CLAIMED","terminal (search or published array)"
"4 20 10 Augment OA","TERMINAL_CLAIMED","terminal (search or published array)"
"4 20 11 Augment OA","TERMINAL_CLAIMED","terminal (search or published array)"
"4 20 12 Augment OA","TERMINAL_CLAIMED","terminal (search or published array)"
"4 20 13 Augment OA","TERMINAL_CLAIMED","terminal (search or published array)"
"4 20 14 Augment OA","TERMINAL_CLAIMED","terminal (search or published array)"
"4 20 15 Augment OA","TERMINAL_CLAIMED","terminal (search or published array)"
"4 20 16 Augment OA","TERMINAL_CLAIMED","terminal (search or published array)"
"4 20 17 Augment OA","TERMINAL_CLAIMED","terminal (search or published array)"
"4 20 18 Augment OA","TERMINAL_CLAIMED","terminal (search or published array)"
"4 20 19 Augment OA","TERMINAL_CLAIMED","terminal (search or published array)"
"4 20 20 Augment OA","TERMINAL_CLAIMED","terminal (search or published array)"
"4 20 24 orthogonal array fuse fuse fuse postop NCK","TERMINAL_CLAIMED","terminal (search or published array)"
"4 20 25 orthogonal array fuse fuse fuse fuse fuse postop NCK","TERMINAL_CLAIMED","terminal (search or published array)"
"4 20 26 orthogonal array fuse fuse fuse fuse fuse postop NCK","TERMINAL_CLAIMED","terminal (search or published array)"
"4 20 27 orthogonal array fuse fuse fuse fuse fuse fuse fuse postop NCK","TERMINAL_CLAIMED","terminal (search or published array)"
"4 20 28 orthogonal array fuse fuse fuse fuse fuse fuse fuse postop NCK","TERMINAL_CLAIMED","terminal (search or published array)"
"5 20 7 Augment OA","TERMINAL_CLAIMED","terminal (search or published array)"
"5 20 8 Augment OA","TERMINAL_CLAIMED","terminal (search or published array)"
"5 20 9 Augment OA","TERMINAL_CLAIMED","terminal (search or published array)"
"5 20 10 Augment OA","TERMINAL_CLAIMED","terminal (search or published array)"
"5 20 11 Augment OA","TERMINAL_CLAIMED","terminal (search or published array)"
"5 20 12 Augment OA","TERMINAL_CLAIMED","terminal (search or published array)"
"5 20 13 Augment OA","TERMINAL_CLAIMED","terminal (search or published array)"
"5 20 14 Augment OA","TERMINAL_CLAIMED","terminal (search or published array)"
"5 20 15 Augment OA","TERMINAL_CLAIMED","terminal (search or published array)"
"5 20 16 Augment OA","TERMINAL_CLAIMED","terminal (search or published array)"
"5 20 17 Augment OA","TERMINAL_CLAIMED","terminal (search or published array)"
"5 20 18 Augment OA","TERMINAL_CLAIMED","terminal (search or published array)"
"5 20 19 Augment OA","TERMINAL_CLAIMED","terminal (search or published array)"
"5 20 20 Augment OA","TERMINAL_CLAIMED","terminal (search or published array)"
"6 20 8 Augment OA","TERMINAL_CLAIMED","terminal (search or published array)"
"6 20 9 Augment OA","TERMINAL_CLAIMED","terminal (search or published array)"
"6 20 10 Augment OA","TERMINAL_CLAIMED","terminal (search or published array)"
"6 20 11 Augment OA","TERMINAL_CLAIMED","terminal (search or published array)"
"6 20 12 Augment OA","TERMINAL_CLAIMED","terminal (search or published array)"
"6 20 13 Augment OA","TERMINAL_CLAIMED","terminal (search or published array)"
"6 20 14 Augment OA","TERMINAL_CLAIMED","terminal (search or published array)"
"6 20 15 Augment OA","TERMINAL_CLAIMED","terminal (search or published array)"
"6 20 16 Augment OA","TERMINAL_CLAIMED","terminal (search or published array)"
"6 20 17 Augment OA","TERMINAL_CLAIMED","terminal (search or published array)"
"6 20 18 Augment OA","TERMINAL_CLAIMED","terminal (search or published array)"
"6 20 19 Augment OA","TERMINAL_CLAIMED","terminal (search or published array)"
"6 20 20 Augment OA","TERMINAL_CLAIMED","terminal (search or published array)"
"2 21 7 orthogonal array","TERMINAL_CLAIMED","terminal (search or published array)"
"2 21 8 Add Factor SO (AG-TJ-IM)","TERMINAL_CLAIMED","terminal (search or published array)"
"2 21 9 Add Factor SO (AG-TJ-IM)","TERMINAL_CLAIMED","terminal (search or published array)"
"2 21 10 Add Factor SO (AG-TJ-IM)","TERMINAL_CLAIMED","terminal (search or published array)"
"2 21 11 Add Factor SO (AG-TJ-IM)","TERMINAL_CLAIMED","terminal (search or published array)"
"2 21 12 Add Factor SO (AG-TJ-IM)","TERMINAL_CLAIMED","terminal (search or published array)"
"2 21 13 Add Factor SO (AG-TJ-IM)","TERMINAL_CLAIMED","terminal (search or published array)"
"2 21 14 Add Factor SO (AG-TJ-IM)","TERMINAL_CLAIMED","terminal (search or published array)"
"2 21 15 Add Factor SO (AG-TJ-IM)","TERMINAL_CLAIMED","terminal (search or published array)"
"2 21 16 Add Factor SO (AG-TJ-IM)","TERMINAL_CLAIMED","terminal (search or published array)"
"2 21 17 Add Factor SO (AG-TJ-IM)","TERMINAL_CLAIMED","terminal (search or published array)"
"2 21 18 Add Factor SO (AG-TJ-IM)","TERMINAL_CLAIMED","terminal (search or published array)"
"2 21 20 Add Factor SO (AG-TJ-IM)","TERMINAL_CLAIMED","terminal (search or published array)"
"2 21 21 Add Factor SO (AG-TJ-IM)","TERMINAL_CLAIMED","terminal (search or published array)"
"2 21 23 Add Factor SO (AG-TJ-IM)","TERMINAL_CLAIMED","terminal (search or published array)"
"2 21 24 Add Factor SO (AG-TJ-IM)","TERMINAL_CLAIMED","terminal (search or published array)"
"2 21 25 projection (C) postop NCK","TERMINAL_CLAIMED","terminal (search or published array)"
"2 21 26 projection (C) postop TJ-SA","TERMINAL_CLAIMED","terminal (search or published array)"
"2 21 27 projection (C) postop NCK","TERMINAL_CLAIMED","terminal (search or published array)"
"2 21 28 projection (C) postop NCK","TERMINAL_CLAIMED","terminal (search or published array)"
"2 21 29 projection (C) postop NCK","TERMINAL_CLAIMED","terminal (search or published array)"
"2 21 30 projection (C) postop NCK","TERMINAL_CLAIMED","terminal (search or published array)"
"2 21 31 projection (C) postop NCK","TERMINAL_CLAIMED","terminal (search or published array)"
"2 21 33 projection (C) postop NCK","TERMINAL_CLAIMED","terminal (search or published array)"
"2 21 34 projection (C) postop NCK","TERMINAL_CLAIMED","terminal (search or published array)"
"2 21 35 projection (C) postop NCK","TERMINAL_CLAIMED","terminal (search or published array)"
"2 21 36 projection (C) postop NCK","TERMINAL_CLAIMED","terminal (search or published array)"
"2 21 37 projection (C) postop NCK","TERMINAL_CLAIMED","terminal (search or published array)"
"2 21 38 projection (C) postop NCK","TERMINAL_CLAIMED","terminal (search or published array)"
"2 21 42 projection (C) postop NCK","TERMINAL_CLAIMED","terminal (search or published array)"
"3 21 7 orthogonal array fuse fuse postop NCK","TERMINAL_CLAIMED","terminal (search or published array)"
"3 21 8 orthogonal array fuse fuse postop NCK","TERMINAL_CLAIMED","terminal (search or published array)"
"3 21 9 orthogonal array fuse fuse postop NCK","TERMINAL_CLAIMED","terminal (search or published array)"
"3 21 10 orthogonal array fuse fuse postop NCK","TERMINAL_CLAIMED","terminal (search or published array)"
"3 21 11 orthogonal array fuse fuse postop NCK","TERMINAL_CLAIMED","terminal (search or published array)"
"3 21 12 orthogonal array fuse fuse postop NCK","TERMINAL_CLAIMED","terminal (search or published array)"
"3 21 13 orthogonal array fuse fuse postop NCK","TERMINAL_CLAIMED","terminal (search or published array)"
"3 21 14 orthogonal array fuse fuse postop NCK","TERMINAL_CLAIMED","terminal (search or published array)"
"3 21 15 orthogonal array fuse fuse postop NCK","TERMINAL_CLAIMED","terminal (search or published array)"
"3 21 16 orthogonal array fuse fuse postop NCK","TERMINAL_CLAIMED","terminal (search or published array)"
"3 21 17 orthogonal array fuse fuse postop NCK","TERMINAL_CLAIMED","terminal (search or published array)"
"3 21 18 orthogonal array fuse fuse postop NCK","TERMINAL_CLAIMED","terminal (search or published array)"
"3 21 19 orthogonal array fuse fuse postop NCK","TERMINAL_CLAIMED","terminal (search or published array)"
"3 21 20 orthogonal array fuse fuse postop NCK","TERMINAL_CLAIMED","terminal (search or published array)"
"3 21 21 orthogonal array fuse fuse postop NCK","TERMINAL_CLAIMED","terminal (search or published array)"
"3 21 22 orthogonal array fuse fuse postop NCK","TERMINAL_CLAIMED","terminal (search or published array)"
"3 21 23 orthogonal array fuse fuse postop NCK","TERMINAL_CLAIMED","terminal (search or published array)"
"3 21 24 orthogonal array fuse fuse postop NCK","TERMINAL_CLAIMED","terminal (search or published array)"
"3 21 25 orthogonal array fuse fuse fuse fuse postop NCK","TERMINAL_CLAIMED","terminal (search or published array)"
"3 21 26 orthogonal array fuse fuse fuse fuse postop NCK","TERMINAL_CLAIMED","terminal (search or published array)"
"3 21 27 orthogonal array fuse fuse fuse fuse fuse fuse postop NCK","TERMINAL_CLAIMED","terminal (search or published array)"
"3 21 28 orthogonal array fuse fuse fuse fuse fuse fuse postop NCK","TERMINAL_CLAIMED","terminal (search or published array)"
"3 21 553 Raaphorst-Moura-Stevens fuse fuse","TERMINAL_CLAIMED","terminal (search or published array)"
"3 21 651 Raaphorst-Moura-Stevens fuse fuse fuse fuse","TERMINAL_CLAIMED","terminal (search or published array)"
"3 21 757 Raaphorst-Moura-Stevens fuse fuse fuse fuse fuse fuse","TERMINAL_CLAIMED","terminal (search or published array)"
"4 21 7 orthogonal array fuse fuse postop NCK","TERMINAL_CLAIMED","terminal (search or published array)"
"4 21 8 orthogonal array fuse fuse postop NCK","TERMINAL_CLAIMED","terminal (search or published array)"
"4 21 9 orthogonal array fuse fuse postop NCK","TERMINAL_CLAIMED","terminal (search or published array)"
"4 21 10 orthogonal array fuse fuse postop NCK","TERMINAL_CLAIMED","terminal (search or published array)"
"4 21 11 orthogonal array fuse fuse postop NCK","TERMINAL_CLAIMED","terminal (search or published array)"
"4 21 12 orthogonal array fuse fuse postop NCK","TERMINAL_CLAIMED","terminal (search or published array)"
"4 21 13 orthogonal array fuse fuse postop NCK","TERMINAL_CLAIMED","terminal (search or published array)"
"4 21 14 orthogonal array fuse fuse postop NCK","TERMINAL_CLAIMED","terminal (search or published array)"
"4 21 15 orthogonal array fuse fuse postop NCK","TERMINAL_CLAIMED","terminal (search or published array)"
"4 21 16 orthogonal array fuse fuse postop NCK","TERMINAL_CLAIMED","terminal (search or published array)"
"4 21 25 orthogonal array fuse fuse fuse fuse postop NCK","TERMINAL_CLAIMED","terminal (search or published array)"
"5 21 7 Ji-Li-Yin","TERMINAL_CLAIMED","terminal (search or published array)"
"5 21 8 Augment OA","TERMINAL_CLAIMED","terminal (search or published array)"
"5 21 9 Augment OA","TERMINAL_CLAIMED","terminal (search or published array)"
"6 21 8 Augment OA","TERMINAL_CLAIMED","terminal (search or published array)"
"6 21 9 Augment OA","TERMINAL_CLAIMED","terminal (search or published array)"
"6 21 10 Augment OA","TERMINAL_CLAIMED","terminal (search or published array)"
"6 21 11 Augment OA","TERMINAL_CLAIMED","terminal (search or published array)"
"2 22 5 orthogonal array","TERMINAL_CLAIMED","terminal (search or published array)"
"2 22 8 Add Factor SO (AG-TJ-IM)","TERMINAL_CLAIMED","terminal (search or published array)"
"2 22 9 Add Factor SO (AG-TJ-IM)","TERMINAL_CLAIMED","terminal (search or published array)"
"2 22 10 Add Factor SO (AG-TJ-IM)","TERMINAL_CLAIMED","terminal (search or published array)"
"2 22 11 Add Factor SO (AG-TJ-IM)","TERMINAL_CLAIMED","terminal (search or published array)"
"2 22 13 Add Factor SO (AG-TJ-IM)","TERMINAL_CLAIMED","terminal (search or published array)"
"2 22 14 Add Factor SO (AG-TJ-IM)","TERMINAL_CLAIMED","terminal (search or published array)"
"2 22 19 Add Factor SO (AG-TJ-IM)","TERMINAL_CLAIMED","terminal (search or published array)"
"2 22 24 Add Factor SO (AG-TJ-IM)","TERMINAL_CLAIMED","terminal (search or published array)"
"2 22 26 projection (C) postop NCK","TERMINAL_CLAIMED","terminal (search or published array)"
"2 22 27 projection (C) postop NCK","TERMINAL_CLAIMED","terminal (search or published array)"
"2 22 28 projection (C) postop NCK","TERMINAL_CLAIMED","terminal (search or published array)"
"2 22 29 projection (C) postop TJ-SA","TERMINAL_CLAIMED","terminal (search or published array)"
"2 22 30 projection (C) postop NCK","TERMINAL_CLAIMED","terminal (search or published array)"
"2 22 31 projection (C) postop NCK","TERMINAL_CLAIMED","terminal (search or published array)"
"2 22 32 projection (C) postop NCK","TERMINAL_CLAIMED","terminal (search or published array)"
"2 22 33 projection (C) postop NCK","TERMINAL_CLAIMED","terminal (search or published array)"
"2 22 34 projection (C) postop NCK","TERMINAL_CLAIMED","terminal (search or published array)"
"2 22 35 projection (C) postop NCK","TERMINAL_CLAIMED","terminal (search or published array)"
"2 22 36 projection (C) postop NCK","TERMINAL_CLAIMED","terminal (search or published array)"
"2 22 37 projection (C) postop NCK","TERMINAL_CLAIMED","terminal (search or published array)"
"2 22 38 projection (C) postop NCK","TERMINAL_CLAIMED","terminal (search or published array)"
"2 22 39 projection (C) postop NCK","TERMINAL_CLAIMED","terminal (search or published array)"
"2 22 40 projection (C) postop NCK","TERMINAL_CLAIMED","terminal (search or published array)"
"2 22 41 projection (C) postop NCK","TERMINAL_CLAIMED","terminal (search or published array)"
"2 22 42 projection (C) postop NCK","TERMINAL_CLAIMED","terminal (search or published array)"
"2 22 43 projection (C) postop NCK","TERMINAL_CLAIMED","terminal (search or published array)"
"2 22 54 Fix 6 symbols (LCDST)","TERMINAL_CLAIMED","terminal (search or published array)"
"3 22 7 orthogonal array fuse postop NCK","TERMINAL_CLAIMED","terminal (search or published array)"
"3 22 8 orthogonal array fuse postop NCK","TERMINAL_CLAIMED","terminal (search or published array)"
"3 22 9 orthogonal array fuse postop NCK","TERMINAL_CLAIMED","terminal (search or published array)"
"3 22 10 orthogonal array fuse postop NCK","TERMINAL_CLAIMED","terminal (search or published array)"
"3 22 11 orthogonal array fuse postop NCK","TERMINAL_CLAIMED","terminal (search or published array)"
"3 22 12 orthogonal array fuse postop NCK","TERMINAL_CLAIMED","terminal (search or published array)"
"3 22 13 orthogonal array fuse postop NCK","TERMINAL_CLAIMED","terminal (search or published array)"
"3 22 16 orthogonal array fuse postop NCK","TERMINAL_CLAIMED","terminal (search or published array)"
"3 22 17 orthogonal array fuse postop NCK","TERMINAL_CLAIMED","terminal (search or published array)"
"3 22 18 orthogonal array fuse postop NCK","TERMINAL_CLAIMED","terminal (search or published array)"
"3 22 25 orthogonal array fuse fuse fuse postop NCK","TERMINAL_CLAIMED","terminal (search or published array)"
"3 22 26 orthogonal array fuse fuse fuse postop NCK","TERMINAL_CLAIMED","terminal (search or published array)"
"3 22 27 orthogonal array fuse fuse fuse fuse fuse postop NCK","TERMINAL_CLAIMED","terminal (search or published array)"
"3 22 28 orthogonal array fuse fuse fuse fuse fuse postop NCK","TERMINAL_CLAIMED","terminal (search or published array)"
"3 22 553 Raaphorst-Moura-Stevens fuse","TERMINAL_CLAIMED","terminal (search or published array)"
"3 22 651 Raaphorst-Moura-Stevens fuse fuse fuse","TERMINAL_CLAIMED","terminal (search or published array)"
"3 22 757 Raaphorst-Moura-Stevens fuse fuse fuse fuse fuse","TERMINAL_CLAIMED","terminal (search or published array)"
"4 22 6 orthogonal array fuse postop NCK","TERMINAL_CLAIMED","terminal (search or published array)"
"4 22 7 orthogonal array fuse postop NCK","TERMINAL_CLAIMED","terminal (search or published array)"
"4 22 8 orthogonal array fuse postop NCK","TERMINAL_CLAIMED","terminal (search or published array)"
"4 22 9 orthogonal array fuse postop NCK","TERMINAL_CLAIMED","terminal (search or published array)"
"4 22 10 orthogonal array fuse postop NCK","TERMINAL_CLAIMED","terminal (search or published array)"
"4 22 11 orthogonal array fuse postop NCK","TERMINAL_CLAIMED","terminal (search or published array)"
"4 22 12 orthogonal array fuse postop NCK","TERMINAL_CLAIMED","terminal (search or published array)"
"5 22 7 Add a symbol","TERMINAL_CLAIMED","terminal (search or published array)"
"2 23 26 projection (C) postop NCK","TERMINAL_CLAIMED","terminal (search or published array)"
"2 23 27 projection (C) postop NCK","TERMINAL_CLAIMED","terminal (search or published array)"
"2 23 28 projection (C) postop TJ-SA","TERMINAL_CLAIMED","terminal (search or published array)"
"2 23 29 projection (C) postop NCK","TERMINAL_CLAIMED","terminal (search or published array)"
"2 23 30 projection (C) postop NCK","TERMINAL_CLAIMED","terminal (search or published array)"
"2 23 31 projection (C) postop NCK","TERMINAL_CLAIMED","terminal (search or published array)"
"2 23 32 projection (C) postop TJ-SA","TERMINAL_CLAIMED","terminal (search or published array)"
"2 23 34 projection (C) postop NCK","TERMINAL_CLAIMED","terminal (search or published array)"
"2 23 35 projection (C) postop NCK","TERMINAL_CLAIMED","terminal (search or published array)"
"2 23 36 projection (C) postop NCK","TERMINAL_CLAIMED","terminal (search or published array)"
"2 23 37 projection (C) postop NCK","TERMINAL_CLAIMED","terminal (search or published array)"
"2 23 38 projection (C) postop NCK","TERMINAL_CLAIMED","terminal (search or published array)"
"2 23 39 projection (C) postop NCK","TERMINAL_CLAIMED","terminal (search or published array)"
"2 23 40 projection (C) postop NCK","TERMINAL_CLAIMED","terminal (search or published array)"
"2 23 41 projection (C) postop NCK","TERMINAL_CLAIMED","terminal (search or published array)"
"2 23 42 projection (C) postop NCK","TERMINAL_CLAIMED","terminal (search or published array)"
"3 23 25 orthogonal array fuse fuse postop NCK","TERMINAL_CLAIMED","terminal (search or published array)"
"3 23 26 orthogonal array fuse fuse postop NCK","TERMINAL_CLAIMED","terminal (search or published array)"
"3 23 27 orthogonal array fuse fuse fuse fuse postop NCK","TERMINAL_CLAIMED","terminal (search or published array)"
"3 23 28 orthogonal array fuse fuse fuse fuse postop NCK","TERMINAL_CLAIMED","terminal (search or published array)"
"3 23 553 Raaphorst-Moura-Stevens","TERMINAL_CLAIMED","terminal (search or published array)"
"3 23 651 Raaphorst-Moura-Stevens fuse fuse","TERMINAL_CLAIMED","terminal (search or published array)"
"3 23 757 Raaphorst-Moura-Stevens fuse fuse fuse fuse","TERMINAL_CLAIMED","terminal (search or published array)"
"2 24 9 orthogonal array","TERMINAL_CLAIMED","terminal (search or published array)"
"2 24 10 Add Factor SO (AG-TJ-IM)","TERMINAL_CLAIMED","terminal (search or published array)"
"2 24 11 Add Factor SO (AG-TJ-IM)","TERMINAL_CLAIMED","terminal (search or published array)"
"2 24 12 Add Factor SO (AG-TJ-IM)","TERMINAL_CLAIMED","terminal (search or published array)"
"2 24 13 Add Factor SO (AG-TJ-IM)","TERMINAL_CLAIMED","terminal (search or published array)"
"2 24 16 Add Factor SO (AG-TJ-IM)","TERMINAL_CLAIMED","terminal (search or published array)"
"2 24 20 Add Factor SO (AG-TJ-IM)","TERMINAL_CLAIMED","terminal (search or published array)"
"2 24 22 orthogonal array fuse postop TJ-SA","TERMINAL_CLAIMED","terminal (search or published array)"
"2 24 28 projection (C) postop NCK","TERMINAL_CLAIMED","terminal (search or published array)"
"2 24 29 projection (C) postop NCK","TERMINAL_CLAIMED","terminal (search or published array)"
"2 24 30 projection (C) postop NCK","TERMINAL_CLAIMED","terminal (search or published array)"
"2 24 31 projection (C) postop TJ-SA","TERMINAL_CLAIMED","terminal (search or published array)"
"2 24 32 projection (C) postop NCK","TERMINAL_CLAIMED","terminal (search or published array)"
"2 24 33 projection (C) postop NCK","TERMINAL_CLAIMED","terminal (search or published array)"
"2 24 34 projection (C) postop TJ-SA","TERMINAL_CLAIMED","terminal (search or published array)"
"2 24 35 projection (C) postop TJ-SA","TERMINAL_CLAIMED","terminal (search or published array)"
"2 24 37 projection (C) postop NCK","TERMINAL_CLAIMED","terminal (search or published array)"
"2 24 38 projection (C) postop NCK","TERMINAL_CLAIMED","terminal (search or published array)"
"2 24 39 projection (C) postop NCK","TERMINAL_CLAIMED","terminal (search or published array)"
"2 24 40 projection (C) postop NCK","TERMINAL_CLAIMED","terminal (search or published array)"
"2 24 41 projection (C) postop NCK","TERMINAL_CLAIMED","terminal (search or published array)"
"2 24 42 Add a symbol (binary)","TERMINAL_CLAIMED","terminal (search or published array)"
"3 24 6 orthogonal array (Ji-Yin)","TERMINAL_CLAIMED","terminal (search or published array)"
"3 24 13 orthogonal array fuse postop NCK","TERMINAL_CLAIMED","terminal (search or published array)"
"3 24 14 orthogonal array fuse postop NCK","TERMINAL_CLAIMED","terminal (search or published array)"
"3 24 15 orthogonal array fuse postop NCK","TERMINAL_CLAIMED","terminal (search or published array)"
"3 24 27 orthogonal array fuse fuse fuse postop NCK","TERMINAL_CLAIMED","terminal (search or published array)"
"3 24 28 orthogonal array fuse fuse fuse postop NCK","TERMINAL_CLAIMED","terminal (search or published array)"
"3 24 29 orthogonal array fuse fuse fuse fuse fuse postop NCK","TERMINAL_CLAIMED","terminal (search or published array)"
"3 24 30 orthogonal array fuse fuse fuse fuse fuse postop NCK","TERMINAL_CLAIMED","terminal (search or published array)"
"3 24 31 orthogonal array fuse fuse fuse fuse fuse fuse fuse postop NCK","TERMINAL_CLAIMED","terminal (search or published array)"
"3 24 32 orthogonal array fuse fuse fuse fuse fuse fuse fuse postop NCK","TERMINAL_CLAIMED","terminal (search or published array)"
"3 24 651 Raaphorst-Moura-Stevens fuse","TERMINAL_CLAIMED","terminal (search or published array)"
"3 24 757 Raaphorst-Moura-Stevens fuse fuse fuse","TERMINAL_CLAIMED","terminal (search or published array)"
"3 24 871 Raaphorst-Moura-Stevens fuse fuse fuse fuse fuse","TERMINAL_CLAIMED","terminal (search or published array)"
"4 24 6 Augment OA","TERMINAL_CLAIMED","terminal (search or published array)"
"4 24 7 Augment OA","TERMINAL_CLAIMED","terminal (search or published array)"
"4 24 8 Augment OA","TERMINAL_CLAIMED","terminal (search or published array)"
"4 24 9 orthogonal array fuse postop NCK","TERMINAL_CLAIMED","terminal (search or published array)"
"4 24 10 orthogonal array fuse postop NCK","TERMINAL_CLAIMED","terminal (search or published array)"
"4 24 11 orthogonal array fuse postop NCK","TERMINAL_CLAIMED","terminal (search or published array)"
"4 24 12 orthogonal array fuse postop NCK","TERMINAL_CLAIMED","terminal (search or published array)"
"5 24 7 Augment OA","TERMINAL_CLAIMED","terminal (search or published array)"
"5 24 8 Augment OA","TERMINAL_CLAIMED","terminal (search or published array)"
"5 24 9 Augment OA","TERMINAL_CLAIMED","terminal (search or published array)"
"6 24 8 Augment OA","TERMINAL_CLAIMED","terminal (search or published array)"
"6 24 9 Augment OA","TERMINAL_CLAIMED","terminal (search or published array)"
"6 24 10 Augment OA","TERMINAL_CLAIMED","terminal (search or published array)"
"6 24 11 Augment OA","TERMINAL_CLAIMED","terminal (search or published array)"
"2 25 28 projection (C) postop TJ-SA","TERMINAL_CLAIMED","terminal (search or published array)"
"2 25 29 projection (C) postop NCK","TERMINAL_CLAIMED","terminal (search or published array)"
"2 25 30 projection (C) postop TJ-SA","TERMINAL_CLAIMED","terminal (search or published array)"
"2 25 31 projection (C) postop NCK","TERMINAL_CLAIMED","terminal (search or published array)"
"2 25 32 projection (C) postop NCK","TERMINAL_CLAIMED","terminal (search or published array)"
"2 25 33 projection (C) postop NCK","TERMINAL_CLAIMED","terminal (search or published array)"
"2 25 34 projection (C) postop TJ-SA","TERMINAL_CLAIMED","terminal (search or published array)"
"2 25 35 projection (C) postop NCK","TERMINAL_CLAIMED","terminal (search or published array)"
"2 25 36 projection (C) postop NCK","TERMINAL_CLAIMED","terminal (search or published array)"
"2 25 37 projection (C) postop NCK","TERMINAL_CLAIMED","terminal (search or published array)"
"2 25 38 projection (C) postop TJ-SA","TERMINAL_CLAIMED","terminal (search or published array)"
"2 25 39 projection (C) postop NCK","TERMINAL_CLAIMED","terminal (search or published array)"
"2 25 40 projection (C) postop NCK","TERMINAL_CLAIMED","terminal (search or published array)"
"2 25 41 Add a symbol (binary)","TERMINAL_CLAIMED","terminal (search or published array)"
"2 25 50 projection (C) postop TJ-SA","TERMINAL_CLAIMED","terminal (search or published array)"
"3 25 30 orthogonal array fuse fuse fuse fuse postop NCK","TERMINAL_CLAIMED","terminal (search or published array)"
"3 25 32 orthogonal array fuse fuse fuse fuse fuse fuse postop NCK","TERMINAL_CLAIMED","terminal (search or published array)"
"3 25 651 Raaphorst-Moura-Stevens","TERMINAL_CLAIMED","terminal (search or published array)"
"3 25 757 Raaphorst-Moura-Stevens fuse fuse","TERMINAL_CLAIMED","terminal (search or published array)"
"3 25 871 Raaphorst-Moura-Stevens fuse fuse fuse fuse","TERMINAL_CLAIMED","terminal (search or published array)"
"3 25 993 Raaphorst-Moura-Stevens fuse fuse fuse fuse fuse fuse","TERMINAL_CLAIMED","terminal (search or published array)"
