"family","t","v","k","N","Source","N_pred","tier"
"Martirosyan-Colbourn",6,3,678,60140,"Martirosyan-Colbourn",60140,"ARITHMETIC"
"Martirosyan-Colbourn",6,3,700,65212,"Martirosyan-Colbourn",65212,"ARITHMETIC"
"Martirosyan-Colbourn",5,4,2366,45519,"Martirosyan-Colbourn",45519,"ARITHMETIC"
"Martirosyan-Colbourn",5,4,2372,45534,"Martirosyan-Colbourn",45534,"ARITHMETIC"
"Martirosyan-Colbourn",5,4,2374,45549,"Martirosyan-Colbourn",45534,"ARITH_ABOVE"
"Martirosyan-Colbourn",5,4,2400,45564,"Martirosyan-Colbourn",45564,"ARITHMETIC"
"Martirosyan-Colbourn",5,4,2410,46065,"Martirosyan-Colbourn",46065,"ARITHMETIC"
"Martirosyan-Colbourn",5,4,2752,49140,"Martirosyan-Colbourn",49140,"ARITHMETIC"
"Martirosyan-Colbourn",5,4,3000,49308,"Martirosyan-Colbourn",49308,"ARITHMETIC"
"Martirosyan-Colbourn",5,4,3312,50178,"Martirosyan-Colbourn",50178,"ARITHMETIC"
"Martirosyan-Colbourn",5,4,3600,50184,"Martirosyan-Colbourn",50184,"ARITHMETIC"
"Martirosyan-Colbourn",5,4,3856,50358,"Martirosyan-Colbourn",50358,"ARITHMETIC"
"Martirosyan-Colbourn",5,4,4320,50439,"Martirosyan-Colbourn",50439,"ARITHMETIC"
"Martirosyan-Colbourn",5,4,4322,57363,"Martirosyan-Colbourn",57363,"ARITHMETIC"
"Martirosyan-Colbourn",5,4,4324,60243,"Martirosyan-Colbourn",60243,"ARITHMETIC"
"Martirosyan-Colbourn",5,4,4326,61011,"Martirosyan-Colbourn",61011,"ARITHMETIC"
"Martirosyan-Colbourn",5,4,4328,61779,"Martirosyan-Colbourn",61779,"ARITHMETIC"
"Martirosyan-Colbourn",5,4,4330,65413,"Martirosyan-Colbourn",65413,"ARITHMETIC"
"Martirosyan-Colbourn",5,4,4332,71583,"Martirosyan-Colbourn",71583,"ARITHMETIC"
"Martirosyan-Colbourn",5,4,4334,72351,"Martirosyan-Colbourn",72351,"ARITHMETIC"
"Martirosyan-Colbourn",5,4,4336,73119,"Martirosyan-Colbourn",73119,"ARITHMETIC"
"Martirosyan-Colbourn",5,4,7780,82446,"Martirosyan-Colbourn",82446,"ARITHMETIC"
"Martirosyan-Colbourn",5,4,8640,82447,"Martirosyan-Colbourn",82447,"ARITHMETIC"
"Martirosyan-Colbourn",5,5,2412,140566,"Martirosyan-Colbourn",140566,"ARITHMETIC"
"Martirosyan-Colbourn",5,5,2604,140590,"Martirosyan-Colbourn",140590,"ARITHMETIC"
"Martirosyan-Colbourn",5,5,2754,141166,"Martirosyan-Colbourn",141166,"ARITHMETIC"
"Martirosyan-Colbourn",5,5,3200,144290,"Martirosyan-Colbourn",144290,"ARITHMETIC"
"Martirosyan-Colbourn",5,5,3262,146786,"Martirosyan-Colbourn",146786,"ARITHMETIC"
"Martirosyan-Colbourn",5,5,3284,146810,"Martirosyan-Colbourn",146810,"ARITHMETIC"
"Martirosyan-Colbourn",5,5,3600,147386,"Martirosyan-Colbourn",147386,"ARITHMETIC"
"Martirosyan-Colbourn",5,5,4206,150510,"Martirosyan-Colbourn",150510,"ARITHMETIC"
"Martirosyan-Colbourn",5,5,4210,150534,"Martirosyan-Colbourn",150534,"ARITHMETIC"
"Martirosyan-Colbourn",5,5,4214,150558,"Martirosyan-Colbourn",150558,"ARITHMETIC"
"Martirosyan-Colbourn",5,5,4800,151110,"Martirosyan-Colbourn",151110,"ARITHMETIC"
"Martirosyan-Colbourn",5,5,4802,170650,"Martirosyan-Colbourn",170650,"ARITHMETIC"
"Martirosyan-Colbourn",5,5,4804,180150,"Martirosyan-Colbourn",180150,"ARITHMETIC"
"Martirosyan-Colbourn",5,5,4806,182650,"Martirosyan-Colbourn",182650,"ARITHMETIC"
"Martirosyan-Colbourn",5,5,4810,185150,"Martirosyan-Colbourn",185150,"ARITHMETIC"
"Martirosyan-Colbourn",5,6,722,360760,"Martirosyan-Colbourn",360760,"ARITH_INFERRED"
"Martirosyan-Colbourn",5,6,836,363154,"Martirosyan-Colbourn",363154,"ARITH_INFERRED"
"Martirosyan-Colbourn",5,6,894,365212,"Martirosyan-Colbourn",365212,"ARITH_INFERRED"
"Martirosyan-Colbourn",5,6,902,365506,"Martirosyan-Colbourn",365506,"ARITH_INFERRED"
"Martirosyan-Colbourn",5,6,908,365548,"Martirosyan-Colbourn",365548,"ARITH_INFERRED"
"Martirosyan-Colbourn",5,6,910,365608,"Martirosyan-Colbourn",365608,"ARITH_INFERRED"
"Martirosyan-Colbourn",5,6,990,375166,"Martirosyan-Colbourn",375166,"ARITH_INFERRED"
"Martirosyan-Colbourn",5,6,1092,377560,"Martirosyan-Colbourn",377560,"ARITH_INFERRED"
"Martirosyan-Colbourn",5,6,1184,379954,"Martirosyan-Colbourn",379954,"ARITH_INFERRED"
"Martirosyan-Colbourn",5,6,1256,382012,"Martirosyan-Colbourn",382012,"ARITH_INFERRED"
"Martirosyan-Colbourn",5,6,1320,382306,"Martirosyan-Colbourn",382306,"ARITH_INFERRED"
"Martirosyan-Colbourn",5,6,1322,382348,"Martirosyan-Colbourn",382348,"ARITH_INFERRED"
"Martirosyan-Colbourn",5,6,1358,391966,"Martirosyan-Colbourn",391966,"ARITH_INFERRED"
"Martirosyan-Colbourn",5,6,1404,394360,"Martirosyan-Colbourn",394360,"ARITH_INFERRED"
"Martirosyan-Colbourn",5,6,1406,439000,"Martirosyan-Colbourn",439000,"ARITH_INFERRED"
"Martirosyan-Colbourn",5,6,1408,460780,"Martirosyan-Colbourn",460780,"ARITH_INFERRED"
"Martirosyan-Colbourn",5,6,1412,489336,"Martirosyan-Colbourn",489336,"ARITH_INFERRED"
"Martirosyan-Colbourn",5,6,1414,493281,"Martirosyan-Colbourn",493281,"ARITH_INFERRED"
"Martirosyan-Colbourn",5,6,1418,519184,"Martirosyan-Colbourn",519184,"ARITH_INFERRED"
"Martirosyan-Colbourn",5,6,1444,541503,"Martirosyan-Colbourn",541503,"ARITH_INFERRED"
"Martirosyan-Colbourn",5,6,1672,543897,"Martirosyan-Colbourn",543897,"ARITH_INFERRED"
"Martirosyan-Colbourn",5,6,1788,545955,"Martirosyan-Colbourn",545955,"ARITH_INFERRED"
"Martirosyan-Colbourn",5,6,1804,546249,"Martirosyan-Colbourn",546249,"ARITH_INFERRED"
"Martirosyan-Colbourn",5,6,1816,546291,"Martirosyan-Colbourn",546291,"ARITH_INFERRED"
"Martirosyan-Colbourn",5,6,1820,546351,"Martirosyan-Colbourn",546351,"ARITH_INFERRED"
"Martirosyan-Colbourn",5,6,1980,555909,"Martirosyan-Colbourn",555909,"ARITH_INFERRED"
"Martirosyan-Colbourn",5,6,2184,558303,"Martirosyan-Colbourn",558303,"ARITH_INFERRED"
"Martirosyan-Colbourn",5,6,2368,560697,"Martirosyan-Colbourn",560697,"ARITH_INFERRED"
"Martirosyan-Colbourn",5,6,2512,562755,"Martirosyan-Colbourn",562755,"ARITH_INFERRED"
"Martirosyan-Colbourn",5,6,2640,563049,"Martirosyan-Colbourn",563049,"ARITH_INFERRED"
"Martirosyan-Colbourn",5,6,2644,563091,"Martirosyan-Colbourn",563091,"ARITH_INFERRED"
"Martirosyan-Colbourn",5,6,2716,572709,"Martirosyan-Colbourn",572709,"ARITH_INFERRED"
"Martirosyan-Colbourn",5,6,2808,575103,"Martirosyan-Colbourn",575103,"ARITH_INFERRED"
"Martirosyan-Colbourn",5,6,2812,619743,"Martirosyan-Colbourn",619743,"ARITH_INFERRED"
"Martirosyan-Colbourn",5,6,2814,641523,"Martirosyan-Colbourn",641523,"ARITH_INFERRED"
"Martirosyan-Colbourn",6,6,390,5786501,"Martirosyan-Colbourn",5786501,"ARITH_INFERRED"
"Martirosyan-Colbourn",6,6,402,5914373,"Martirosyan-Colbourn",5914373,"ARITH_INFERRED"
"Martirosyan-Colbourn",6,6,410,5915843,"Martirosyan-Colbourn",5915843,"ARITH_INFERRED"
"Martirosyan-Colbourn",6,6,418,5916053,"Martirosyan-Colbourn",5916053,"ARITH_INFERRED"
"Martirosyan-Colbourn",6,6,488,5916293,"Martirosyan-Colbourn",5916293,"ARITH_INFERRED"
"Martirosyan-Colbourn",6,6,490,6392933,"Martirosyan-Colbourn",6392933,"ARITH_INFERRED"
"Martirosyan-Colbourn",6,6,492,6606413,"Martirosyan-Colbourn",6606413,"ARITH_INFERRED"
"Martirosyan-Colbourn",6,6,494,7031489,"Martirosyan-Colbourn",7031489,"ARITH_INFERRED"
"Martirosyan-Colbourn",6,6,498,7032570,"Martirosyan-Colbourn",7032570,"ARITH_INFERRED"
"Martirosyan-Colbourn",5,7,836,532160,"Martirosyan-Colbourn",532160,"ARITH_INFERRED"
"Martirosyan-Colbourn",5,7,894,534218,"Martirosyan-Colbourn",534218,"ARITH_INFERRED"
"Martirosyan-Colbourn",5,7,902,534512,"Martirosyan-Colbourn",534512,"ARITH_INFERRED"
"Martirosyan-Colbourn",5,7,908,534554,"Martirosyan-Colbourn",534554,"ARITH_INFERRED"
"Martirosyan-Colbourn",5,7,910,534614,"Martirosyan-Colbourn",534614,"ARITH_INFERRED"
"Martirosyan-Colbourn",5,7,918,544172,"Martirosyan-Colbourn",544172,"ARITH_INFERRED"
"Martirosyan-Colbourn",5,7,938,544424,"Martirosyan-Colbourn",544424,"ARITH_INFERRED"
"Martirosyan-Colbourn",5,7,958,544676,"Martirosyan-Colbourn",544676,"ARITH_INFERRED"
"Martirosyan-Colbourn",5,7,990,544928,"Martirosyan-Colbourn",544928,"ARITH_INFERRED"
"Martirosyan-Colbourn",5,7,1092,547322,"Martirosyan-Colbourn",547322,"ARITH_INFERRED"
"Martirosyan-Colbourn",5,7,1184,549716,"Martirosyan-Colbourn",549716,"ARITH_INFERRED"
"Martirosyan-Colbourn",5,7,1256,551774,"Martirosyan-Colbourn",551774,"ARITH_INFERRED"
"Martirosyan-Colbourn",5,7,1306,552068,"Martirosyan-Colbourn",552068,"ARITH_INFERRED"
"Martirosyan-Colbourn",5,7,1320,563912,"Martirosyan-Colbourn",563912,"ARITH_INFERRED"
"Martirosyan-Colbourn",5,7,1322,563954,"Martirosyan-Colbourn",563954,"ARITH_INFERRED"
"Martirosyan-Colbourn",5,7,1324,573572,"Martirosyan-Colbourn",573572,"ARITH_INFERRED"
"Martirosyan-Colbourn",5,7,1336,573824,"Martirosyan-Colbourn",573824,"ARITH_INFERRED"
"Martirosyan-Colbourn",5,7,1358,575336,"Martirosyan-Colbourn",575336,"ARITH_INFERRED"
"Martirosyan-Colbourn",5,7,1404,577730,"Martirosyan-Colbourn",577730,"ARITH_INFERRED"
"Martirosyan-Colbourn",5,7,1406,657404,"Martirosyan-Colbourn",657404,"ARITH_INFERRED"
"Martirosyan-Colbourn",5,7,1408,702386,"Martirosyan-Colbourn",702386,"ARITH_INFERRED"
"Martirosyan-Colbourn",5,7,1410,716792,"Martirosyan-Colbourn",716792,"ARITH_INFERRED"
"Martirosyan-Colbourn",5,8,834,1052053,"Martirosyan-Colbourn",1052053,"ARITH_INFERRED"
"Martirosyan-Colbourn",5,8,854,1052501,"Martirosyan-Colbourn",1052501,"ARITH_INFERRED"
"Martirosyan-Colbourn",5,8,858,1052557,"Martirosyan-Colbourn",1052557,"ARITH_INFERRED"
"Martirosyan-Colbourn",5,8,860,1052620,"Martirosyan-Colbourn",1052620,"ARITH_INFERRED"
"Martirosyan-Colbourn",5,8,946,1073053,"Martirosyan-Colbourn",1073053,"ARITH_INFERRED"
"Martirosyan-Colbourn",5,8,982,1077141,"Martirosyan-Colbourn",1077141,"ARITH_INFERRED"
"Martirosyan-Colbourn",5,8,1020,1101543,"Martirosyan-Colbourn",1101543,"ARITH_INFERRED"
"Martirosyan-Colbourn",5,8,1068,1105631,"Martirosyan-Colbourn",1105631,"ARITH_INFERRED"
"Martirosyan-Colbourn",5,8,1138,1106023,"Martirosyan-Colbourn",1106023,"ARITH_INFERRED"
"Martirosyan-Colbourn",5,8,1148,1109607,"Martirosyan-Colbourn",1109607,"ARITH_INFERRED"
"Martirosyan-Colbourn",5,8,1190,1112351,"Martirosyan-Colbourn",1112351,"ARITH_INFERRED"
"Martirosyan-Colbourn",5,8,1208,1112799,"Martirosyan-Colbourn",1112799,"ARITH_INFERRED"
"Martirosyan-Colbourn",5,8,1244,1112855,"Martirosyan-Colbourn",1112855,"ARITH_INFERRED"
"Martirosyan-Colbourn",5,8,1262,1133351,"Martirosyan-Colbourn",1133351,"ARITH_INFERRED"
"Martirosyan-Colbourn",5,8,1320,1133743,"Martirosyan-Colbourn",1133743,"ARITH_INFERRED"
"Martirosyan-Colbourn",5,8,1348,1134135,"Martirosyan-Colbourn",1134135,"ARITH_INFERRED"
"Martirosyan-Colbourn",5,8,1350,1134478,"Martirosyan-Colbourn",1134478,"ARITH_INFERRED"
"Martirosyan-Colbourn",5,8,1498,1138566,"Martirosyan-Colbourn",1138566,"ARITH_INFERRED"
"Martirosyan-Colbourn",5,8,1624,1142654,"Martirosyan-Colbourn",1142654,"ARITH_INFERRED"
"Martirosyan-Colbourn",5,8,1626,1284614,"Martirosyan-Colbourn",1284614,"ARITH_INFERRED"
"Martirosyan-Colbourn",5,8,1628,1369734,"Martirosyan-Colbourn",1369734,"ARITH_INFERRED"
"Martirosyan-Colbourn",5,8,1630,1398406,"Martirosyan-Colbourn",1398406,"ARITH_INFERRED"
"Martirosyan-Colbourn",5,9,1258,2060042,"Martirosyan-Colbourn",2060042,"ARITH_INFERRED"
"Martirosyan-Colbourn",5,9,1344,2066594,"Martirosyan-Colbourn",2066594,"ARITH_INFERRED"
"Martirosyan-Colbourn",5,9,1380,2112290,"Martirosyan-Colbourn",2112290,"ARITH_INFERRED"
"Martirosyan-Colbourn",5,10,850,4271259,"Martirosyan-Colbourn",4271259,"ARITH_INFERRED"
"Martirosyan-Colbourn",5,10,944,4285889,"Martirosyan-Colbourn",4285889,"ARITH_INFERRED"
"Martirosyan-Colbourn",5,10,1010,4299199,"Martirosyan-Colbourn",4299199,"ARITH_INFERRED"
"Martirosyan-Colbourn",5,10,1028,4300409,"Martirosyan-Colbourn",4300409,"ARITH_INFERRED"
"Martirosyan-Colbourn",5,10,1036,4407869,"Martirosyan-Colbourn",4407869,"ARITH_INFERRED"
"Martirosyan-Colbourn",5,10,1048,4418759,"Martirosyan-Colbourn",4418759,"ARITH_INFERRED"
"Martirosyan-Colbourn",5,10,1058,4418869,"Martirosyan-Colbourn",4418869,"ARITH_INFERRED"
"Martirosyan-Colbourn",5,10,1066,4418949,"Martirosyan-Colbourn",4418949,"ARITH_INFERRED"
"Martirosyan-Colbourn",5,10,1212,4536019,"Martirosyan-Colbourn",4536019,"ARITH_INFERRED"
"Martirosyan-Colbourn",5,10,1226,4537009,"Martirosyan-Colbourn",4537009,"ARITH_INFERRED"
"Martirosyan-Colbourn",5,10,1228,4546909,"Martirosyan-Colbourn",4546909,"ARITH_INFERRED"
"Martirosyan-Colbourn",5,10,1360,4561539,"Martirosyan-Colbourn",4561539,"ARITH_INFERRED"
"Martirosyan-Colbourn",5,10,1438,4576169,"Martirosyan-Colbourn",4576169,"ARITH_INFERRED"
"Martirosyan-Colbourn",5,10,1460,4577159,"Martirosyan-Colbourn",4577159,"ARITH_INFERRED"
"Martirosyan-Colbourn",5,10,1522,4590469,"Martirosyan-Colbourn",4590469,"ARITH_INFERRED"
"Martirosyan-Colbourn",5,10,1562,4591459,"Martirosyan-Colbourn",4591459,"ARITH_INFERRED"
"Martirosyan-Colbourn",5,10,1654,4591999,"Martirosyan-Colbourn",4591999,"ARITH_INFERRED"
"Martirosyan-Colbourn",5,10,1656,5137579,"Martirosyan-Colbourn",5137579,"ARITH_INFERRED"
"Martirosyan-Colbourn",5,10,1658,5411179,"Martirosyan-Colbourn",5411179,"ARITH_INFERRED"
"Martirosyan-Colbourn",5,10,1662,5657449,"Martirosyan-Colbourn",5657449,"ARITH_INFERRED"
"Martirosyan-Colbourn",5,12,1306,11813819,"Martirosyan-Colbourn",11813819,"ARITH_INFERRED"
"Martirosyan-Colbourn",5,12,1424,11840183,"Martirosyan-Colbourn",11840183,"ARITH_INFERRED"
"Martirosyan-Colbourn",5,12,1490,12105503,"Martirosyan-Colbourn",12105503,"ARITH_INFERRED"
"Martirosyan-Colbourn",5,12,1500,12127811,"Martirosyan-Colbourn",12127811,"ARITH_INFERRED"
"Martirosyan-Colbourn",5,12,1528,12129839,"Martirosyan-Colbourn",12129839,"ARITH_INFERRED"
"Martirosyan-Colbourn",5,12,1534,12129995,"Martirosyan-Colbourn",12129995,"ARITH_INFERRED"
