"family","t","v","k","N","Source","route","N_pred","tier"
"Colbourn-Martirosyan-TVT-Walker",3,3,588,213,"Colbourn-Martirosyan-TVT-Walker","3.4",213,"ARITHMETIC"
"Colbourn-Martirosyan-TVT-Walker",3,3,8100,352,"Colbourn-Martirosyan-TVT-Walker","3.4",352,"ARITHMETIC"
"Colbourn-Martirosyan-TVT-Walker",3,3,9408,360,"Colbourn-Martirosyan-TVT-Walker","3.4",360,"ARITHMETIC"
"Colbourn-Martirosyan-TVT-Walker",3,3,10000,366,"Colbourn-Martirosyan-TVT-Walker","3.4",366,"ARITHMETIC"
"Colbourn-Martirosyan-TVT-Walker",4,3,7164,2601,"Colbourn-Martirosyan-TVT-Walker",NA,NA,"ARITH_OPEN"
"Colbourn-Martirosyan-TVT-Walker",4,3,7168,2681,"Colbourn-Martirosyan-TVT-Walker",NA,NA,"ARITH_OPEN"
"Colbourn-Martirosyan-TVT-Walker",4,3,8192,2693,"Colbourn-Martirosyan-TVT-Walker",NA,NA,"ARITH_OPEN"
"Colbourn-Martirosyan-TVT-Walker",4,3,8194,2729,"Colbourn-Martirosyan-TVT-Walker",NA,NA,"ARITH_OPEN"
"Colbourn-Martirosyan-TVT-Walker",4,3,8704,2735,"Colbourn-Martirosyan-TVT-Walker",NA,NA,"ARITH_OPEN"
"Colbourn-Martirosyan-TVT-Walker",4,3,8764,2741,"Colbourn-Martirosyan-TVT-Walker",NA,NA,"ARITH_OPEN"
"Colbourn-Martirosyan-TVT-Walker",4,3,9216,2821,"Colbourn-Martirosyan-TVT-Walker",NA,NA,"ARITH_OPEN"
"Colbourn-Martirosyan-TVT-Walker",4,3,9424,2825,"Colbourn-Martirosyan-TVT-Walker",NA,NA,"ARITH_OPEN"
"Colbourn-Martirosyan-TVT-Walker",4,3,10000,2871,"Colbourn-Martirosyan-TVT-Walker",NA,NA,"ARITH_OPEN"
"Colbourn-Martirosyan-TVT-Walker",3,5,155,529,"Colbourn-Martirosyan-TVT-Walker","3.4",529,"ARITHMETIC"
"Colbourn-Martirosyan-TVT-Walker",3,7,315,1519,"Colbourn-Martirosyan-TVT-Walker","3.4",1519,"ARITHMETIC"
"Colbourn-Martirosyan-TVT-Walker",3,7,399,1525,"Colbourn-Martirosyan-TVT-Walker","3.4",1525,"ARITHMETIC"
"Colbourn-Martirosyan-TVT-Walker",4,7,3542,41887,"Colbourn-Martirosyan-TVT-Walker",NA,NA,"ARITH_OPEN"
"Colbourn-Martirosyan-TVT-Walker",4,7,3610,41923,"Colbourn-Martirosyan-TVT-Walker",NA,NA,"ARITH_OPEN"
"Colbourn-Martirosyan-TVT-Walker",4,7,4114,42103,"Colbourn-Martirosyan-TVT-Walker",NA,NA,"ARITH_OPEN"
"Colbourn-Martirosyan-TVT-Walker",4,7,4130,42139,"Colbourn-Martirosyan-TVT-Walker",NA,NA,"ARITH_OPEN"
"Colbourn-Martirosyan-TVT-Walker",4,7,4193,43285,"Colbourn-Martirosyan-TVT-Walker",NA,NA,"ARITH_OPEN"
"Colbourn-Martirosyan-TVT-Walker",4,7,4571,44149,"Colbourn-Martirosyan-TVT-Walker",NA,NA,"ARITH_OPEN"
"Colbourn-Martirosyan-TVT-Walker",4,7,7014,47347,"Colbourn-Martirosyan-TVT-Walker",NA,NA,"ARITH_OPEN"
"Colbourn-Martirosyan-TVT-Walker",4,7,7105,47383,"Colbourn-Martirosyan-TVT-Walker",NA,NA,"ARITH_OPEN"
"Colbourn-Martirosyan-TVT-Walker",4,7,7182,47419,"Colbourn-Martirosyan-TVT-Walker",NA,NA,"ARITH_OPEN"
"Colbourn-Martirosyan-TVT-Walker",4,7,7245,47455,"Colbourn-Martirosyan-TVT-Walker",NA,NA,"ARITH_OPEN"
"Colbourn-Martirosyan-TVT-Walker",4,7,7952,47599,"Colbourn-Martirosyan-TVT-Walker",NA,NA,"ARITH_OPEN"
"Colbourn-Martirosyan-TVT-Walker",4,7,8015,49861,"Colbourn-Martirosyan-TVT-Walker",NA,NA,"ARITH_OPEN"
"Colbourn-Martirosyan-TVT-Walker",4,7,8169,49897,"Colbourn-Martirosyan-TVT-Walker",NA,NA,"ARITH_OPEN"
"Colbourn-Martirosyan-TVT-Walker",4,7,8274,49933,"Colbourn-Martirosyan-TVT-Walker",NA,NA,"ARITH_OPEN"
"Colbourn-Martirosyan-TVT-Walker",4,7,8295,49975,"Colbourn-Martirosyan-TVT-Walker",NA,NA,"ARITH_OPEN"
"Colbourn-Martirosyan-TVT-Walker",4,7,8428,50011,"Colbourn-Martirosyan-TVT-Walker",NA,NA,"ARITH_OPEN"
"Colbourn-Martirosyan-TVT-Walker",4,7,8498,50047,"Colbourn-Martirosyan-TVT-Walker",NA,NA,"ARITH_OPEN"
"Colbourn-Martirosyan-TVT-Walker",4,7,9443,50155,"Colbourn-Martirosyan-TVT-Walker",NA,NA,"ARITH_OPEN"
"Colbourn-Martirosyan-TVT-Walker",4,7,9513,50197,"Colbourn-Martirosyan-TVT-Walker",NA,NA,"ARITH_OPEN"
"Colbourn-Martirosyan-TVT-Walker",4,7,10000,50251,"Colbourn-Martirosyan-TVT-Walker",NA,NA,"ARITH_OPEN"
"Colbourn-Martirosyan-TVT-Walker",3,8,512,2304,"Colbourn-Martirosyan-TVT-Walker","3.4",2304,"ARITHMETIC"
"Colbourn-Martirosyan-TVT-Walker",3,8,584,2311,"Colbourn-Martirosyan-TVT-Walker","3.4",2311,"ARITHMETIC"
"Colbourn-Martirosyan-TVT-Walker",4,8,2888,66144,"Colbourn-Martirosyan-TVT-Walker",NA,NA,"ARITH_OPEN"
"Colbourn-Martirosyan-TVT-Walker",4,8,2944,66200,"Colbourn-Martirosyan-TVT-Walker",NA,NA,"ARITH_OPEN"
"Colbourn-Martirosyan-TVT-Walker",4,8,3024,66256,"Colbourn-Martirosyan-TVT-Walker",NA,NA,"ARITH_OPEN"
"Colbourn-Martirosyan-TVT-Walker",4,8,3928,66298,"Colbourn-Martirosyan-TVT-Walker",NA,NA,"ARITH_OPEN"
"Colbourn-Martirosyan-TVT-Walker",4,8,4096,69784,"Colbourn-Martirosyan-TVT-Walker",NA,NA,"ARITH_OPEN"
"Colbourn-Martirosyan-TVT-Walker",3,9,675,3321,"Colbourn-Martirosyan-TVT-Walker","3.4",3321,"ARITHMETIC"
"Colbourn-Martirosyan-TVT-Walker",3,9,819,3329,"Colbourn-Martirosyan-TVT-Walker","3.4",3329,"ARITHMETIC"
"Colbourn-Martirosyan-TVT-Walker",4,9,3051,97465,"Colbourn-Martirosyan-TVT-Walker",NA,NA,"ARITH_OPEN"
"Colbourn-Martirosyan-TVT-Walker",4,9,3204,102537,"Colbourn-Martirosyan-TVT-Walker",NA,NA,"ARITH_OPEN"
"Colbourn-Martirosyan-TVT-Walker",4,9,3276,103185,"Colbourn-Martirosyan-TVT-Walker",NA,NA,"ARITH_OPEN"
"Colbourn-Martirosyan-TVT-Walker",4,9,3357,103377,"Colbourn-Martirosyan-TVT-Walker",NA,NA,"ARITH_OPEN"
"Colbourn-Martirosyan-TVT-Walker",4,9,3600,106641,"Colbourn-Martirosyan-TVT-Walker",NA,NA,"ARITH_OPEN"
"Colbourn-Martirosyan-TVT-Walker",4,9,3681,106713,"Colbourn-Martirosyan-TVT-Walker",NA,NA,"ARITH_OPEN"
"Colbourn-Martirosyan-TVT-Walker",4,9,4248,107289,"Colbourn-Martirosyan-TVT-Walker",NA,NA,"ARITH_OPEN"
"Colbourn-Martirosyan-TVT-Walker",4,9,4320,107361,"Colbourn-Martirosyan-TVT-Walker",NA,NA,"ARITH_OPEN"
"Colbourn-Martirosyan-TVT-Walker",4,9,4455,107433,"Colbourn-Martirosyan-TVT-Walker",NA,NA,"ARITH_OPEN"
"Colbourn-Martirosyan-TVT-Walker",4,9,6048,107481,"Colbourn-Martirosyan-TVT-Walker",NA,NA,"ARITH_OPEN"
"Colbourn-Martirosyan-TVT-Walker",4,9,6075,113193,"Colbourn-Martirosyan-TVT-Walker",NA,NA,"ARITH_OPEN"
"Colbourn-Martirosyan-TVT-Walker",4,9,6084,113249,"Colbourn-Martirosyan-TVT-Walker",NA,NA,"ARITH_OPEN"
"Colbourn-Martirosyan-TVT-Walker",4,9,6408,113257,"Colbourn-Martirosyan-TVT-Walker",NA,NA,"ARITH_OPEN"
"Colbourn-Martirosyan-TVT-Walker",4,9,6561,113329,"Colbourn-Martirosyan-TVT-Walker",NA,NA,"ARITH_OPEN"
"Colbourn-Martirosyan-TVT-Walker",4,9,6579,115921,"Colbourn-Martirosyan-TVT-Walker",NA,NA,"ARITH_OPEN"
"Colbourn-Martirosyan-TVT-Walker",4,9,7371,116497,"Colbourn-Martirosyan-TVT-Walker",NA,NA,"ARITH_OPEN"
"Colbourn-Martirosyan-TVT-Walker",4,9,7380,116553,"Colbourn-Martirosyan-TVT-Walker",NA,NA,"ARITH_OPEN"
"Colbourn-Martirosyan-TVT-Walker",4,9,7515,118161,"Colbourn-Martirosyan-TVT-Walker",NA,NA,"ARITH_OPEN"
"Colbourn-Martirosyan-TVT-Walker",4,9,7551,118233,"Colbourn-Martirosyan-TVT-Walker",NA,NA,"ARITH_OPEN"
"Colbourn-Martirosyan-TVT-Walker",4,9,7569,118297,"Colbourn-Martirosyan-TVT-Walker",NA,NA,"ARITH_OPEN"
"Colbourn-Martirosyan-TVT-Walker",4,9,7650,118361,"Colbourn-Martirosyan-TVT-Walker",NA,NA,"ARITH_OPEN"
"Colbourn-Martirosyan-TVT-Walker",4,9,7767,118425,"Colbourn-Martirosyan-TVT-Walker",NA,NA,"ARITH_OPEN"
"Colbourn-Martirosyan-TVT-Walker",4,9,7911,118809,"Colbourn-Martirosyan-TVT-Walker",NA,NA,"ARITH_OPEN"
"Colbourn-Martirosyan-TVT-Walker",4,9,8181,118881,"Colbourn-Martirosyan-TVT-Walker",NA,NA,"ARITH_OPEN"
"Colbourn-Martirosyan-TVT-Walker",4,9,9477,118937,"Colbourn-Martirosyan-TVT-Walker",NA,NA,"ARITH_OPEN"
"Colbourn-Martirosyan-TVT-Walker",4,9,9567,119585,"Colbourn-Martirosyan-TVT-Walker",NA,NA,"ARITH_OPEN"
"Colbourn-Martirosyan-TVT-Walker",4,9,9774,119649,"Colbourn-Martirosyan-TVT-Walker",NA,NA,"ARITH_OPEN"
"Colbourn-Martirosyan-TVT-Walker",4,9,9918,119713,"Colbourn-Martirosyan-TVT-Walker",NA,NA,"ARITH_OPEN"
"Colbourn-Martirosyan-TVT-Walker",4,9,9963,119777,"Colbourn-Martirosyan-TVT-Walker",NA,NA,"ARITH_OPEN"
"Colbourn-Martirosyan-TVT-Walker",4,9,10000,119841,"Colbourn-Martirosyan-TVT-Walker",NA,NA,"ARITH_OPEN"
"Colbourn-Martirosyan-TVT-Walker",3,10,1463,6179,"Colbourn-Martirosyan-TVT-Walker","3.4 at v+1, fused",6179,"ARITHMETIC"
"Colbourn-Martirosyan-TVT-Walker",4,10,2628,191641,"Colbourn-Martirosyan-TVT-Walker",NA,NA,"ARITH_OPEN"
"Colbourn-Martirosyan-TVT-Walker",4,10,2640,191786,"Colbourn-Martirosyan-TVT-Walker",NA,NA,"ARITH_OPEN"
"Colbourn-Martirosyan-TVT-Walker",4,10,2676,192311,"Colbourn-Martirosyan-TVT-Walker",NA,NA,"ARITH_OPEN"
"Colbourn-Martirosyan-TVT-Walker",4,10,2904,192479,"Colbourn-Martirosyan-TVT-Walker",NA,NA,"ARITH_OPEN"
"Colbourn-Martirosyan-TVT-Walker",4,10,2926,192749,"Colbourn-Martirosyan-TVT-Walker",NA,NA,"ARITH_OPEN"
"Colbourn-Martirosyan-TVT-Walker",4,10,2960,193235,"Colbourn-Martirosyan-TVT-Walker",NA,NA,"ARITH_OPEN"
"Colbourn-Martirosyan-TVT-Walker",4,10,3014,193345,"Colbourn-Martirosyan-TVT-Walker",NA,NA,"ARITH_OPEN"
"Colbourn-Martirosyan-TVT-Walker",4,10,3016,193415,"Colbourn-Martirosyan-TVT-Walker",NA,NA,"ARITH_OPEN"
"Colbourn-Martirosyan-TVT-Walker",4,10,3258,204212,"Colbourn-Martirosyan-TVT-Walker",NA,NA,"ARITH_OPEN"
"Colbourn-Martirosyan-TVT-Walker",4,10,3290,207118,"Colbourn-Martirosyan-TVT-Walker",NA,NA,"ARITH_OPEN"
"Colbourn-Martirosyan-TVT-Walker",4,10,3620,208218,"Colbourn-Martirosyan-TVT-Walker",NA,NA,"ARITH_OPEN"
"Colbourn-Martirosyan-TVT-Walker",4,10,3708,209555,"Colbourn-Martirosyan-TVT-Walker",NA,NA,"ARITH_OPEN"
"Colbourn-Martirosyan-TVT-Walker",4,10,3948,209665,"Colbourn-Martirosyan-TVT-Walker",NA,NA,"ARITH_OPEN"
"Colbourn-Martirosyan-TVT-Walker",4,10,3982,210632,"Colbourn-Martirosyan-TVT-Walker",NA,NA,"ARITH_OPEN"
"Colbourn-Martirosyan-TVT-Walker",4,10,4344,210765,"Colbourn-Martirosyan-TVT-Walker",NA,NA,"ARITH_OPEN"
"Colbourn-Martirosyan-TVT-Walker",4,10,4626,218897,"Colbourn-Martirosyan-TVT-Walker",NA,NA,"ARITH_OPEN"
"Colbourn-Martirosyan-TVT-Walker",4,10,4954,219279,"Colbourn-Martirosyan-TVT-Walker",NA,NA,"ARITH_OPEN"
"Colbourn-Martirosyan-TVT-Walker",4,10,4994,219369,"Colbourn-Martirosyan-TVT-Walker",NA,NA,"ARITH_OPEN"
"Colbourn-Martirosyan-TVT-Walker",4,10,5112,220269,"Colbourn-Martirosyan-TVT-Walker",NA,NA,"ARITH_OPEN"
"Colbourn-Martirosyan-TVT-Walker",4,10,5190,220349,"Colbourn-Martirosyan-TVT-Walker",NA,NA,"ARITH_OPEN"
"Colbourn-Martirosyan-TVT-Walker",4,10,6168,228635,"Colbourn-Martirosyan-TVT-Walker",NA,NA,"ARITH_OPEN"
"Colbourn-Martirosyan-TVT-Walker",4,10,6216,240575,"Colbourn-Martirosyan-TVT-Walker",NA,NA,"ARITH_OPEN"
"Colbourn-Martirosyan-TVT-Walker",4,10,6264,241785,"Colbourn-Martirosyan-TVT-Walker",NA,NA,"ARITH_OPEN"
"Colbourn-Martirosyan-TVT-Walker",4,10,6471,242057,"Colbourn-Martirosyan-TVT-Walker",NA,NA,"ARITH_OPEN"
"Colbourn-Martirosyan-TVT-Walker",4,10,6480,242167,"Colbourn-Martirosyan-TVT-Walker",NA,NA,"ARITH_OPEN"
"Colbourn-Martirosyan-TVT-Walker",4,10,7119,242244,"Colbourn-Martirosyan-TVT-Walker",NA,NA,"ARITH_OPEN"
"Colbourn-Martirosyan-TVT-Walker",4,10,8136,242787,"Colbourn-Martirosyan-TVT-Walker",NA,NA,"ARITH_OPEN"
"Colbourn-Martirosyan-TVT-Walker",4,10,9153,243389,"Colbourn-Martirosyan-TVT-Walker",NA,NA,"ARITH_OPEN"
"Colbourn-Martirosyan-TVT-Walker",3,11,1243,6171,"Colbourn-Martirosyan-TVT-Walker","3.4",6171,"ARITHMETIC"
"Colbourn-Martirosyan-TVT-Walker",3,11,1463,6181,"Colbourn-Martirosyan-TVT-Walker","3.4",6181,"ARITHMETIC"
"Colbourn-Martirosyan-TVT-Walker",4,11,121,69091,"Colbourn-Martirosyan-TVT-Walker",NA,NA,"ARITH_OPEN"
"Colbourn-Martirosyan-TVT-Walker",4,11,2629,195631,"Colbourn-Martirosyan-TVT-Walker",NA,NA,"ARITH_OPEN"
"Colbourn-Martirosyan-TVT-Walker",4,11,2640,206261,"Colbourn-Martirosyan-TVT-Walker",NA,NA,"ARITH_OPEN"
"Colbourn-Martirosyan-TVT-Walker",4,11,2662,207471,"Colbourn-Martirosyan-TVT-Walker",NA,NA,"ARITH_OPEN"
"Colbourn-Martirosyan-TVT-Walker",4,11,2926,207791,"Colbourn-Martirosyan-TVT-Walker",NA,NA,"ARITH_OPEN"
"Colbourn-Martirosyan-TVT-Walker",4,11,3157,208791,"Colbourn-Martirosyan-TVT-Walker",NA,NA,"ARITH_OPEN"
"Colbourn-Martirosyan-TVT-Walker",4,11,3399,210001,"Colbourn-Martirosyan-TVT-Walker",NA,NA,"ARITH_OPEN"
"Colbourn-Martirosyan-TVT-Walker",4,11,3619,210111,"Colbourn-Martirosyan-TVT-Walker",NA,NA,"ARITH_OPEN"
"Colbourn-Martirosyan-TVT-Walker",4,11,4147,211211,"Colbourn-Martirosyan-TVT-Walker",NA,NA,"ARITH_OPEN"
"Colbourn-Martirosyan-TVT-Walker",4,11,4213,211321,"Colbourn-Martirosyan-TVT-Walker",NA,NA,"ARITH_OPEN"
"Colbourn-Martirosyan-TVT-Walker",4,11,4334,211431,"Colbourn-Martirosyan-TVT-Walker",NA,NA,"ARITH_OPEN"
"Colbourn-Martirosyan-TVT-Walker",4,11,4378,211481,"Colbourn-Martirosyan-TVT-Walker",NA,NA,"ARITH_OPEN"
"Colbourn-Martirosyan-TVT-Walker",4,11,4708,219511,"Colbourn-Martirosyan-TVT-Walker",NA,NA,"ARITH_OPEN"
"Colbourn-Martirosyan-TVT-Walker",4,11,5654,220611,"Colbourn-Martirosyan-TVT-Walker",NA,NA,"ARITH_OPEN"
"Colbourn-Martirosyan-TVT-Walker",4,11,5698,232551,"Colbourn-Martirosyan-TVT-Walker",NA,NA,"ARITH_OPEN"
"Colbourn-Martirosyan-TVT-Walker",4,11,6050,233761,"Colbourn-Martirosyan-TVT-Walker",NA,NA,"ARITH_OPEN"
"Colbourn-Martirosyan-TVT-Walker",4,11,6127,233961,"Colbourn-Martirosyan-TVT-Walker",NA,NA,"ARITH_OPEN"
"Colbourn-Martirosyan-TVT-Walker",4,11,6204,234061,"Colbourn-Martirosyan-TVT-Walker",NA,NA,"ARITH_OPEN"
"Colbourn-Martirosyan-TVT-Walker",4,11,6666,242561,"Colbourn-Martirosyan-TVT-Walker",NA,NA,"ARITH_OPEN"
"Colbourn-Martirosyan-TVT-Walker",4,11,6743,242671,"Colbourn-Martirosyan-TVT-Walker",NA,NA,"ARITH_OPEN"
"Colbourn-Martirosyan-TVT-Walker",4,11,7909,243771,"Colbourn-Martirosyan-TVT-Walker",NA,NA,"ARITH_OPEN"
"Colbourn-Martirosyan-TVT-Walker",4,11,8371,243881,"Colbourn-Martirosyan-TVT-Walker",NA,NA,"ARITH_OPEN"
"Colbourn-Martirosyan-TVT-Walker",4,11,8591,243991,"Colbourn-Martirosyan-TVT-Walker",NA,NA,"ARITH_OPEN"
"Colbourn-Martirosyan-TVT-Walker",4,11,10000,244051,"Colbourn-Martirosyan-TVT-Walker",NA,NA,"ARITH_OPEN"
"Colbourn-Martirosyan-TVT-Walker",4,12,182,139159,"Colbourn-Martirosyan-TVT-Walker",NA,NA,"ARITH_OPEN"
"Colbourn-Martirosyan-TVT-Walker",4,12,3220,360077,"Colbourn-Martirosyan-TVT-Walker",NA,NA,"ARITH_OPEN"
"Colbourn-Martirosyan-TVT-Walker",4,12,3276,360867,"Colbourn-Martirosyan-TVT-Walker",NA,NA,"ARITH_OPEN"
"Colbourn-Martirosyan-TVT-Walker",4,12,3290,365775,"Colbourn-Martirosyan-TVT-Walker",NA,NA,"ARITH_OPEN"
"Colbourn-Martirosyan-TVT-Walker",4,12,3388,366087,"Colbourn-Martirosyan-TVT-Walker",NA,NA,"ARITH_OPEN"
"Colbourn-Martirosyan-TVT-Walker",4,12,3486,374368,"Colbourn-Martirosyan-TVT-Walker",NA,NA,"ARITH_OPEN"
"Colbourn-Martirosyan-TVT-Walker",4,12,3528,374524,"Colbourn-Martirosyan-TVT-Walker",NA,NA,"ARITH_OPEN"
"Colbourn-Martirosyan-TVT-Walker",4,12,3612,376693,"Colbourn-Martirosyan-TVT-Walker",NA,NA,"ARITH_OPEN"
"Colbourn-Martirosyan-TVT-Walker",4,12,3668,381889,"Colbourn-Martirosyan-TVT-Walker",NA,NA,"ARITH_OPEN"
"Colbourn-Martirosyan-TVT-Walker",4,12,3710,382045,"Colbourn-Martirosyan-TVT-Walker",NA,NA,"ARITH_OPEN"
"Colbourn-Martirosyan-TVT-Walker",4,12,3724,382093,"Colbourn-Martirosyan-TVT-Walker",NA,NA,"ARITH_OPEN"
"Colbourn-Martirosyan-TVT-Walker",4,12,3920,384262,"Colbourn-Martirosyan-TVT-Walker",NA,NA,"ARITH_OPEN"
"Colbourn-Martirosyan-TVT-Walker",4,12,3980,384463,"Colbourn-Martirosyan-TVT-Walker",NA,NA,"ARITH_OPEN"
"Colbourn-Martirosyan-TVT-Walker",4,12,4026,384547,"Colbourn-Martirosyan-TVT-Walker",NA,NA,"ARITH_OPEN"
"Colbourn-Martirosyan-TVT-Walker",4,12,4080,385713,"Colbourn-Martirosyan-TVT-Walker",NA,NA,"ARITH_OPEN"
"Colbourn-Martirosyan-TVT-Walker",4,12,4116,389137,"Colbourn-Martirosyan-TVT-Walker",NA,NA,"ARITH_OPEN"
"Colbourn-Martirosyan-TVT-Walker",4,12,4228,393150,"Colbourn-Martirosyan-TVT-Walker",NA,NA,"ARITH_OPEN"
"Colbourn-Martirosyan-TVT-Walker",4,12,4382,394372,"Colbourn-Martirosyan-TVT-Walker",NA,NA,"ARITH_OPEN"
"Colbourn-Martirosyan-TVT-Walker",4,12,4392,414243,"Colbourn-Martirosyan-TVT-Walker",NA,NA,"ARITH_OPEN"
"Colbourn-Martirosyan-TVT-Walker",4,12,4758,414309,"Colbourn-Martirosyan-TVT-Walker",NA,NA,"ARITH_OPEN"
"Colbourn-Martirosyan-TVT-Walker",4,12,4760,414672,"Colbourn-Martirosyan-TVT-Walker",NA,NA,"ARITH_OPEN"
"Colbourn-Martirosyan-TVT-Walker",4,12,5068,415662,"Colbourn-Martirosyan-TVT-Walker",NA,NA,"ARITH_OPEN"
"Colbourn-Martirosyan-TVT-Walker",4,12,5124,415805,"Colbourn-Martirosyan-TVT-Walker",NA,NA,"ARITH_OPEN"
"Colbourn-Martirosyan-TVT-Walker",4,12,5544,417613,"Colbourn-Martirosyan-TVT-Walker",NA,NA,"ARITH_OPEN"
"Colbourn-Martirosyan-TVT-Walker",4,12,5588,421415,"Colbourn-Martirosyan-TVT-Walker",NA,NA,"ARITH_OPEN"
"Colbourn-Martirosyan-TVT-Walker",4,12,5646,421547,"Colbourn-Martirosyan-TVT-Walker",NA,NA,"ARITH_OPEN"
"Colbourn-Martirosyan-TVT-Walker",4,12,5710,421679,"Colbourn-Martirosyan-TVT-Walker",NA,NA,"ARITH_OPEN"
"Colbourn-Martirosyan-TVT-Walker",4,12,5808,421811,"Colbourn-Martirosyan-TVT-Walker",NA,NA,"ARITH_OPEN"
"Colbourn-Martirosyan-TVT-Walker",4,12,5863,422015,"Colbourn-Martirosyan-TVT-Walker",NA,NA,"ARITH_OPEN"
"Colbourn-Martirosyan-TVT-Walker",4,12,6020,422061,"Colbourn-Martirosyan-TVT-Walker",NA,NA,"ARITH_OPEN"
"Colbourn-Martirosyan-TVT-Walker",4,12,6622,422075,"Colbourn-Martirosyan-TVT-Walker",NA,NA,"ARITH_OPEN"
"Colbourn-Martirosyan-TVT-Walker",4,12,6754,423791,"Colbourn-Martirosyan-TVT-Walker",NA,NA,"ARITH_OPEN"
"Colbourn-Martirosyan-TVT-Walker",4,12,7056,424729,"Colbourn-Martirosyan-TVT-Walker",NA,NA,"ARITH_OPEN"
"Colbourn-Martirosyan-TVT-Walker",4,12,7070,427870,"Colbourn-Martirosyan-TVT-Walker",NA,NA,"ARITH_OPEN"
"Colbourn-Martirosyan-TVT-Walker",4,12,7196,428026,"Colbourn-Martirosyan-TVT-Walker",NA,NA,"ARITH_OPEN"
"Colbourn-Martirosyan-TVT-Walker",4,12,7462,428182,"Colbourn-Martirosyan-TVT-Walker",NA,NA,"ARITH_OPEN"
"Colbourn-Martirosyan-TVT-Walker",4,12,7826,428238,"Colbourn-Martirosyan-TVT-Walker",NA,NA,"ARITH_OPEN"
"Colbourn-Martirosyan-TVT-Walker",4,12,8428,428242,"Colbourn-Martirosyan-TVT-Walker",NA,NA,"ARITH_OPEN"
"Colbourn-Martirosyan-TVT-Walker",4,12,8596,429958,"Colbourn-Martirosyan-TVT-Walker",NA,NA,"ARITH_OPEN"
"Colbourn-Martirosyan-TVT-Walker",4,12,9940,445090,"Colbourn-Martirosyan-TVT-Walker",NA,NA,"ARITH_OPEN"
"Colbourn-Martirosyan-TVT-Walker",4,12,9968,448041,"Colbourn-Martirosyan-TVT-Walker",NA,NA,"ARITH_OPEN"
"Colbourn-Martirosyan-TVT-Walker",3,13,2067,10309,"Colbourn-Martirosyan-TVT-Walker","3.4",10309,"ARITHMETIC"
"Colbourn-Martirosyan-TVT-Walker",3,13,2379,10321,"Colbourn-Martirosyan-TVT-Walker","3.4",10321,"ARITHMETIC"
"Colbourn-Martirosyan-TVT-Walker",4,13,169,136045,"Colbourn-Martirosyan-TVT-Walker",NA,NA,"ARITH_OPEN"
"Colbourn-Martirosyan-TVT-Walker",4,13,3146,355219,"Colbourn-Martirosyan-TVT-Walker",NA,NA,"ARITH_OPEN"
"Colbourn-Martirosyan-TVT-Walker",4,13,3159,374191,"Colbourn-Martirosyan-TVT-Walker",NA,NA,"ARITH_OPEN"
"Colbourn-Martirosyan-TVT-Walker",4,13,3211,374371,"Colbourn-Martirosyan-TVT-Walker",NA,NA,"ARITH_OPEN"
"Colbourn-Martirosyan-TVT-Walker",4,13,3237,376399,"Colbourn-Martirosyan-TVT-Walker",NA,NA,"ARITH_OPEN"
"Colbourn-Martirosyan-TVT-Walker",4,13,3302,376555,"Colbourn-Martirosyan-TVT-Walker",NA,NA,"ARITH_OPEN"
"Colbourn-Martirosyan-TVT-Walker",4,13,3380,381751,"Colbourn-Martirosyan-TVT-Walker",NA,NA,"ARITH_OPEN"
"Colbourn-Martirosyan-TVT-Walker",4,13,3406,383779,"Colbourn-Martirosyan-TVT-Walker",NA,NA,"ARITH_OPEN"
"Colbourn-Martirosyan-TVT-Walker",4,13,3445,383935,"Colbourn-Martirosyan-TVT-Walker",NA,NA,"ARITH_OPEN"
"Colbourn-Martirosyan-TVT-Walker",4,13,3549,383983,"Colbourn-Martirosyan-TVT-Walker",NA,NA,"ARITH_OPEN"
"Colbourn-Martirosyan-TVT-Walker",4,13,3614,387163,"Colbourn-Martirosyan-TVT-Walker",NA,NA,"ARITH_OPEN"
"Colbourn-Martirosyan-TVT-Walker",4,13,3718,388959,"Colbourn-Martirosyan-TVT-Walker",NA,NA,"ARITH_OPEN"
"Colbourn-Martirosyan-TVT-Walker",4,13,3770,391897,"Colbourn-Martirosyan-TVT-Walker",NA,NA,"ARITH_OPEN"
"Colbourn-Martirosyan-TVT-Walker",4,13,3874,393741,"Colbourn-Martirosyan-TVT-Walker",NA,NA,"ARITH_OPEN"
"Colbourn-Martirosyan-TVT-Walker",4,13,3887,396301,"Colbourn-Martirosyan-TVT-Walker",NA,NA,"ARITH_OPEN"
"Colbourn-Martirosyan-TVT-Walker",4,13,4069,398329,"Colbourn-Martirosyan-TVT-Walker",NA,NA,"ARITH_OPEN"
"Colbourn-Martirosyan-TVT-Walker",4,13,4080,408973,"Colbourn-Martirosyan-TVT-Walker",NA,NA,"ARITH_OPEN"
"Colbourn-Martirosyan-TVT-Walker",4,13,4199,420277,"Colbourn-Martirosyan-TVT-Walker",NA,NA,"ARITH_OPEN"
"Colbourn-Martirosyan-TVT-Walker",4,13,4212,422305,"Colbourn-Martirosyan-TVT-Walker",NA,NA,"ARITH_OPEN"
"Colbourn-Martirosyan-TVT-Walker",4,13,4394,424489,"Colbourn-Martirosyan-TVT-Walker",NA,NA,"ARITH_OPEN"
"Colbourn-Martirosyan-TVT-Walker",4,13,4758,424633,"Colbourn-Martirosyan-TVT-Walker",NA,NA,"ARITH_OPEN"
"Colbourn-Martirosyan-TVT-Walker",4,13,4875,426361,"Colbourn-Martirosyan-TVT-Walker",NA,NA,"ARITH_OPEN"
"Colbourn-Martirosyan-TVT-Walker",4,13,5473,428389,"Colbourn-Martirosyan-TVT-Walker",NA,NA,"ARITH_OPEN"
"Colbourn-Martirosyan-TVT-Walker",4,13,5642,428545,"Colbourn-Martirosyan-TVT-Walker",NA,NA,"ARITH_OPEN"
"Colbourn-Martirosyan-TVT-Walker",4,13,6383,430417,"Colbourn-Martirosyan-TVT-Walker",NA,NA,"ARITH_OPEN"
"Colbourn-Martirosyan-TVT-Walker",4,13,6565,432289,"Colbourn-Martirosyan-TVT-Walker",NA,NA,"ARITH_OPEN"
"Colbourn-Martirosyan-TVT-Walker",4,13,6682,432445,"Colbourn-Martirosyan-TVT-Walker",NA,NA,"ARITH_OPEN"
"Colbourn-Martirosyan-TVT-Walker",4,13,6929,432601,"Colbourn-Martirosyan-TVT-Walker",NA,NA,"ARITH_OPEN"
"Colbourn-Martirosyan-TVT-Walker",4,13,7566,432661,"Colbourn-Martirosyan-TVT-Walker",NA,NA,"ARITH_OPEN"
"Colbourn-Martirosyan-TVT-Walker",4,13,9256,434533,"Colbourn-Martirosyan-TVT-Walker",NA,NA,"ARITH_OPEN"
"Colbourn-Martirosyan-TVT-Walker",4,13,9685,458653,"Colbourn-Martirosyan-TVT-Walker",NA,NA,"ARITH_OPEN"
"Colbourn-Martirosyan-TVT-Walker",4,13,10000,460681,"Colbourn-Martirosyan-TVT-Walker",NA,NA,"ARITH_OPEN"
"Colbourn-Martirosyan-TVT-Walker",4,14,32,156030,"Colbourn-Martirosyan-TVT-Walker",NA,NA,"ARITH_OPEN"
"Colbourn-Martirosyan-TVT-Walker",4,14,34,156188,"Colbourn-Martirosyan-TVT-Walker",NA,NA,"ARITH_OPEN"
"Colbourn-Martirosyan-TVT-Walker",4,14,36,173786,"Colbourn-Martirosyan-TVT-Walker",NA,NA,"ARITH_OPEN"
"Colbourn-Martirosyan-TVT-Walker",4,14,80,245571,"Colbourn-Martirosyan-TVT-Walker",NA,NA,"ARITH_OPEN"
"Colbourn-Martirosyan-TVT-Walker",4,14,85,245729,"Colbourn-Martirosyan-TVT-Walker",NA,NA,"ARITH_OPEN"
"Colbourn-Martirosyan-TVT-Walker",4,14,187,290735,"Colbourn-Martirosyan-TVT-Walker",NA,NA,"ARITH_OPEN"
"Colbourn-Martirosyan-TVT-Walker",4,14,192,297061,"Colbourn-Martirosyan-TVT-Walker",NA,NA,"ARITH_OPEN"
"Colbourn-Martirosyan-TVT-Walker",4,14,204,297877,"Colbourn-Martirosyan-TVT-Walker",NA,NA,"ARITH_OPEN"
"Colbourn-Martirosyan-TVT-Walker",4,14,208,299007,"Colbourn-Martirosyan-TVT-Walker",NA,NA,"ARITH_OPEN"
"Colbourn-Martirosyan-TVT-Walker",4,14,210,300417,"Colbourn-Martirosyan-TVT-Walker",NA,NA,"ARITH_OPEN"
"Colbourn-Martirosyan-TVT-Walker",4,14,224,300754,"Colbourn-Martirosyan-TVT-Walker",NA,NA,"ARITH_OPEN"
"Colbourn-Martirosyan-TVT-Walker",4,14,238,303208,"Colbourn-Martirosyan-TVT-Walker",NA,NA,"ARITH_OPEN"
"Colbourn-Martirosyan-TVT-Walker",4,14,240,312104,"Colbourn-Martirosyan-TVT-Walker",NA,NA,"ARITH_OPEN"
"Colbourn-Martirosyan-TVT-Walker",4,14,256,312441,"Colbourn-Martirosyan-TVT-Walker",NA,NA,"ARITH_OPEN"
"Colbourn-Martirosyan-TVT-Walker",4,14,272,320646,"Colbourn-Martirosyan-TVT-Walker",NA,NA,"ARITH_OPEN"
"Colbourn-Martirosyan-TVT-Walker",4,14,3178,662986,"Colbourn-Martirosyan-TVT-Walker",NA,NA,"ARITH_OPEN"
"Colbourn-Martirosyan-TVT-Walker",4,14,3192,663207,"Colbourn-Martirosyan-TVT-Walker",NA,NA,"ARITH_OPEN"
"Colbourn-Martirosyan-TVT-Walker",4,14,3248,663212,"Colbourn-Martirosyan-TVT-Walker",NA,NA,"ARITH_OPEN"
"Colbourn-Martirosyan-TVT-Walker",4,14,3304,664122,"Colbourn-Martirosyan-TVT-Walker",NA,NA,"ARITH_OPEN"
"Colbourn-Martirosyan-TVT-Walker",4,14,3332,665966,"Colbourn-Martirosyan-TVT-Walker",NA,NA,"ARITH_OPEN"
"Colbourn-Martirosyan-TVT-Walker",4,14,3348,669701,"Colbourn-Martirosyan-TVT-Walker",NA,NA,"ARITH_OPEN"
"Colbourn-Martirosyan-TVT-Walker",4,14,3360,670090,"Colbourn-Martirosyan-TVT-Walker",NA,NA,"ARITH_OPEN"
"Colbourn-Martirosyan-TVT-Walker",4,14,3584,670427,"Colbourn-Martirosyan-TVT-Walker",NA,NA,"ARITH_OPEN"
"Colbourn-Martirosyan-TVT-Walker",4,14,3808,672881,"Colbourn-Martirosyan-TVT-Walker",NA,NA,"ARITH_OPEN"
"Colbourn-Martirosyan-TVT-Walker",4,14,3840,681777,"Colbourn-Martirosyan-TVT-Walker",NA,NA,"ARITH_OPEN"
"Colbourn-Martirosyan-TVT-Walker",4,14,3888,682114,"Colbourn-Martirosyan-TVT-Walker",NA,NA,"ARITH_OPEN"
"Colbourn-Martirosyan-TVT-Walker",4,14,3904,682579,"Colbourn-Martirosyan-TVT-Walker",NA,NA,"ARITH_OPEN"
"Colbourn-Martirosyan-TVT-Walker",4,14,3920,682581,"Colbourn-Martirosyan-TVT-Walker",NA,NA,"ARITH_OPEN"
"Colbourn-Martirosyan-TVT-Walker",4,14,4131,698480,"Colbourn-Martirosyan-TVT-Walker",NA,NA,"ARITH_OPEN"
"Colbourn-Martirosyan-TVT-Walker",4,14,4148,698976,"Colbourn-Martirosyan-TVT-Walker",NA,NA,"ARITH_OPEN"
"Colbourn-Martirosyan-TVT-Walker",4,14,4788,739435,"Colbourn-Martirosyan-TVT-Walker",NA,NA,"ARITH_OPEN"
"Colbourn-Martirosyan-TVT-Walker",4,14,4824,739947,"Colbourn-Martirosyan-TVT-Walker",NA,NA,"ARITH_OPEN"
"Colbourn-Martirosyan-TVT-Walker",4,14,4896,743061,"Colbourn-Martirosyan-TVT-Walker",NA,NA,"ARITH_OPEN"
"Colbourn-Martirosyan-TVT-Walker",4,14,4914,745707,"Colbourn-Martirosyan-TVT-Walker",NA,NA,"ARITH_OPEN"
"Colbourn-Martirosyan-TVT-Walker",4,14,5220,784827,"Colbourn-Martirosyan-TVT-Walker",NA,NA,"ARITH_OPEN"
"Colbourn-Martirosyan-TVT-Walker",4,14,5256,785067,"Colbourn-Martirosyan-TVT-Walker",NA,NA,"ARITH_OPEN"
"Colbourn-Martirosyan-TVT-Walker",4,14,5328,786145,"Colbourn-Martirosyan-TVT-Walker",NA,NA,"ARITH_OPEN"
"Colbourn-Martirosyan-TVT-Walker",4,14,5346,789427,"Colbourn-Martirosyan-TVT-Walker",NA,NA,"ARITH_OPEN"
"Colbourn-Martirosyan-TVT-Walker",4,14,5526,793027,"Colbourn-Martirosyan-TVT-Walker",NA,NA,"ARITH_OPEN"
"Colbourn-Martirosyan-TVT-Walker",4,14,5760,838252,"Colbourn-Martirosyan-TVT-Walker",NA,NA,"ARITH_OPEN"
"Colbourn-Martirosyan-TVT-Walker",4,14,5832,841678,"Colbourn-Martirosyan-TVT-Walker",NA,NA,"ARITH_OPEN"
"Colbourn-Martirosyan-TVT-Walker",4,14,5968,848937,"Colbourn-Martirosyan-TVT-Walker",NA,NA,"ARITH_OPEN"
"Colbourn-Martirosyan-TVT-Walker",4,14,6096,851405,"Colbourn-Martirosyan-TVT-Walker",NA,NA,"ARITH_OPEN"
"Colbourn-Martirosyan-TVT-Walker",4,14,6120,860382,"Colbourn-Martirosyan-TVT-Walker",NA,NA,"ARITH_OPEN"
"Colbourn-Martirosyan-TVT-Walker",4,14,6314,861455,"Colbourn-Martirosyan-TVT-Walker",NA,NA,"ARITH_OPEN"
"Colbourn-Martirosyan-TVT-Walker",4,14,6324,866482,"Colbourn-Martirosyan-TVT-Walker",NA,NA,"ARITH_OPEN"
"Colbourn-Martirosyan-TVT-Walker",4,14,6460,868950,"Colbourn-Martirosyan-TVT-Walker",NA,NA,"ARITH_OPEN"
"Colbourn-Martirosyan-TVT-Walker",4,14,6528,870196,"Colbourn-Martirosyan-TVT-Walker",NA,NA,"ARITH_OPEN"
"Colbourn-Martirosyan-TVT-Walker",4,14,6664,872712,"Colbourn-Martirosyan-TVT-Walker",NA,NA,"ARITH_OPEN"
"Colbourn-Martirosyan-TVT-Walker",4,14,6732,881770,"Colbourn-Martirosyan-TVT-Walker",NA,NA,"ARITH_OPEN"
"Colbourn-Martirosyan-TVT-Walker",4,14,7038,885782,"Colbourn-Martirosyan-TVT-Walker",NA,NA,"ARITH_OPEN"
"Colbourn-Martirosyan-TVT-Walker",4,14,7140,889794,"Colbourn-Martirosyan-TVT-Walker",NA,NA,"ARITH_OPEN"
"Colbourn-Martirosyan-TVT-Walker",4,14,7344,893796,"Colbourn-Martirosyan-TVT-Walker",NA,NA,"ARITH_OPEN"
"Colbourn-Martirosyan-TVT-Walker",4,14,7548,901882,"Colbourn-Martirosyan-TVT-Walker",NA,NA,"ARITH_OPEN"
"Colbourn-Martirosyan-TVT-Walker",4,14,7667,901946,"Colbourn-Martirosyan-TVT-Walker",NA,NA,"ARITH_OPEN"
"Colbourn-Martirosyan-TVT-Walker",4,14,7704,911426,"Colbourn-Martirosyan-TVT-Walker",NA,NA,"ARITH_OPEN"
"Colbourn-Martirosyan-TVT-Walker",4,14,7776,915500,"Colbourn-Martirosyan-TVT-Walker",NA,NA,"ARITH_OPEN"
"Colbourn-Martirosyan-TVT-Walker",4,14,7920,919513,"Colbourn-Martirosyan-TVT-Walker",NA,NA,"ARITH_OPEN"
"Colbourn-Martirosyan-TVT-Walker",4,14,8064,922269,"Colbourn-Martirosyan-TVT-Walker",NA,NA,"ARITH_OPEN"
"Colbourn-Martirosyan-TVT-Walker",4,14,8118,923659,"Colbourn-Martirosyan-TVT-Walker",NA,NA,"ARITH_OPEN"
"Colbourn-Martirosyan-TVT-Walker",4,14,8710,925704,"Colbourn-Martirosyan-TVT-Walker",NA,NA,"ARITH_OPEN"
"Colbourn-Martirosyan-TVT-Walker",4,14,9581,928069,"Colbourn-Martirosyan-TVT-Walker",NA,NA,"ARITH_OPEN"
"Colbourn-Martirosyan-TVT-Walker",4,14,10000,943674,"Colbourn-Martirosyan-TVT-Walker",NA,NA,"ARITH_OPEN"
"Colbourn-Martirosyan-TVT-Walker",4,15,36,192032,"Colbourn-Martirosyan-TVT-Walker",NA,NA,"ARITH_OPEN"
"Colbourn-Martirosyan-TVT-Walker",4,15,3162,646567,"Colbourn-Martirosyan-TVT-Walker",NA,NA,"ARITH_OPEN"
"Colbourn-Martirosyan-TVT-Walker",4,15,3348,672757,"Colbourn-Martirosyan-TVT-Walker",NA,NA,"ARITH_OPEN"
"Colbourn-Martirosyan-TVT-Walker",4,15,4131,699562,"Colbourn-Martirosyan-TVT-Walker",NA,NA,"ARITH_OPEN"
"Colbourn-Martirosyan-TVT-Walker",4,15,4352,699802,"Colbourn-Martirosyan-TVT-Walker",NA,NA,"ARITH_OPEN"
"Colbourn-Martirosyan-TVT-Walker",4,15,4369,715634,"Colbourn-Martirosyan-TVT-Walker",NA,NA,"ARITH_OPEN"
"Colbourn-Martirosyan-TVT-Walker",4,15,4437,715639,"Colbourn-Martirosyan-TVT-Walker",NA,NA,"ARITH_OPEN"
"Colbourn-Martirosyan-TVT-Walker",4,15,4471,716151,"Colbourn-Martirosyan-TVT-Walker",NA,NA,"ARITH_OPEN"
"Colbourn-Martirosyan-TVT-Walker",4,15,4488,719253,"Colbourn-Martirosyan-TVT-Walker",NA,NA,"ARITH_OPEN"
"Colbourn-Martirosyan-TVT-Walker",4,15,4624,719265,"Colbourn-Martirosyan-TVT-Walker",NA,NA,"ARITH_OPEN"
"Colbourn-Martirosyan-TVT-Walker",4,15,4641,719745,"Colbourn-Martirosyan-TVT-Walker",NA,NA,"ARITH_OPEN"
"Colbourn-Martirosyan-TVT-Walker",4,15,4644,741844,"Colbourn-Martirosyan-TVT-Walker",NA,NA,"ARITH_OPEN"
"Colbourn-Martirosyan-TVT-Walker",4,15,4680,742356,"Colbourn-Martirosyan-TVT-Walker",NA,NA,"ARITH_OPEN"
"Colbourn-Martirosyan-TVT-Walker",4,15,4896,745470,"Colbourn-Martirosyan-TVT-Walker",NA,NA,"ARITH_OPEN"
"Colbourn-Martirosyan-TVT-Walker",4,15,4914,749136,"Colbourn-Martirosyan-TVT-Walker",NA,NA,"ARITH_OPEN"
"Colbourn-Martirosyan-TVT-Walker",4,15,4930,758599,"Colbourn-Martirosyan-TVT-Walker",NA,NA,"ARITH_OPEN"
"Colbourn-Martirosyan-TVT-Walker",4,15,4947,758839,"Colbourn-Martirosyan-TVT-Walker",NA,NA,"ARITH_OPEN"
"Colbourn-Martirosyan-TVT-Walker",4,15,5049,762121,"Colbourn-Martirosyan-TVT-Walker",NA,NA,"ARITH_OPEN"
"Colbourn-Martirosyan-TVT-Walker",4,15,5151,765721,"Colbourn-Martirosyan-TVT-Walker",NA,NA,"ARITH_OPEN"
"Colbourn-Martirosyan-TVT-Walker",4,15,5219,767949,"Colbourn-Martirosyan-TVT-Walker",NA,NA,"ARITH_OPEN"
"Colbourn-Martirosyan-TVT-Walker",4,15,5220,789718,"Colbourn-Martirosyan-TVT-Walker",NA,NA,"ARITH_OPEN"
"Colbourn-Martirosyan-TVT-Walker",4,15,5346,789958,"Colbourn-Martirosyan-TVT-Walker",NA,NA,"ARITH_OPEN"
"Colbourn-Martirosyan-TVT-Walker",4,15,5400,793558,"Colbourn-Martirosyan-TVT-Walker",NA,NA,"ARITH_OPEN"
"Colbourn-Martirosyan-TVT-Walker",4,15,5526,795786,"Colbourn-Martirosyan-TVT-Walker",NA,NA,"ARITH_OPEN"
"Colbourn-Martirosyan-TVT-Walker",4,15,5559,827947,"Colbourn-Martirosyan-TVT-Walker",NA,NA,"ARITH_OPEN"
"Colbourn-Martirosyan-TVT-Walker",4,15,5695,830271,"Colbourn-Martirosyan-TVT-Walker",NA,NA,"ARITH_OPEN"
"Colbourn-Martirosyan-TVT-Walker",4,15,5780,838657,"Colbourn-Martirosyan-TVT-Walker",NA,NA,"ARITH_OPEN"
"Colbourn-Martirosyan-TVT-Walker",4,15,5832,842209,"Colbourn-Martirosyan-TVT-Walker",NA,NA,"ARITH_OPEN"
"Colbourn-Martirosyan-TVT-Walker",4,15,6096,858050,"Colbourn-Martirosyan-TVT-Walker",NA,NA,"ARITH_OPEN"
"Colbourn-Martirosyan-TVT-Walker",4,15,6120,861937,"Colbourn-Martirosyan-TVT-Walker",NA,NA,"ARITH_OPEN"
"Colbourn-Martirosyan-TVT-Walker",4,15,6137,861997,"Colbourn-Martirosyan-TVT-Walker",NA,NA,"ARITH_OPEN"
"Colbourn-Martirosyan-TVT-Walker",4,15,6171,866083,"Colbourn-Martirosyan-TVT-Walker",NA,NA,"ARITH_OPEN"
"Colbourn-Martirosyan-TVT-Walker",4,15,6307,868551,"Colbourn-Martirosyan-TVT-Walker",NA,NA,"ARITH_OPEN"
"Colbourn-Martirosyan-TVT-Walker",4,15,6375,869797,"Colbourn-Martirosyan-TVT-Walker",NA,NA,"ARITH_OPEN"
"Colbourn-Martirosyan-TVT-Walker",4,15,6477,872313,"Colbourn-Martirosyan-TVT-Walker",NA,NA,"ARITH_OPEN"
"Colbourn-Martirosyan-TVT-Walker",4,15,6511,890377,"Colbourn-Martirosyan-TVT-Walker",NA,NA,"ARITH_OPEN"
"Colbourn-Martirosyan-TVT-Walker",4,15,6696,901522,"Colbourn-Martirosyan-TVT-Walker",NA,NA,"ARITH_OPEN"
"Colbourn-Martirosyan-TVT-Walker",4,15,6987,903521,"Colbourn-Martirosyan-TVT-Walker",NA,NA,"ARITH_OPEN"
"Colbourn-Martirosyan-TVT-Walker",4,15,7191,907523,"Colbourn-Martirosyan-TVT-Walker",NA,NA,"ARITH_OPEN"
"Colbourn-Martirosyan-TVT-Walker",4,15,7225,911597,"Colbourn-Martirosyan-TVT-Walker",NA,NA,"ARITH_OPEN"
"Colbourn-Martirosyan-TVT-Walker",4,15,7395,915683,"Colbourn-Martirosyan-TVT-Walker",NA,NA,"ARITH_OPEN"
"Colbourn-Martirosyan-TVT-Walker",4,15,7514,918439,"Colbourn-Martirosyan-TVT-Walker",NA,NA,"ARITH_OPEN"
"Colbourn-Martirosyan-TVT-Walker",4,15,7531,922525,"Colbourn-Martirosyan-TVT-Walker",NA,NA,"ARITH_OPEN"
"Colbourn-Martirosyan-TVT-Walker",4,15,7599,923915,"Colbourn-Martirosyan-TVT-Walker",NA,NA,"ARITH_OPEN"
"Colbourn-Martirosyan-TVT-Walker",4,15,7667,926719,"Colbourn-Martirosyan-TVT-Walker",NA,NA,"ARITH_OPEN"
"Colbourn-Martirosyan-TVT-Walker",4,15,7776,961729,"Colbourn-Martirosyan-TVT-Walker",NA,NA,"ARITH_OPEN"
"Colbourn-Martirosyan-TVT-Walker",4,15,7920,964485,"Colbourn-Martirosyan-TVT-Walker",NA,NA,"ARITH_OPEN"
"Colbourn-Martirosyan-TVT-Walker",4,15,7956,965875,"Colbourn-Martirosyan-TVT-Walker",NA,NA,"ARITH_OPEN"
"Colbourn-Martirosyan-TVT-Walker",4,15,7992,969961,"Colbourn-Martirosyan-TVT-Walker",NA,NA,"ARITH_OPEN"
"Colbourn-Martirosyan-TVT-Walker",4,15,8118,972765,"Colbourn-Martirosyan-TVT-Walker",NA,NA,"ARITH_OPEN"
"Colbourn-Martirosyan-TVT-Walker",3,16,3888,19456,"Colbourn-Martirosyan-TVT-Walker","3.4",19456,"ARITHMETIC"
"Colbourn-Martirosyan-TVT-Walker",3,16,4368,19471,"Colbourn-Martirosyan-TVT-Walker","3.4",19471,"ARITHMETIC"
"Colbourn-Martirosyan-TVT-Walker",4,16,256,315136,"Colbourn-Martirosyan-TVT-Walker",NA,NA,"ARITH_OPEN"
"Colbourn-Martirosyan-TVT-Walker",4,16,272,322816,"Colbourn-Martirosyan-TVT-Walker",NA,NA,"ARITH_OPEN"
"Colbourn-Martirosyan-TVT-Walker",4,16,2976,630541,"Colbourn-Martirosyan-TVT-Walker",NA,NA,"ARITH_OPEN"
"Colbourn-Martirosyan-TVT-Walker",4,16,3162,654782,"Colbourn-Martirosyan-TVT-Walker",NA,NA,"ARITH_OPEN"
"Colbourn-Martirosyan-TVT-Walker",4,16,3888,683536,"Colbourn-Martirosyan-TVT-Walker",NA,NA,"ARITH_OPEN"
"Colbourn-Martirosyan-TVT-Walker",4,16,4096,683761,"Colbourn-Martirosyan-TVT-Walker",NA,NA,"ARITH_OPEN"
"Colbourn-Martirosyan-TVT-Walker",4,16,4112,699375,"Colbourn-Martirosyan-TVT-Walker",NA,NA,"ARITH_OPEN"
"Colbourn-Martirosyan-TVT-Walker",4,16,4128,699886,"Colbourn-Martirosyan-TVT-Walker",NA,NA,"ARITH_OPEN"
"Colbourn-Martirosyan-TVT-Walker",4,16,4144,699888,"Colbourn-Martirosyan-TVT-Walker",NA,NA,"ARITH_OPEN"
"Colbourn-Martirosyan-TVT-Walker",4,16,4208,702740,"Colbourn-Martirosyan-TVT-Walker",NA,NA,"ARITH_OPEN"
"Colbourn-Martirosyan-TVT-Walker",4,16,4224,702994,"Colbourn-Martirosyan-TVT-Walker",NA,NA,"ARITH_OPEN"
"Colbourn-Martirosyan-TVT-Walker",4,16,4336,703002,"Colbourn-Martirosyan-TVT-Walker",NA,NA,"ARITH_OPEN"
"Colbourn-Martirosyan-TVT-Walker",4,16,4352,706188,"Colbourn-Martirosyan-TVT-Walker",NA,NA,"ARITH_OPEN"
"Colbourn-Martirosyan-TVT-Walker",4,16,4368,706668,"Colbourn-Martirosyan-TVT-Walker",NA,NA,"ARITH_OPEN"
"Colbourn-Martirosyan-TVT-Walker",4,16,4369,724156,"Colbourn-Martirosyan-TVT-Walker",NA,NA,"ARITH_OPEN"
"Colbourn-Martirosyan-TVT-Walker",4,16,4386,724667,"Colbourn-Martirosyan-TVT-Walker",NA,NA,"ARITH_OPEN"
"Colbourn-Martirosyan-TVT-Walker",4,16,4403,724669,"Colbourn-Martirosyan-TVT-Walker",NA,NA,"ARITH_OPEN"
"Colbourn-Martirosyan-TVT-Walker",4,16,4471,727521,"Colbourn-Martirosyan-TVT-Walker",NA,NA,"ARITH_OPEN"
"Colbourn-Martirosyan-TVT-Walker",4,16,4488,727775,"Colbourn-Martirosyan-TVT-Walker",NA,NA,"ARITH_OPEN"
"Colbourn-Martirosyan-TVT-Walker",4,16,4607,727783,"Colbourn-Martirosyan-TVT-Walker",NA,NA,"ARITH_OPEN"
"Colbourn-Martirosyan-TVT-Walker",4,16,4624,730969,"Colbourn-Martirosyan-TVT-Walker",NA,NA,"ARITH_OPEN"
"Colbourn-Martirosyan-TVT-Walker",4,16,4641,731449,"Colbourn-Martirosyan-TVT-Walker",NA,NA,"ARITH_OPEN"
"Colbourn-Martirosyan-TVT-Walker",4,16,4752,743428,"Colbourn-Martirosyan-TVT-Walker",NA,NA,"ARITH_OPEN"
"Colbourn-Martirosyan-TVT-Walker",4,16,4784,747028,"Colbourn-Martirosyan-TVT-Walker",NA,NA,"ARITH_OPEN"
"Colbourn-Martirosyan-TVT-Walker",4,16,4912,749256,"Colbourn-Martirosyan-TVT-Walker",NA,NA,"ARITH_OPEN"
"Colbourn-Martirosyan-TVT-Walker",4,16,4914,760314,"Colbourn-Martirosyan-TVT-Walker",NA,NA,"ARITH_OPEN"
"Colbourn-Martirosyan-TVT-Walker",4,16,4930,771743,"Colbourn-Martirosyan-TVT-Walker",NA,NA,"ARITH_OPEN"
"Colbourn-Martirosyan-TVT-Walker",4,16,5049,771983,"Colbourn-Martirosyan-TVT-Walker",NA,NA,"ARITH_OPEN"
"Colbourn-Martirosyan-TVT-Walker",4,16,5083,775583,"Colbourn-Martirosyan-TVT-Walker",NA,NA,"ARITH_OPEN"
"Colbourn-Martirosyan-TVT-Walker",4,16,5219,777811,"Colbourn-Martirosyan-TVT-Walker",NA,NA,"ARITH_OPEN"
"Colbourn-Martirosyan-TVT-Walker",4,16,5220,796532,"Colbourn-Martirosyan-TVT-Walker",NA,NA,"ARITH_OPEN"
"Colbourn-Martirosyan-TVT-Walker",4,16,5274,796776,"Colbourn-Martirosyan-TVT-Walker",NA,NA,"ARITH_OPEN"
"Colbourn-Martirosyan-TVT-Walker",4,16,5292,799092,"Colbourn-Martirosyan-TVT-Walker",NA,NA,"ARITH_OPEN"
"Colbourn-Martirosyan-TVT-Walker",4,16,5346,799100,"Colbourn-Martirosyan-TVT-Walker",NA,NA,"ARITH_OPEN"
"Colbourn-Martirosyan-TVT-Walker",4,16,5418,802700,"Colbourn-Martirosyan-TVT-Walker",NA,NA,"ARITH_OPEN"
"Colbourn-Martirosyan-TVT-Walker",4,16,5526,810780,"Colbourn-Martirosyan-TVT-Walker",NA,NA,"ARITH_OPEN"
"Colbourn-Martirosyan-TVT-Walker",4,16,5536,838438,"Colbourn-Martirosyan-TVT-Walker",NA,NA,"ARITH_OPEN"
"Colbourn-Martirosyan-TVT-Walker",4,16,5632,838678,"Colbourn-Martirosyan-TVT-Walker",NA,NA,"ARITH_OPEN"
"Colbourn-Martirosyan-TVT-Walker",4,16,5744,846358,"Colbourn-Martirosyan-TVT-Walker",NA,NA,"ARITH_OPEN"
"Colbourn-Martirosyan-TVT-Walker",4,16,5760,848826,"Colbourn-Martirosyan-TVT-Walker",NA,NA,"ARITH_OPEN"
"Colbourn-Martirosyan-TVT-Walker",4,16,5872,848886,"Colbourn-Martirosyan-TVT-Walker",NA,NA,"ARITH_OPEN"
"Colbourn-Martirosyan-TVT-Walker",4,16,5936,850132,"Colbourn-Martirosyan-TVT-Walker",NA,NA,"ARITH_OPEN"
"Colbourn-Martirosyan-TVT-Walker",4,16,6064,852648,"Colbourn-Martirosyan-TVT-Walker",NA,NA,"ARITH_OPEN"
"Colbourn-Martirosyan-TVT-Walker",4,16,6096,861706,"Colbourn-Martirosyan-TVT-Walker",NA,NA,"ARITH_OPEN"
"Colbourn-Martirosyan-TVT-Walker",4,16,6120,873051,"Colbourn-Martirosyan-TVT-Walker",NA,NA,"ARITH_OPEN"
"Colbourn-Martirosyan-TVT-Walker",4,16,6239,886747,"Colbourn-Martirosyan-TVT-Walker",NA,NA,"ARITH_OPEN"
"Colbourn-Martirosyan-TVT-Walker",4,16,6307,887993,"Colbourn-Martirosyan-TVT-Walker",NA,NA,"ARITH_OPEN"
"Colbourn-Martirosyan-TVT-Walker",4,16,6336,890281,"Colbourn-Martirosyan-TVT-Walker",NA,NA,"ARITH_OPEN"
"Colbourn-Martirosyan-TVT-Walker",4,16,6443,890509,"Colbourn-Martirosyan-TVT-Walker",NA,NA,"ARITH_OPEN"
"Colbourn-Martirosyan-TVT-Walker",4,16,6512,894121,"Colbourn-Martirosyan-TVT-Walker",NA,NA,"ARITH_OPEN"
"Colbourn-Martirosyan-TVT-Walker",4,16,6656,898123,"Colbourn-Martirosyan-TVT-Walker",NA,NA,"ARITH_OPEN"
"Colbourn-Martirosyan-TVT-Walker",4,16,6704,901963,"Colbourn-Martirosyan-TVT-Walker",NA,NA,"ARITH_OPEN"
"Colbourn-Martirosyan-TVT-Walker",4,16,6896,906037,"Colbourn-Martirosyan-TVT-Walker",NA,NA,"ARITH_OPEN"
"Colbourn-Martirosyan-TVT-Walker",4,16,7024,908793,"Colbourn-Martirosyan-TVT-Walker",NA,NA,"ARITH_OPEN"
"Colbourn-Martirosyan-TVT-Walker",4,16,7088,910183,"Colbourn-Martirosyan-TVT-Walker",NA,NA,"ARITH_OPEN"
"Colbourn-Martirosyan-TVT-Walker",4,16,7168,912987,"Colbourn-Martirosyan-TVT-Walker",NA,NA,"ARITH_OPEN"
"Colbourn-Martirosyan-TVT-Walker",4,16,7216,916827,"Colbourn-Martirosyan-TVT-Walker",NA,NA,"ARITH_OPEN"
"Colbourn-Martirosyan-TVT-Walker",4,16,7327,948218,"Colbourn-Martirosyan-TVT-Walker",NA,NA,"ARITH_OPEN"
"Colbourn-Martirosyan-TVT-Walker",4,16,7463,950974,"Colbourn-Martirosyan-TVT-Walker",NA,NA,"ARITH_OPEN"
"Colbourn-Martirosyan-TVT-Walker",4,16,7531,952364,"Colbourn-Martirosyan-TVT-Walker",NA,NA,"ARITH_OPEN"
"Colbourn-Martirosyan-TVT-Walker",4,16,7616,955168,"Colbourn-Martirosyan-TVT-Walker",NA,NA,"ARITH_OPEN"
"Colbourn-Martirosyan-TVT-Walker",4,16,7667,959263,"Colbourn-Martirosyan-TVT-Walker",NA,NA,"ARITH_OPEN"
"Colbourn-Martirosyan-TVT-Walker",4,16,7794,977447,"Colbourn-Martirosyan-TVT-Walker",NA,NA,"ARITH_OPEN"
"Colbourn-Martirosyan-TVT-Walker",4,16,7866,978885,"Colbourn-Martirosyan-TVT-Walker",NA,NA,"ARITH_OPEN"
"Colbourn-Martirosyan-TVT-Walker",4,16,8064,983247,"Colbourn-Martirosyan-TVT-Walker",NA,NA,"ARITH_OPEN"
"Colbourn-Martirosyan-TVT-Walker",4,16,8082,987342,"Colbourn-Martirosyan-TVT-Walker",NA,NA,"ARITH_OPEN"
"Colbourn-Martirosyan-TVT-Walker",4,16,8192,987856,"Colbourn-Martirosyan-TVT-Walker",NA,NA,"ARITH_OPEN"
"Colbourn-Martirosyan-TVT-Walker",4,16,8304,988081,"Colbourn-Martirosyan-TVT-Walker",NA,NA,"ARITH_OPEN"
"Colbourn-Martirosyan-TVT-Walker",4,16,8736,991921,"Colbourn-Martirosyan-TVT-Walker",NA,NA,"ARITH_OPEN"
"Colbourn-Martirosyan-TVT-Walker",4,16,10000,995296,"Colbourn-Martirosyan-TVT-Walker",NA,NA,"ARITH_OPEN"
"Colbourn-Martirosyan-TVT-Walker",3,17,4675,23409,"Colbourn-Martirosyan-TVT-Walker","3.4",23409,"ARITHMETIC"
"Colbourn-Martirosyan-TVT-Walker",3,17,5219,23425,"Colbourn-Martirosyan-TVT-Walker","3.4",23425,"ARITHMETIC"
"Colbourn-Martirosyan-TVT-Walker",4,17,36,245345,"Colbourn-Martirosyan-TVT-Walker",NA,NA,"ARITH_OPEN"
"Colbourn-Martirosyan-TVT-Walker",4,17,289,402577,"Colbourn-Martirosyan-TVT-Walker",NA,NA,"ARITH_OPEN"
"Colbourn-Martirosyan-TVT-Walker",4,17,2975,805409,"Colbourn-Martirosyan-TVT-Walker",NA,NA,"ARITH_OPEN"
"Colbourn-Martirosyan-TVT-Walker",4,17,3451,805457,"Colbourn-Martirosyan-TVT-Walker",NA,NA,"ARITH_OPEN"
"Colbourn-Martirosyan-TVT-Walker",4,17,3654,863986,"Colbourn-Martirosyan-TVT-Walker",NA,NA,"ARITH_OPEN"
"Colbourn-Martirosyan-TVT-Walker",4,17,4675,873953,"Colbourn-Martirosyan-TVT-Walker",NA,NA,"ARITH_OPEN"
"Colbourn-Martirosyan-TVT-Walker",4,17,4913,874209,"Colbourn-Martirosyan-TVT-Walker",NA,NA,"ARITH_OPEN"
"Colbourn-Martirosyan-TVT-Walker",4,17,4930,907408,"Colbourn-Martirosyan-TVT-Walker",NA,NA,"ARITH_OPEN"
"Colbourn-Martirosyan-TVT-Walker",4,17,4981,909441,"Colbourn-Martirosyan-TVT-Walker",NA,NA,"ARITH_OPEN"
"Colbourn-Martirosyan-TVT-Walker",4,17,4998,909728,"Colbourn-Martirosyan-TVT-Walker",NA,NA,"ARITH_OPEN"
"Colbourn-Martirosyan-TVT-Walker",4,17,5066,909733,"Colbourn-Martirosyan-TVT-Walker",NA,NA,"ARITH_OPEN"
"Colbourn-Martirosyan-TVT-Walker",4,17,5219,917813,"Colbourn-Martirosyan-TVT-Walker",NA,NA,"ARITH_OPEN"
"Colbourn-Martirosyan-TVT-Walker",4,17,5220,967457,"Colbourn-Martirosyan-TVT-Walker",NA,NA,"ARITH_OPEN"
"Colbourn-Martirosyan-TVT-Walker",4,17,5274,969490,"Colbourn-Martirosyan-TVT-Walker",NA,NA,"ARITH_OPEN"
"Colbourn-Martirosyan-TVT-Walker",4,17,5292,969777,"Colbourn-Martirosyan-TVT-Walker",NA,NA,"ARITH_OPEN"
"Colbourn-Martirosyan-TVT-Walker",4,17,5364,969782,"Colbourn-Martirosyan-TVT-Walker",NA,NA,"ARITH_OPEN"
"Colbourn-Martirosyan-TVT-Walker",4,17,5526,977862,"Colbourn-Martirosyan-TVT-Walker",NA,NA,"ARITH_OPEN"
"Colbourn-Martirosyan-TVT-Walker",4,17,5542,984663,"Colbourn-Martirosyan-TVT-Walker",NA,NA,"ARITH_OPEN"
"Colbourn-Martirosyan-TVT-Walker",4,17,5678,987131,"Colbourn-Martirosyan-TVT-Walker",NA,NA,"ARITH_OPEN"
"Colbourn-Martirosyan-TVT-Walker",4,17,5746,988377,"Colbourn-Martirosyan-TVT-Walker",NA,NA,"ARITH_OPEN"
"Colbourn-Martirosyan-TVT-Walker",4,17,5865,990893,"Colbourn-Martirosyan-TVT-Walker",NA,NA,"ARITH_OPEN"
"Colbourn-Martirosyan-TVT-Walker",4,17,5882,991181,"Colbourn-Martirosyan-TVT-Walker",NA,NA,"ARITH_OPEN"
"Colbourn-Martirosyan-TVT-Walker",4,17,6069,1000239,"Colbourn-Martirosyan-TVT-Walker",NA,NA,"ARITH_OPEN"
"Colbourn-Martirosyan-TVT-Walker",4,17,6341,1023359,"Colbourn-Martirosyan-TVT-Walker",NA,NA,"ARITH_OPEN"
"Colbourn-Martirosyan-TVT-Walker",4,17,6358,1023631,"Colbourn-Martirosyan-TVT-Walker",NA,NA,"ARITH_OPEN"
"Colbourn-Martirosyan-TVT-Walker",4,17,6477,1027633,"Colbourn-Martirosyan-TVT-Walker",NA,NA,"ARITH_OPEN"
"Colbourn-Martirosyan-TVT-Walker",4,17,6494,1101617,"Colbourn-Martirosyan-TVT-Walker",NA,NA,"ARITH_OPEN"
"Colbourn-Martirosyan-TVT-Walker",4,17,6714,1104288,"Colbourn-Martirosyan-TVT-Walker",NA,NA,"ARITH_OPEN"
"Colbourn-Martirosyan-TVT-Walker",4,17,6732,1104560,"Colbourn-Martirosyan-TVT-Walker",NA,NA,"ARITH_OPEN"
"Colbourn-Martirosyan-TVT-Walker",4,17,6858,1108562,"Colbourn-Martirosyan-TVT-Walker",NA,NA,"ARITH_OPEN"
"Colbourn-Martirosyan-TVT-Walker",4,17,6902,1115951,"Colbourn-Martirosyan-TVT-Walker",NA,NA,"ARITH_OPEN"
"Colbourn-Martirosyan-TVT-Walker",4,17,6970,1117341,"Colbourn-Martirosyan-TVT-Walker",NA,NA,"ARITH_OPEN"
"Colbourn-Martirosyan-TVT-Walker",4,17,7106,1120145,"Colbourn-Martirosyan-TVT-Walker",NA,NA,"ARITH_OPEN"
"Colbourn-Martirosyan-TVT-Walker",4,17,7310,1124411,"Colbourn-Martirosyan-TVT-Walker",NA,NA,"ARITH_OPEN"
"Colbourn-Martirosyan-TVT-Walker",4,17,7378,1125849,"Colbourn-Martirosyan-TVT-Walker",NA,NA,"ARITH_OPEN"
"Colbourn-Martirosyan-TVT-Walker",4,17,7497,1130211,"Colbourn-Martirosyan-TVT-Walker",NA,NA,"ARITH_OPEN"
"Colbourn-Martirosyan-TVT-Walker",4,17,7582,1144083,"Colbourn-Martirosyan-TVT-Walker",NA,NA,"ARITH_OPEN"
"Colbourn-Martirosyan-TVT-Walker",4,17,7786,1148517,"Colbourn-Martirosyan-TVT-Walker",NA,NA,"ARITH_OPEN"
"Colbourn-Martirosyan-TVT-Walker",4,17,7990,1153023,"Colbourn-Martirosyan-TVT-Walker",NA,NA,"ARITH_OPEN"
"Colbourn-Martirosyan-TVT-Walker",4,17,8126,1156067,"Colbourn-Martirosyan-TVT-Walker",NA,NA,"ARITH_OPEN"
"Colbourn-Martirosyan-TVT-Walker",4,17,8330,1160693,"Colbourn-Martirosyan-TVT-Walker",NA,NA,"ARITH_OPEN"
"Colbourn-Martirosyan-TVT-Walker",4,17,8381,1166973,"Colbourn-Martirosyan-TVT-Walker",NA,NA,"ARITH_OPEN"
"Colbourn-Martirosyan-TVT-Walker",4,17,8415,1171597,"Colbourn-Martirosyan-TVT-Walker",NA,NA,"ARITH_OPEN"
"Colbourn-Martirosyan-TVT-Walker",4,17,8602,1240349,"Colbourn-Martirosyan-TVT-Walker",NA,NA,"ARITH_OPEN"
"Colbourn-Martirosyan-TVT-Walker",4,17,8670,1243537,"Colbourn-Martirosyan-TVT-Walker",NA,NA,"ARITH_OPEN"
"Colbourn-Martirosyan-TVT-Walker",4,17,8738,1248161,"Colbourn-Martirosyan-TVT-Walker",NA,NA,"ARITH_OPEN"
"Colbourn-Martirosyan-TVT-Walker",4,17,8891,1253937,"Colbourn-Martirosyan-TVT-Walker",NA,NA,"ARITH_OPEN"
"Colbourn-Martirosyan-TVT-Walker",4,17,9248,1258833,"Colbourn-Martirosyan-TVT-Walker",NA,NA,"ARITH_OPEN"
"Colbourn-Martirosyan-TVT-Walker",4,17,9707,1263457,"Colbourn-Martirosyan-TVT-Walker",NA,NA,"ARITH_OPEN"
"Colbourn-Martirosyan-TVT-Walker",4,17,9809,1268081,"Colbourn-Martirosyan-TVT-Walker",NA,NA,"ARITH_OPEN"
"Colbourn-Martirosyan-TVT-Walker",4,17,10000,1268337,"Colbourn-Martirosyan-TVT-Walker",NA,NA,"ARITH_OPEN"
"Colbourn-Martirosyan-TVT-Walker",3,18,6555,32849,"Colbourn-Martirosyan-TVT-Walker","3.4 at v+1, fused",32849,"ARITHMETIC"
"Colbourn-Martirosyan-TVT-Walker",3,18,7239,32867,"Colbourn-Martirosyan-TVT-Walker","3.4 at v+1, fused",32867,"ARITHMETIC"
"Colbourn-Martirosyan-TVT-Walker",4,18,40,356094,"Colbourn-Martirosyan-TVT-Walker",NA,NA,"ARITH_OPEN"
"Colbourn-Martirosyan-TVT-Walker",4,18,380,642847,"Colbourn-Martirosyan-TVT-Walker",NA,NA,"ARITH_OPEN"
"Colbourn-Martirosyan-TVT-Walker",4,18,400,649648,"Colbourn-Martirosyan-TVT-Walker",NA,NA,"ARITH_OPEN"
"Colbourn-Martirosyan-TVT-Walker",4,18,4660,1287230,"Colbourn-Martirosyan-TVT-Walker",NA,NA,"ARITH_OPEN"
"Colbourn-Martirosyan-TVT-Walker",4,18,6900,1396616,"Colbourn-Martirosyan-TVT-Walker",NA,NA,"ARITH_OPEN"
"Colbourn-Martirosyan-TVT-Walker",4,18,7180,1396958,"Colbourn-Martirosyan-TVT-Walker",NA,NA,"ARITH_OPEN"
"Colbourn-Martirosyan-TVT-Walker",4,18,7200,1397313,"Colbourn-Martirosyan-TVT-Walker",NA,NA,"ARITH_OPEN"
"Colbourn-Martirosyan-TVT-Walker",4,18,7220,1397316,"Colbourn-Martirosyan-TVT-Walker",NA,NA,"ARITH_OPEN"
"Colbourn-Martirosyan-TVT-Walker",4,18,7239,1421496,"Colbourn-Martirosyan-TVT-Walker",NA,NA,"ARITH_OPEN"
"Colbourn-Martirosyan-TVT-Walker",4,18,7240,1423100,"Colbourn-Martirosyan-TVT-Walker",NA,NA,"ARITH_OPEN"
"Colbourn-Martirosyan-TVT-Walker",4,18,7320,1424538,"Colbourn-Martirosyan-TVT-Walker",NA,NA,"ARITH_OPEN"
"Colbourn-Martirosyan-TVT-Walker",4,18,7340,1428534,"Colbourn-Martirosyan-TVT-Walker",NA,NA,"ARITH_OPEN"
"Colbourn-Martirosyan-TVT-Walker",4,18,7360,1428889,"Colbourn-Martirosyan-TVT-Walker",NA,NA,"ARITH_OPEN"
"Colbourn-Martirosyan-TVT-Walker",4,18,7560,1428900,"Colbourn-Martirosyan-TVT-Walker",NA,NA,"ARITH_OPEN"
"Colbourn-Martirosyan-TVT-Walker",4,18,7600,1433334,"Colbourn-Martirosyan-TVT-Walker",NA,NA,"ARITH_OPEN"
"Colbourn-Martirosyan-TVT-Walker",4,18,7620,1435174,"Colbourn-Martirosyan-TVT-Walker",NA,NA,"ARITH_OPEN"
"Colbourn-Martirosyan-TVT-Walker",4,18,7640,1539826,"Colbourn-Martirosyan-TVT-Walker",NA,NA,"ARITH_OPEN"
"Colbourn-Martirosyan-TVT-Walker",4,18,7660,1545944,"Colbourn-Martirosyan-TVT-Walker",NA,NA,"ARITH_OPEN"
"Colbourn-Martirosyan-TVT-Walker",4,18,7680,1553983,"Colbourn-Martirosyan-TVT-Walker",NA,NA,"ARITH_OPEN"
"Colbourn-Martirosyan-TVT-Walker",4,18,7700,1557061,"Colbourn-Martirosyan-TVT-Walker",NA,NA,"ARITH_OPEN"
"Colbourn-Martirosyan-TVT-Walker",4,18,7800,1563141,"Colbourn-Martirosyan-TVT-Walker",NA,NA,"ARITH_OPEN"
"Colbourn-Martirosyan-TVT-Walker",4,18,8000,1567647,"Colbourn-Martirosyan-TVT-Walker",NA,NA,"ARITH_OPEN"
"Colbourn-Martirosyan-TVT-Walker",4,18,8040,1637974,"Colbourn-Martirosyan-TVT-Walker",NA,NA,"ARITH_OPEN"
"Colbourn-Martirosyan-TVT-Walker",4,18,8100,1641018,"Colbourn-Martirosyan-TVT-Walker",NA,NA,"ARITH_OPEN"
"Colbourn-Martirosyan-TVT-Walker",4,18,10000,1733827,"Colbourn-Martirosyan-TVT-Walker",NA,NA,"ARITH_OPEN"
"Colbourn-Martirosyan-TVT-Walker",3,19,6555,32851,"Colbourn-Martirosyan-TVT-Walker","3.4",32851,"ARITHMETIC"
"Colbourn-Martirosyan-TVT-Walker",3,19,7239,32869,"Colbourn-Martirosyan-TVT-Walker","3.4",32869,"ARITHMETIC"
"Colbourn-Martirosyan-TVT-Walker",4,19,38,377227,"Colbourn-Martirosyan-TVT-Walker",NA,NA,"ARITH_OPEN"
"Colbourn-Martirosyan-TVT-Walker",4,19,40,383725,"Colbourn-Martirosyan-TVT-Walker",NA,NA,"ARITH_OPEN"
"Colbourn-Martirosyan-TVT-Walker",4,19,361,630667,"Colbourn-Martirosyan-TVT-Walker",NA,NA,"ARITH_OPEN"
"Colbourn-Martirosyan-TVT-Walker",4,19,3629,1260973,"Colbourn-Martirosyan-TVT-Walker",NA,NA,"ARITH_OPEN"
"Colbourn-Martirosyan-TVT-Walker",4,19,3743,1261315,"Colbourn-Martirosyan-TVT-Walker",NA,NA,"ARITH_OPEN"
"Colbourn-Martirosyan-TVT-Walker",4,19,3781,1261657,"Colbourn-Martirosyan-TVT-Walker",NA,NA,"ARITH_OPEN"
"Colbourn-Martirosyan-TVT-Walker",4,19,4427,1261711,"Colbourn-Martirosyan-TVT-Walker",NA,NA,"ARITH_OPEN"
"Colbourn-Martirosyan-TVT-Walker",4,19,6555,1371097,"Colbourn-Martirosyan-TVT-Walker",NA,NA,"ARITH_OPEN"
"Colbourn-Martirosyan-TVT-Walker",4,19,6859,1371421,"Colbourn-Martirosyan-TVT-Walker",NA,NA,"ARITH_OPEN"
"Colbourn-Martirosyan-TVT-Walker",4,19,6878,1456938,"Colbourn-Martirosyan-TVT-Walker",NA,NA,"ARITH_OPEN"
"Colbourn-Martirosyan-TVT-Walker",4,19,6973,1460935,"Colbourn-Martirosyan-TVT-Walker",NA,NA,"ARITH_OPEN"
"Colbourn-Martirosyan-TVT-Walker",4,19,6992,1461294,"Colbourn-Martirosyan-TVT-Walker",NA,NA,"ARITH_OPEN"
"Colbourn-Martirosyan-TVT-Walker",4,19,7106,1461301,"Colbourn-Martirosyan-TVT-Walker",NA,NA,"ARITH_OPEN"
"Colbourn-Martirosyan-TVT-Walker",4,19,7144,1465735,"Colbourn-Martirosyan-TVT-Walker",NA,NA,"ARITH_OPEN"
"Colbourn-Martirosyan-TVT-Walker",4,19,7239,1466077,"Colbourn-Martirosyan-TVT-Walker",NA,NA,"ARITH_OPEN"
"Colbourn-Martirosyan-TVT-Walker",4,19,7258,1583041,"Colbourn-Martirosyan-TVT-Walker",NA,NA,"ARITH_OPEN"
"Colbourn-Martirosyan-TVT-Walker",4,19,7277,1588873,"Colbourn-Martirosyan-TVT-Walker",NA,NA,"ARITH_OPEN"
"Colbourn-Martirosyan-TVT-Walker",4,19,7334,1595029,"Colbourn-Martirosyan-TVT-Walker",NA,NA,"ARITH_OPEN"
"Colbourn-Martirosyan-TVT-Walker",4,19,7505,1599535,"Colbourn-Martirosyan-TVT-Walker",NA,NA,"ARITH_OPEN"
"Colbourn-Martirosyan-TVT-Walker",4,19,7562,1600165,"Colbourn-Martirosyan-TVT-Walker",NA,NA,"ARITH_OPEN"
"Colbourn-Martirosyan-TVT-Walker",4,19,7581,1603209,"Colbourn-Martirosyan-TVT-Walker",NA,NA,"ARITH_OPEN"
"Colbourn-Martirosyan-TVT-Walker",4,19,7695,1603227,"Colbourn-Martirosyan-TVT-Walker",NA,NA,"ARITH_OPEN"
"Colbourn-Martirosyan-TVT-Walker",4,19,7714,1670331,"Colbourn-Martirosyan-TVT-Walker",NA,NA,"ARITH_OPEN"
"Colbourn-Martirosyan-TVT-Walker",4,19,7942,1674957,"Colbourn-Martirosyan-TVT-Walker",NA,NA,"ARITH_OPEN"
"Colbourn-Martirosyan-TVT-Walker",4,19,8246,1681237,"Colbourn-Martirosyan-TVT-Walker",NA,NA,"ARITH_OPEN"
"Colbourn-Martirosyan-TVT-Walker",4,19,8398,1684425,"Colbourn-Martirosyan-TVT-Walker",NA,NA,"ARITH_OPEN"
"Colbourn-Martirosyan-TVT-Walker",4,19,8531,1690897,"Colbourn-Martirosyan-TVT-Walker",NA,NA,"ARITH_OPEN"
"Colbourn-Martirosyan-TVT-Walker",4,19,8702,1691239,"Colbourn-Martirosyan-TVT-Walker",NA,NA,"ARITH_OPEN"
"Colbourn-Martirosyan-TVT-Walker",4,19,8778,1699851,"Colbourn-Martirosyan-TVT-Walker",NA,NA,"ARITH_OPEN"
"Colbourn-Martirosyan-TVT-Walker",4,19,9082,1699923,"Colbourn-Martirosyan-TVT-Walker",NA,NA,"ARITH_OPEN"
"Colbourn-Martirosyan-TVT-Walker",4,19,9158,1701601,"Colbourn-Martirosyan-TVT-Walker",NA,NA,"ARITH_OPEN"
"Colbourn-Martirosyan-TVT-Walker",4,19,9538,1710111,"Colbourn-Martirosyan-TVT-Walker",NA,NA,"ARITH_OPEN"
"Colbourn-Martirosyan-TVT-Walker",4,19,9614,1711837,"Colbourn-Martirosyan-TVT-Walker",NA,NA,"ARITH_OPEN"
"Colbourn-Martirosyan-TVT-Walker",4,19,9671,1717063,"Colbourn-Martirosyan-TVT-Walker",NA,NA,"ARITH_OPEN"
"Colbourn-Martirosyan-TVT-Walker",4,19,9747,1717459,"Colbourn-Martirosyan-TVT-Walker",NA,NA,"ARITH_OPEN"
"Colbourn-Martirosyan-TVT-Walker",4,19,9842,1749949,"Colbourn-Martirosyan-TVT-Walker",NA,NA,"ARITH_OPEN"
"Colbourn-Martirosyan-TVT-Walker",4,19,9994,1753473,"Colbourn-Martirosyan-TVT-Walker",NA,NA,"ARITH_OPEN"
"Colbourn-Martirosyan-TVT-Walker",4,19,10000,1758819,"Colbourn-Martirosyan-TVT-Walker",NA,NA,"ARITH_OPEN"
"Colbourn-Martirosyan-TVT-Walker",4,20,40,629264,"Colbourn-Martirosyan-TVT-Walker",NA,NA,"ARITH_OPEN"
"Colbourn-Martirosyan-TVT-Walker",4,20,42,668043,"Colbourn-Martirosyan-TVT-Walker",NA,NA,"ARITH_OPEN"
"Colbourn-Martirosyan-TVT-Walker",4,20,44,668233,"Colbourn-Martirosyan-TVT-Walker",NA,NA,"ARITH_OPEN"
"Colbourn-Martirosyan-TVT-Walker",4,20,46,668461,"Colbourn-Martirosyan-TVT-Walker",NA,NA,"ARITH_OPEN"
"Colbourn-Martirosyan-TVT-Walker",4,20,48,668727,"Colbourn-Martirosyan-TVT-Walker",NA,NA,"ARITH_OPEN"
"Colbourn-Martirosyan-TVT-Walker",4,20,108,1042023,"Colbourn-Martirosyan-TVT-Walker",NA,NA,"ARITH_OPEN"
"Colbourn-Martirosyan-TVT-Walker",4,20,110,1044187,"Colbourn-Martirosyan-TVT-Walker",NA,NA,"ARITH_OPEN"
"Colbourn-Martirosyan-TVT-Walker",4,20,115,1044415,"Colbourn-Martirosyan-TVT-Walker",NA,NA,"ARITH_OPEN"
"Colbourn-Martirosyan-TVT-Walker",4,20,120,1044681,"Colbourn-Martirosyan-TVT-Walker",NA,NA,"ARITH_OPEN"
"Colbourn-Martirosyan-TVT-Walker",4,20,312,1228543,"Colbourn-Martirosyan-TVT-Walker",NA,NA,"ARITH_OPEN"
"Colbourn-Martirosyan-TVT-Walker",4,20,336,1243071,"Colbourn-Martirosyan-TVT-Walker",NA,NA,"ARITH_OPEN"
"Colbourn-Martirosyan-TVT-Walker",4,20,360,1255341,"Colbourn-Martirosyan-TVT-Walker",NA,NA,"ARITH_OPEN"
"Colbourn-Martirosyan-TVT-Walker",4,20,384,1262099,"Colbourn-Martirosyan-TVT-Walker",NA,NA,"ARITH_OPEN"
"Colbourn-Martirosyan-TVT-Walker",4,20,391,1272816,"Colbourn-Martirosyan-TVT-Walker",NA,NA,"ARITH_OPEN"
"Colbourn-Martirosyan-TVT-Walker",4,20,408,1277027,"Colbourn-Martirosyan-TVT-Walker",NA,NA,"ARITH_OPEN"
"Colbourn-Martirosyan-TVT-Walker",4,20,414,1278620,"Colbourn-Martirosyan-TVT-Walker",NA,NA,"ARITH_OPEN"
"Colbourn-Martirosyan-TVT-Walker",4,20,432,1282831,"Colbourn-Martirosyan-TVT-Walker",NA,NA,"ARITH_OPEN"
"Colbourn-Martirosyan-TVT-Walker",4,20,437,1289199,"Colbourn-Martirosyan-TVT-Walker",NA,NA,"ARITH_OPEN"
"Colbourn-Martirosyan-TVT-Walker",4,20,456,1293410,"Colbourn-Martirosyan-TVT-Walker",NA,NA,"ARITH_OPEN"
"Colbourn-Martirosyan-TVT-Walker",4,20,460,1301059,"Colbourn-Martirosyan-TVT-Walker",NA,NA,"ARITH_OPEN"
"Colbourn-Martirosyan-TVT-Walker",4,20,480,1305270,"Colbourn-Martirosyan-TVT-Walker",NA,NA,"ARITH_OPEN"
"Colbourn-Martirosyan-TVT-Walker",4,20,506,1353539,"Colbourn-Martirosyan-TVT-Walker",NA,NA,"ARITH_OPEN"
"Colbourn-Martirosyan-TVT-Walker",4,20,529,1353541,"Colbourn-Martirosyan-TVT-Walker",NA,NA,"ARITH_OPEN"
"Colbourn-Martirosyan-TVT-Walker",4,20,3020,2531727,"Colbourn-Martirosyan-TVT-Walker",NA,NA,"ARITH_OPEN"
"Colbourn-Martirosyan-TVT-Walker",4,20,3322,2539926,"Colbourn-Martirosyan-TVT-Walker",NA,NA,"ARITH_OPEN"
"Colbourn-Martirosyan-TVT-Walker",4,20,3624,2578798,"Colbourn-Martirosyan-TVT-Walker",NA,NA,"ARITH_OPEN"
"Colbourn-Martirosyan-TVT-Walker",4,20,3926,2596835,"Colbourn-Martirosyan-TVT-Walker",NA,NA,"ARITH_OPEN"
"Colbourn-Martirosyan-TVT-Walker",4,20,4228,2611363,"Colbourn-Martirosyan-TVT-Walker",NA,NA,"ARITH_OPEN"
"Colbourn-Martirosyan-TVT-Walker",4,20,4530,2628763,"Colbourn-Martirosyan-TVT-Walker",NA,NA,"ARITH_OPEN"
"Colbourn-Martirosyan-TVT-Walker",4,20,4832,2635521,"Colbourn-Martirosyan-TVT-Walker",NA,NA,"ARITH_OPEN"
"Colbourn-Martirosyan-TVT-Walker",4,20,5134,2647157,"Colbourn-Martirosyan-TVT-Walker",NA,NA,"ARITH_OPEN"
"Colbourn-Martirosyan-TVT-Walker",4,20,5436,2652961,"Colbourn-Martirosyan-TVT-Walker",NA,NA,"ARITH_OPEN"
"Colbourn-Martirosyan-TVT-Walker",4,20,5738,2663540,"Colbourn-Martirosyan-TVT-Walker",NA,NA,"ARITH_OPEN"
"Colbourn-Martirosyan-TVT-Walker",4,20,6040,2675400,"Colbourn-Martirosyan-TVT-Walker",NA,NA,"ARITH_OPEN"
"Colbourn-Martirosyan-TVT-Walker",4,20,7296,2806284,"Colbourn-Martirosyan-TVT-Walker",NA,NA,"ARITH_OPEN"
"Colbourn-Martirosyan-TVT-Walker",4,20,7344,2810633,"Colbourn-Martirosyan-TVT-Walker",NA,NA,"ARITH_OPEN"
"Colbourn-Martirosyan-TVT-Walker",4,20,7452,2812226,"Colbourn-Martirosyan-TVT-Walker",NA,NA,"ARITH_OPEN"
"Colbourn-Martirosyan-TVT-Walker",4,20,7776,2816437,"Colbourn-Martirosyan-TVT-Walker",NA,NA,"ARITH_OPEN"
"Colbourn-Martirosyan-TVT-Walker",4,20,7866,2822805,"Colbourn-Martirosyan-TVT-Walker",NA,NA,"ARITH_OPEN"
"Colbourn-Martirosyan-TVT-Walker",4,20,8208,2827016,"Colbourn-Martirosyan-TVT-Walker",NA,NA,"ARITH_OPEN"
"Colbourn-Martirosyan-TVT-Walker",4,20,8303,2833384,"Colbourn-Martirosyan-TVT-Walker",NA,NA,"ARITH_OPEN"
"Colbourn-Martirosyan-TVT-Walker",4,20,8531,2837595,"Colbourn-Martirosyan-TVT-Walker",NA,NA,"ARITH_OPEN"
"Colbourn-Martirosyan-TVT-Walker",4,20,8550,2838040,"Colbourn-Martirosyan-TVT-Walker",NA,NA,"ARITH_OPEN"
"Colbourn-Martirosyan-TVT-Walker",4,20,8588,2838043,"Colbourn-Martirosyan-TVT-Walker",NA,NA,"ARITH_OPEN"
"Colbourn-Martirosyan-TVT-Walker",4,20,8640,2838876,"Colbourn-Martirosyan-TVT-Walker",NA,NA,"ARITH_OPEN"
"Colbourn-Martirosyan-TVT-Walker",4,20,8664,2844827,"Colbourn-Martirosyan-TVT-Walker",NA,NA,"ARITH_OPEN"
"Colbourn-Martirosyan-TVT-Walker",4,20,8740,2845244,"Colbourn-Martirosyan-TVT-Walker",NA,NA,"ARITH_OPEN"
"Colbourn-Martirosyan-TVT-Walker",4,20,9120,2849455,"Colbourn-Martirosyan-TVT-Walker",NA,NA,"ARITH_OPEN"
"Colbourn-Martirosyan-TVT-Walker",4,20,9140,2857104,"Colbourn-Martirosyan-TVT-Walker",NA,NA,"ARITH_OPEN"
"Colbourn-Martirosyan-TVT-Walker",4,20,9160,2857553,"Colbourn-Martirosyan-TVT-Walker",NA,NA,"ARITH_OPEN"
"Colbourn-Martirosyan-TVT-Walker",4,20,9200,2857560,"Colbourn-Martirosyan-TVT-Walker",NA,NA,"ARITH_OPEN"
"Colbourn-Martirosyan-TVT-Walker",4,20,9280,2861771,"Colbourn-Martirosyan-TVT-Walker",NA,NA,"ARITH_OPEN"
"Colbourn-Martirosyan-TVT-Walker",4,20,9440,2865439,"Colbourn-Martirosyan-TVT-Walker",NA,NA,"ARITH_OPEN"
"Colbourn-Martirosyan-TVT-Walker",4,20,9520,2867285,"Colbourn-Martirosyan-TVT-Walker",NA,NA,"ARITH_OPEN"
"Colbourn-Martirosyan-TVT-Walker",4,20,9600,2871001,"Colbourn-Martirosyan-TVT-Walker",NA,NA,"ARITH_OPEN"
"Colbourn-Martirosyan-TVT-Walker",4,20,9936,2891358,"Colbourn-Martirosyan-TVT-Walker",NA,NA,"ARITH_OPEN"
"Colbourn-Martirosyan-TVT-Walker",4,20,10000,2897726,"Colbourn-Martirosyan-TVT-Walker",NA,NA,"ARITH_OPEN"
"Colbourn-Martirosyan-TVT-Walker",4,21,40,717261,"Colbourn-Martirosyan-TVT-Walker",NA,NA,"ARITH_OPEN"
"Colbourn-Martirosyan-TVT-Walker",4,21,42,717461,"Colbourn-Martirosyan-TVT-Walker",NA,NA,"ARITH_OPEN"
"Colbourn-Martirosyan-TVT-Walker",4,21,44,717601,"Colbourn-Martirosyan-TVT-Walker",NA,NA,"ARITH_OPEN"
"Colbourn-Martirosyan-TVT-Walker",4,21,46,717981,"Colbourn-Martirosyan-TVT-Walker",NA,NA,"ARITH_OPEN"
"Colbourn-Martirosyan-TVT-Walker",4,21,48,718441,"Colbourn-Martirosyan-TVT-Walker",NA,NA,"ARITH_OPEN"
"Colbourn-Martirosyan-TVT-Walker",4,21,322,1356482,"Colbourn-Martirosyan-TVT-Walker",NA,NA,"ARITH_OPEN"
"Colbourn-Martirosyan-TVT-Walker",4,21,345,1356564,"Colbourn-Martirosyan-TVT-Walker",NA,NA,"ARITH_OPEN"
"Colbourn-Martirosyan-TVT-Walker",4,21,368,1356605,"Colbourn-Martirosyan-TVT-Walker",NA,NA,"ARITH_OPEN"
"Colbourn-Martirosyan-TVT-Walker",3,22,10000,58717,"Colbourn-Martirosyan-TVT-Walker","3.4 at v+1, fused",58717,"ARITHMETIC"
"Colbourn-Martirosyan-TVT-Walker",4,22,48,771983,"Colbourn-Martirosyan-TVT-Walker",NA,NA,"ARITH_OPEN"
"Colbourn-Martirosyan-TVT-Walker",4,22,552,1386410,"Colbourn-Martirosyan-TVT-Walker",NA,NA,"ARITH_OPEN"
"Colbourn-Martirosyan-TVT-Walker",4,22,7248,2772894,"Colbourn-Martirosyan-TVT-Walker",NA,NA,"ARITH_OPEN"
"Colbourn-Martirosyan-TVT-Walker",3,23,10000,58719,"Colbourn-Martirosyan-TVT-Walker","3.4",58719,"ARITHMETIC"
"Colbourn-Martirosyan-TVT-Walker",4,23,46,815167,"Colbourn-Martirosyan-TVT-Walker",NA,NA,"ARITH_OPEN"
"Colbourn-Martirosyan-TVT-Walker",4,23,48,826805,"Colbourn-Martirosyan-TVT-Walker",NA,NA,"ARITH_OPEN"
"Colbourn-Martirosyan-TVT-Walker",4,23,529,1362175,"Colbourn-Martirosyan-TVT-Walker",NA,NA,"ARITH_OPEN"
"Colbourn-Martirosyan-TVT-Walker",4,23,3910,2700545,"Colbourn-Martirosyan-TVT-Walker",NA,NA,"ARITH_OPEN"
"Colbourn-Martirosyan-TVT-Walker",4,23,4669,2712183,"Colbourn-Martirosyan-TVT-Walker",NA,NA,"ARITH_OPEN"
"Colbourn-Martirosyan-TVT-Walker",4,23,4692,2712689,"Colbourn-Martirosyan-TVT-Walker",NA,NA,"ARITH_OPEN"
"Colbourn-Martirosyan-TVT-Walker",4,23,5474,2723821,"Colbourn-Martirosyan-TVT-Walker",NA,NA,"ARITH_OPEN"
"Colbourn-Martirosyan-TVT-Walker",4,23,5566,2724327,"Colbourn-Martirosyan-TVT-Walker",NA,NA,"ARITH_OPEN"
"Colbourn-Martirosyan-TVT-Walker",4,23,5681,2724833,"Colbourn-Martirosyan-TVT-Walker",NA,NA,"ARITH_OPEN"
"Colbourn-Martirosyan-TVT-Walker",4,23,6946,2724899,"Colbourn-Martirosyan-TVT-Walker",NA,NA,"ARITH_OPEN"
"Colbourn-Martirosyan-TVT-Walker",4,23,7248,2870188,"Colbourn-Martirosyan-TVT-Walker",NA,NA,"ARITH_OPEN"
"Colbourn-Martirosyan-TVT-Walker",4,23,10000,2967713,"Colbourn-Martirosyan-TVT-Walker",NA,NA,"ARITH_OPEN"
"Colbourn-Martirosyan-TVT-Walker",3,24,10000,75623,"Colbourn-Martirosyan-TVT-Walker","3.4 at v+1, fused",75623,"ARITHMETIC"
"Colbourn-Martirosyan-TVT-Walker",4,24,52,1082303,"Colbourn-Martirosyan-TVT-Walker",NA,NA,"ARITH_OPEN"
"Colbourn-Martirosyan-TVT-Walker",4,24,650,1936769,"Colbourn-Martirosyan-TVT-Walker",NA,NA,"ARITH_OPEN"
"Colbourn-Martirosyan-TVT-Walker",4,24,728,2255951,"Colbourn-Martirosyan-TVT-Walker",NA,NA,"ARITH_OPEN"
"Colbourn-Martirosyan-TVT-Walker",4,24,3146,3482897,"Colbourn-Martirosyan-TVT-Walker",NA,NA,"ARITH_OPEN"
"Colbourn-Martirosyan-TVT-Walker",4,24,8944,3873617,"Colbourn-Martirosyan-TVT-Walker",NA,NA,"ARITH_OPEN"
"Colbourn-Martirosyan-TVT-Walker",3,25,10000,75625,"Colbourn-Martirosyan-TVT-Walker","3.4",75625,"ARITHMETIC"
"Colbourn-Martirosyan-TVT-Walker",4,25,50,1140601,"Colbourn-Martirosyan-TVT-Walker",NA,NA,"ARITH_OPEN"
"Colbourn-Martirosyan-TVT-Walker",4,25,52,1155601,"Colbourn-Martirosyan-TVT-Walker",NA,NA,"ARITH_OPEN"
"Colbourn-Martirosyan-TVT-Walker",4,25,625,1905625,"Colbourn-Martirosyan-TVT-Walker",NA,NA,"ARITH_OPEN"
"Colbourn-Martirosyan-TVT-Walker",4,25,3146,3607946,"Colbourn-Martirosyan-TVT-Walker",NA,NA,"ARITH_OPEN"
"Colbourn-Martirosyan-TVT-Walker",4,25,4700,3780625,"Colbourn-Martirosyan-TVT-Walker",NA,NA,"ARITH_OPEN"
"Colbourn-Martirosyan-TVT-Walker",4,25,5525,3795625,"Colbourn-Martirosyan-TVT-Walker",NA,NA,"ARITH_OPEN"
"Colbourn-Martirosyan-TVT-Walker",4,25,5550,3796225,"Colbourn-Martirosyan-TVT-Walker",NA,NA,"ARITH_OPEN"
"Colbourn-Martirosyan-TVT-Walker",4,25,6675,3810625,"Colbourn-Martirosyan-TVT-Walker",NA,NA,"ARITH_OPEN"
"Colbourn-Martirosyan-TVT-Walker",4,25,6975,3811825,"Colbourn-Martirosyan-TVT-Walker",NA,NA,"ARITH_OPEN"
"Colbourn-Martirosyan-TVT-Walker",4,25,8600,3811897,"Colbourn-Martirosyan-TVT-Walker",NA,NA,"ARITH_OPEN"
"Colbourn-Martirosyan-TVT-Walker",4,25,8944,3998570,"Colbourn-Martirosyan-TVT-Walker",NA,NA,"ARITH_OPEN"
"Colbourn-Martirosyan-TVT-Walker",4,25,10000,4155025,"Colbourn-Martirosyan-TVT-Walker",NA,NA,"ARITH_OPEN"
