"family","t","v","k","N","Source","n","N_pred","domain","tier"
"Add n factors",6,2,2504,3047,"Add 1 factors",1,3047,TRUE,"ARITHMETIC"
"Add n factors",6,2,2505,3591,"Add 1 factors",1,3591,TRUE,"ARITHMETIC"
"Add n factors",6,2,2506,4135,"Add 1 factors",1,4135,TRUE,"ARITHMETIC"
"Add n factors",6,2,2507,4679,"Add 1 factors",1,4679,TRUE,"ARITHMETIC"
"Add n factors",5,3,2684,6953,"Add 1 factors",1,6953,TRUE,"ARITHMETIC"
"Add n factors",5,3,7014,9101,"Add 1 factors",1,9101,TRUE,"ARITHMETIC"
"Add n factors",5,3,7015,9803,"Add 2 factors",2,9803,TRUE,"ARITHMETIC"
"Add n factors",5,3,7016,9965,"Add 3 factors",3,9965,TRUE,"ARITHMETIC"
"Add n factors",6,3,351,19675,"Add 1 factors",1,19675,TRUE,"ARITHMETIC"
"Add n factors",6,3,352,22969,"Add 2 factors",2,22969,TRUE,"ARITHMETIC"
"Add n factors",6,3,353,24427,"Add 3 factors",3,24427,TRUE,"ARITHMETIC"
"Add n factors",6,3,354,29635,"Add 3 factors",3,29635,TRUE,"ARITHMETIC"
"Add n factors",6,3,355,32929,"Add 3 factors",3,32929,TRUE,"ARITHMETIC"
"Add n factors",6,3,356,34387,"Add 3 factors",3,34387,TRUE,"ARITHMETIC"
"Add n factors",6,3,357,39595,"Add 3 factors",3,39595,TRUE,"ARITHMETIC"
"Add n factors",6,3,358,42889,"Add 3 factors",3,42889,TRUE,"ARITHMETIC"
"Add n factors",6,3,359,44347,"Add 3 factors",3,44347,TRUE,"ARITHMETIC"
"Add n factors",6,3,360,49555,"Add 3 factors",3,49555,TRUE,"ARITHMETIC"
"Add n factors",5,4,2161,26765,"Add 1 factors",1,26765,TRUE,"ARITHMETIC"
"Add n factors",5,4,2162,29645,"Add 2 factors",2,29645,TRUE,"ARITHMETIC"
"Add n factors",5,4,2163,30413,"Add 3 factors",3,30413,TRUE,"ARITHMETIC"
"Add n factors",5,4,2164,31181,"Add 4 factors",4,31181,TRUE,"ARITHMETIC"
"Add n factors",5,4,2165,34815,"Add 5 factors",5,31181,FALSE,"ARITH_OPEN"
"Add n factors",5,4,2166,40985,"Add 4 factors",4,40985,TRUE,"ARITHMETIC"
"Add n factors",5,4,2167,41753,"Add 4 factors",4,41753,TRUE,"ARITHMETIC"
"Add n factors",5,4,2168,42521,"Add 4 factors",4,42521,TRUE,"ARITHMETIC"
"Add n factors",6,4,225,84118,"Add 1 factors",1,84118,TRUE,"ARITHMETIC"
"Add n factors",6,4,301,114785,"Add 1 factors",1,114785,TRUE,"ARITHMETIC"
"Add n factors",6,4,302,132833,"Add 2 factors",2,132833,TRUE,"ARITHMETIC"
"Add n factors",6,4,303,142049,"Add 3 factors",3,142049,TRUE,"ARITHMETIC"
"Add n factors",6,4,304,145121,"Add 4 factors",4,145121,TRUE,"ARITHMETIC"
"Add n factors",6,4,305,167297,"Add 4 factors",4,167297,TRUE,"ARITHMETIC"
"Add n factors",6,4,306,184798,"Add 6 factors",6,148193,FALSE,"ARITH_OPEN"
"Add n factors",6,4,307,194561,"Add 4 factors",4,194561,TRUE,"ARITHMETIC"
"Add n factors",6,4,308,197633,"Add 4 factors",4,197633,TRUE,"ARITHMETIC"
"Add n factors",6,4,309,219809,"Add 4 factors",4,219809,TRUE,"ARITHMETIC"
"Add n factors",6,4,721,332039,"Add 1 factors",1,332039,TRUE,"ARITHMETIC"
"Add n factors",6,4,722,354119,"Add 2 factors",2,354119,TRUE,"ARITHMETIC"
"Add n factors",6,4,723,364487,"Add 3 factors",3,364487,TRUE,"ARITHMETIC"
"Add n factors",6,4,724,367559,"Add 4 factors",4,367559,TRUE,"ARITHMETIC"
"Add n factors",5,5,2401,75773,"Add 1 factors",1,75773,TRUE,"ARITHMETIC"
"Add n factors",5,5,2402,85273,"Add 2 factors",2,85273,TRUE,"ARITHMETIC"
"Add n factors",5,5,2403,87773,"Add 3 factors",3,87773,TRUE,"ARITHMETIC"
"Add n factors",5,5,2405,90273,"Add 5 factors",5,90273,TRUE,"ARITHMETIC"
"Add n factors",5,5,2406,109813,"Add 5 factors",5,109813,TRUE,"ARITHMETIC"
"Add n factors",5,5,2407,119313,"Add 5 factors",5,119313,TRUE,"ARITHMETIC"
"Add n factors",5,5,2408,121813,"Add 5 factors",5,121813,TRUE,"ARITHMETIC"
"Add n factors",5,5,2410,124313,"Add 5 factors",5,124313,TRUE,"ARITHMETIC"
"Add n factors",6,5,721,434157,"Add 1 factors",1,434157,TRUE,"ARITHMETIC"
"Add n factors",6,5,722,513857,"Add 2 factors",2,513857,TRUE,"ARITHMETIC"
"Add n factors",6,5,723,553857,"Add 3 factors",3,553857,TRUE,"ARITHMETIC"
"Add n factors",6,5,724,566357,"Add 4 factors",4,566357,TRUE,"ARITHMETIC"
"Add n factors",6,5,725,578857,"Add 5 factors",5,578857,TRUE,"ARITHMETIC"
"Add n factors",6,5,726,714777,"Add 6 factors",6,578857,FALSE,"ARITH_OPEN"
"Add n factors",6,5,727,795857,"Add 5 factors",5,795857,TRUE,"ARITHMETIC"
"Add n factors",6,5,728,835857,"Add 5 factors",5,835857,TRUE,"ARITHMETIC"
"Add n factors",6,5,729,848357,"Add 5 factors",5,848357,TRUE,"ARITHMETIC"
"Add n factors",6,5,730,860857,"Add 5 factors",5,860857,TRUE,"ARITHMETIC"
"Add n factors",6,5,731,996777,"Add 6 factors",6,860857,FALSE,"ARITH_OPEN"
"Add n factors",5,6,703,258257,"Add 1 factors",1,258257,TRUE,"ARITHMETIC"
"Add n factors",5,6,704,280037,"Add 2 factors",2,280037,TRUE,"ARITHMETIC"
"Add n factors",5,6,706,308593,"Add 4 factors",4,292997,FALSE,"ARITH_OPEN"
"Add n factors",5,6,707,312538,"Add 5 factors",5,292997,FALSE,"ARITH_OPEN"
"Add n factors",5,6,709,338441,"Add 7 factors",7,292997,FALSE,"ARITH_OPEN"
"Add n factors",5,6,2815,706773,"Add 1 factors",1,706773,TRUE,"ARITHMETIC"
"Add n factors",5,6,2816,732513,"Add 2 factors",2,732513,TRUE,"ARITHMETIC"
"Add n factors",5,6,2817,748363,"Add 5 factors",5,723693,FALSE,"ARITH_OPEN"
"Add n factors",5,6,2818,765802,"Add 4 factors",4,745473,FALSE,"ARITH_OPEN"
"Add n factors",5,6,2819,770143,"Add 5 factors",5,745473,FALSE,"ARITH_OPEN"
"Add n factors",5,6,2821,801669,"Add 7 factors",7,745473,FALSE,"ARITH_OPEN"
"Add n factors",6,6,245,1888349,"Add 1 factors",1,1888349,TRUE,"ARITHMETIC"
"Add n factors",6,6,246,2101829,"Add 2 factors",2,2101829,TRUE,"ARITHMETIC"
"Add n factors",6,6,247,2526905,"Add 3 factors",3,2214149,FALSE,"ARITH_OPEN"
"Add n factors",6,6,249,2527986,"Add 5 factors",5,2291909,FALSE,"ARITH_OPEN"
"Add n factors",6,6,250,2614426,"Add 6 factors",6,2291909,FALSE,"ARITH_OPEN"
"Add n factors",6,6,251,2828999,"Add 7 factors",7,2291909,FALSE,"ARITH_OPEN"
"Add n factors",6,6,252,3305639,"Add 7 factors",7,2768549,FALSE,"ARITH_OPEN"
"Add n factors",6,6,253,3525599,"Add 2 factors",2,3525599,TRUE,"ARITHMETIC"
"Add n factors",6,6,254,3655167,"Add 5 factors",5,3415746,FALSE,"ARITH_OPEN"
"Add n factors",6,6,255,3741607,"Add 5 factors",5,3502186,FALSE,"ARITH_OPEN"
"Add n factors",6,6,256,3829390,"Add 6 factors",6,3502186,FALSE,"ARITH_OPEN"
"Add n factors",6,6,257,4043963,"Add 6 factors",6,3716759,FALSE,"ARITH_OPEN"
"Add n factors",6,6,258,4258931,"Add 7 factors",7,3716759,FALSE,"ARITH_OPEN"
"Add n factors",6,6,259,4735571,"Add 7 factors",7,4193399,FALSE,"ARITH_OPEN"
"Add n factors",6,6,260,4868788,"Add 5 factors",5,4629367,FALSE,"ARITH_OPEN"
"Add n factors",6,6,261,4956571,"Add 6 factors",6,4629367,FALSE,"ARITH_OPEN"
"Add n factors",6,6,262,5044354,"Add 6 factors",6,4717150,FALSE,"ARITH_OPEN"
"Add n factors",6,6,626,8006080,"Add 1 factors",1,8006080,TRUE,"ARITHMETIC"
"Add n factors",6,6,627,8265280,"Add 2 factors",2,8265280,TRUE,"ARITHMETIC"
"Add n factors",6,6,965,9300210,"Add 1 factors",1,9300210,TRUE,"ARITHMETIC"
"Add n factors",6,6,2212,10359044,"Add 1 factors",1,10359044,TRUE,"ARITHMETIC"
"Add n factors",6,6,2213,10732184,"Add 2 factors",2,10732184,TRUE,"ARITHMETIC"
"Add n factors",6,6,7926,13070836,"Add 1 factors",1,13070836,TRUE,"ARITHMETIC"
"Add n factors",5,7,703,293293,"Add 1 factors",1,293293,TRUE,"ARITHMETIC"
"Add n factors",5,7,704,338275,"Add 2 factors",2,338275,TRUE,"ARITHMETIC"
"Add n factors",5,7,705,352681,"Add 3 factors",3,352681,TRUE,"ARITHMETIC"
"Add n factors",5,7,709,367087,"Add 7 factors",7,367087,TRUE,"ARITHMETIC"
"Add n factors",5,7,813,468712,"Add 1 factors",1,468712,TRUE,"ARITHMETIC"
"Add n factors",5,7,814,515164,"Add 2 factors",2,515164,TRUE,"ARITHMETIC"
"Add n factors",5,7,815,529570,"Add 3 factors",3,529570,TRUE,"ARITHMETIC"
"Add n factors",6,7,245,2101729,"Add 1 factors",1,2101729,TRUE,"ARITHMETIC"
"Add n factors",6,7,246,2548315,"Add 2 factors",2,2548315,TRUE,"ARITHMETIC"
"Add n factors",6,7,247,2822029,"Add 3 factors",3,2822029,TRUE,"ARITHMETIC"
"Add n factors",6,7,248,2922871,"Add 4 factors",4,2922871,TRUE,"ARITHMETIC"
"Add n factors",6,7,251,3023713,"Add 7 factors",7,3023713,TRUE,"ARITHMETIC"
"Add n factors",6,7,252,3724315,"Add 7 factors",7,3724315,TRUE,"ARITHMETIC"
"Add n factors",6,7,253,4170901,"Add 7 factors",7,4170901,TRUE,"ARITHMETIC"
"Add n factors",6,7,254,4444615,"Add 7 factors",7,4444615,TRUE,"ARITHMETIC"
"Add n factors",6,7,255,4545457,"Add 7 factors",7,4545457,TRUE,"ARITHMETIC"
"Add n factors",6,7,258,4646299,"Add 7 factors",7,4646299,TRUE,"ARITHMETIC"
"Add n factors",6,7,389,6352482,"Add 1 factors",1,6352482,TRUE,"ARITHMETIC"
"Add n factors",6,7,626,8335914,"Add 1 factors",1,8335914,TRUE,"ARITHMETIC"
"Add n factors",6,7,2212,10991274,"Add 1 factors",1,10991274,TRUE,"ARITHMETIC"
"Add n factors",5,8,813,531000,"Add 1 factors",1,531000,TRUE,"ARITHMETIC"
"Add n factors",5,8,814,616120,"Add 2 factors",2,616120,TRUE,"ARITHMETIC"
"Add n factors",5,8,815,644792,"Add 3 factors",3,644792,TRUE,"ARITHMETIC"
"Add n factors",5,8,820,673464,"Add 8 factors",8,673464,TRUE,"ARITHMETIC"
"Add n factors",5,8,821,793824,"Add 9 factors",9,673464,FALSE,"ARITH_OPEN"
"Add n factors",5,8,822,900936,"Add 8 factors",8,900544,TRUE,"ARITH_ABOVE"
"Add n factors",5,8,823,929608,"Add 8 factors",8,929608,TRUE,"ARITHMETIC"
"Add n factors",5,8,824,933543,"Add 8 factors",8,933543,TRUE,"ARITHMETIC"
"Add n factors",5,8,826,933935,"Add 8 factors",8,933543,TRUE,"ARITH_ABOVE"
"Add n factors",5,8,828,958672,"Add 8 factors",8,958280,TRUE,"ARITH_ABOVE"
"Add n factors",6,8,238,4259480,"Add 1 factors",1,4259480,TRUE,"ARITHMETIC"
"Add n factors",6,8,239,5126808,"Add 2 factors",2,5126808,TRUE,"ARITHMETIC"
"Add n factors",6,8,240,5739672,"Add 3 factors",3,5739672,TRUE,"ARITHMETIC"
"Add n factors",6,8,241,5969048,"Add 4 factors",4,5969048,TRUE,"ARITHMETIC"
"Add n factors",6,8,242,6194840,"Add 8 factors",8,6194840,TRUE,"ARITHMETIC"
"Add n factors",6,8,245,6198424,"Add 8 factors",8,6198424,TRUE,"ARITHMETIC"
"Add n factors",6,8,246,7574400,"Add 8 factors",8,7574400,TRUE,"ARITHMETIC"
"Add n factors",6,8,247,8441728,"Add 8 factors",8,8441728,TRUE,"ARITHMETIC"
"Add n factors",6,8,248,9054592,"Add 8 factors",8,9054592,TRUE,"ARITHMETIC"
"Add n factors",6,8,249,9283968,"Add 8 factors",8,9283968,TRUE,"ARITHMETIC"
"Add n factors",6,8,250,9509760,"Add 8 factors",8,9509760,TRUE,"ARITHMETIC"
"Add n factors",6,8,251,9513344,"Add 8 factors",8,9513344,TRUE,"ARITHMETIC"
"Add n factors",6,8,253,9552768,"Add 8 factors",8,9552768,TRUE,"ARITHMETIC"
"Add n factors",5,9,819,888417,"Add 1 factors",1,888417,TRUE,"ARITHMETIC"
"Add n factors",5,9,820,1034217,"Add 2 factors",2,1034217,TRUE,"ARITHMETIC"
"Add n factors",5,9,821,1086705,"Add 3 factors",3,1086705,TRUE,"ARITHMETIC"
"Add n factors",5,9,827,1139193,"Add 9 factors",9,1139193,TRUE,"ARITHMETIC"
"Add n factors",5,9,828,1378881,"Add 9 factors",9,1378881,TRUE,"ARITHMETIC"
"Add n factors",5,9,829,1524681,"Add 9 factors",9,1524681,TRUE,"ARITHMETIC"
"Add n factors",5,9,830,1577673,"Add 9 factors",9,1577673,TRUE,"ARITHMETIC"
"Add n factors",5,9,836,1644633,"Add 9 factors",9,1644633,TRUE,"ARITHMETIC"
"Add n factors",6,9,211,8088417,"Add 1 factors",1,8088417,TRUE,"ARITHMETIC"
"Add n factors",6,9,212,9867177,"Add 2 factors",2,9867177,TRUE,"ARITHMETIC"
"Add n factors",6,9,213,11062737,"Add 3 factors",3,11062737,TRUE,"ARITHMETIC"
"Add n factors",6,9,214,11535129,"Add 4 factors",4,11535129,TRUE,"ARITHMETIC"
"Add n factors",6,9,219,12007521,"Add 9 factors",9,12007521,TRUE,"ARITHMETIC"
"Add n factors",6,9,220,14781609,"Add 9 factors",9,14781609,TRUE,"ARITHMETIC"
"Add n factors",6,9,221,16560369,"Add 9 factors",9,16560369,TRUE,"ARITHMETIC"
"Add n factors",6,9,222,17755929,"Add 9 factors",9,17755929,TRUE,"ARITHMETIC"
"Add n factors",6,9,223,18228321,"Add 9 factors",9,18228321,TRUE,"ARITHMETIC"
"Add n factors",6,9,228,18700713,"Add 9 factors",9,18700713,TRUE,"ARITHMETIC"
"Add n factors",6,9,479,29869312,"Add 1 factors",1,29869312,TRUE,"ARITHMETIC"
"Add n factors",6,9,962,35665032,"Add 1 factors",1,35665032,TRUE,"ARITHMETIC"
"Add n factors",6,9,1851,41918888,"Add 1 factors",1,41918888,TRUE,"ARITHMETIC"
"Add n factors",5,10,828,2154669,"Add 1 factors",1,2154669,TRUE,"ARITHMETIC"
"Add n factors",5,10,829,2428269,"Add 2 factors",2,2428269,TRUE,"ARITHMETIC"
"Add n factors",5,10,831,2674539,"Add 4 factors",4,2608269,FALSE,"ARITH_OPEN"
"Add n factors",5,10,832,2725485,"Add 5 factors",5,2608269,FALSE,"ARITH_OPEN"
"Add n factors",5,10,838,2923259,"Add 11 factors",11,2608269,FALSE,"ARITH_OPEN"
"Add n factors",5,10,839,3468839,"Add 11 factors",11,3153849,FALSE,"ARITH_OPEN"
"Add n factors",5,10,840,3742439,"Add 11 factors",11,3427449,FALSE,"ARITH_OPEN"
"Add n factors",5,10,842,3988709,"Add 11 factors",11,3673719,FALSE,"ARITH_OPEN"
"Add n factors",5,10,843,4039655,"Add 11 factors",11,3724665,FALSE,"ARITH_OPEN"
"Add n factors",5,10,849,4237429,"Add 11 factors",11,3922439,FALSE,"ARITH_OPEN"
"Add n factors",5,10,7922,8049942,"Add 1 factors",1,8049942,TRUE,"ARITHMETIC"
"Add n factors",6,10,209,22531869,"Add 1 factors",1,22531869,TRUE,"ARITHMETIC"
"Add n factors",6,10,210,25780869,"Add 2 factors",2,25780869,TRUE,"ARITHMETIC"
"Add n factors",6,10,211,30557459,"Add 3 factors",3,28057869,FALSE,"ARITH_OPEN"
"Add n factors",6,10,213,31776963,"Add 5 factors",5,29857869,FALSE,"ARITH_OPEN"
"Add n factors",6,10,214,33037482,"Add 6 factors",6,29857869,FALSE,"ARITH_OPEN"
"Add n factors",6,10,215,34761659,"Add 11 factors",11,29827269,FALSE,"ARITH_OPEN"
"Add n factors",6,10,216,34766059,"Add 11 factors",11,29830869,FALSE,"ARITH_OPEN"
"Add n factors",6,10,217,34792679,"Add 11 factors",11,29848869,FALSE,"ARITH_OPEN"
"Add n factors",6,10,219,34805989,"Add 11 factors",11,29857869,FALSE,"ARITH_OPEN"
"Add n factors",6,10,220,41393899,"Add 11 factors",11,36445779,FALSE,"ARITH_OPEN"
"Add n factors",6,10,251,51104581,"Add 1 factors",1,51104581,TRUE,"ARITHMETIC"
"Add n factors",6,10,252,54353581,"Add 2 factors",2,54353581,TRUE,"ARITHMETIC"
"Add n factors",6,10,253,59473211,"Add 3 factors",3,56738581,FALSE,"ARITH_OPEN"
"Add n factors",6,10,530,94123858,"Add 1 factors",1,94123858,TRUE,"ARITHMETIC"
"Add n factors",6,10,2211,135860282,"Add 1 factors",1,135860282,TRUE,"ARITHMETIC"
"Add n factors",5,11,828,2287901,"Add 1 factors",1,2287901,TRUE,"ARITHMETIC"
"Add n factors",5,11,829,2700511,"Add 2 factors",2,2700511,TRUE,"ARITHMETIC"
"Add n factors",5,11,830,2846921,"Add 3 factors",3,2846921,TRUE,"ARITHMETIC"
"Add n factors",5,11,838,2993331,"Add 11 factors",11,2993331,TRUE,"ARITHMETIC"
"Add n factors",5,11,839,3672141,"Add 11 factors",11,3672141,TRUE,"ARITHMETIC"
"Add n factors",5,11,840,3896051,"Add 13 factors",13,2993331,FALSE,"ARITH_OPEN"
"Add n factors",5,11,841,4231161,"Add 11 factors",11,4231161,TRUE,"ARITHMETIC"
"Add n factors",5,11,849,4377571,"Add 11 factors",11,4377571,TRUE,"ARITHMETIC"
"Add n factors",5,11,1240,5506080,"Add 1 factors",1,5506080,TRUE,"ARITHMETIC"
"Add n factors",5,11,7922,8228560,"Add 1 factors",1,8228560,TRUE,"ARITHMETIC"
"Add n factors",6,11,209,23996071,"Add 1 factors",1,23996071,TRUE,"ARITHMETIC"
"Add n factors",6,11,210,29293451,"Add 2 factors",2,29293451,TRUE,"ARITHMETIC"
"Add n factors",6,11,211,33113421,"Add 3 factors",3,33113421,TRUE,"ARITHMETIC"
"Add n factors",6,11,212,34723931,"Add 4 factors",4,34723931,TRUE,"ARITHMETIC"
"Add n factors",6,11,215,36250181,"Add 11 factors",11,36250181,TRUE,"ARITHMETIC"
"Add n factors",6,11,219,36334441,"Add 11 factors",11,36334441,TRUE,"ARITHMETIC"
"Add n factors",6,11,251,52807783,"Add 1 factors",1,52807783,TRUE,"ARITHMETIC"
"Add n factors",6,11,252,58105163,"Add 2 factors",2,58105163,TRUE,"ARITHMETIC"
"Add n factors",6,11,329,73287650,"Add 1 factors",1,73287650,TRUE,"ARITHMETIC"
"Add n factors",6,11,2211,138494110,"Add 1 factors",1,138494110,TRUE,"ARITHMETIC"
"Add n factors",5,12,768,4496135,"Add 1 factors",1,4496135,TRUE,"ARITHMETIC"
"Add n factors",5,12,769,5180423,"Add 2 factors",2,5180423,TRUE,"ARITHMETIC"
"Add n factors",5,12,770,5408519,"Add 3 factors",3,5408519,TRUE,"ARITHMETIC"
"Add n factors",5,12,771,5717257,"Add 4 factors",4,5636615,FALSE,"ARITH_OPEN"
"Add n factors",5,12,772,5755372,"Add 5 factors",5,5636615,FALSE,"ARITH_OPEN"
"Add n factors",5,12,777,6241103,"Add 13 factors",13,5636459,FALSE,"ARITH_OPEN"
"Add n factors",5,12,780,6241259,"Add 13 factors",13,5636615,FALSE,"ARITH_OPEN"
"Add n factors",5,12,781,7395863,"Add 13 factors",13,6791219,FALSE,"ARITH_OPEN"
"Add n factors",5,12,782,8080151,"Add 13 factors",13,7475507,FALSE,"ARITH_OPEN"
"Add n factors",5,12,783,8308247,"Add 13 factors",13,7703603,FALSE,"ARITH_OPEN"
"Add n factors",5,12,784,8616985,"Add 13 factors",13,8012341,FALSE,"ARITH_OPEN"
"Add n factors",5,12,785,8655100,"Add 13 factors",13,8050456,FALSE,"ARITH_OPEN"
"Add n factors",5,12,786,9140831,"Add 13 factors",13,8536187,FALSE,"ARITH_OPEN"
"Add n factors",5,12,788,9142703,"Add 13 factors",13,8537771,FALSE,"ARITH_OPEN"
"Add n factors",5,12,789,9144575,"Add 13 factors",13,8537771,FALSE,"ARITH_OPEN"
"Add n factors",5,12,790,9146447,"Add 13 factors",13,8537771,FALSE,"ARITH_OPEN"
"Add n factors",5,12,793,9146603,"Add 13 factors",13,8537927,FALSE,"ARITH_OPEN"
"Add n factors",5,12,3723,15015306,"Add 1 factors",1,15015306,TRUE,"ARITHMETIC"
"Add n factors",6,12,251,62243123,"Add 1 factors",1,62243123,TRUE,"ARITHMETIC"
"Add n factors",6,12,252,73685939,"Add 2 factors",2,73685939,TRUE,"ARITHMETIC"
"Add n factors",6,12,253,80224691,"Add 3 factors",3,80224691,TRUE,"ARITHMETIC"
"Add n factors",6,12,255,88740837,"Add 5 factors",5,85698995,FALSE,"ARITH_OPEN"
"Add n factors",6,12,256,92536975,"Add 6 factors",6,85698995,FALSE,"ARITH_OPEN"
"Add n factors",6,12,263,97949447,"Add 13 factors",13,85698995,FALSE,"ARITH_OPEN"
"Add n factors",6,12,264,116771987,"Add 1 factors",1,116771987,TRUE,"ARITHMETIC"
"Add n factors",6,12,265,128214803,"Add 2 factors",2,128214803,TRUE,"ARITHMETIC"
"Add n factors",6,12,266,134757299,"Add 13 factors",13,122503103,FALSE,"ARITH_OPEN"
"Add n factors",6,12,268,143273445,"Add 13 factors",13,131019249,FALSE,"ARITH_OPEN"
"Add n factors",6,12,269,147069583,"Add 13 factors",13,134815387,FALSE,"ARITH_OPEN"
"Add n factors",6,12,626,254306140,"Add 1 factors",1,254306140,TRUE,"ARITHMETIC"
"Add n factors",5,13,768,4706377,"Add 1 factors",1,4706377,TRUE,"ARITHMETIC"
"Add n factors",5,13,769,5681845,"Add 2 factors",2,5681845,TRUE,"ARITHMETIC"
"Add n factors",5,13,770,6024577,"Add 3 factors",3,6024577,TRUE,"ARITHMETIC"
"Add n factors",5,13,777,6367153,"Add 13 factors",13,6367153,TRUE,"ARITHMETIC"
"Add n factors",5,13,780,6367309,"Add 13 factors",13,6367309,TRUE,"ARITHMETIC"
"Add n factors",5,13,781,7732153,"Add 13 factors",13,7732153,TRUE,"ARITHMETIC"
"Add n factors",5,13,782,8707621,"Add 13 factors",13,8707621,TRUE,"ARITHMETIC"
"Add n factors",5,13,783,9050353,"Add 13 factors",13,9050353,TRUE,"ARITHMETIC"
"Add n factors",5,13,786,9392929,"Add 13 factors",13,9392929,TRUE,"ARITHMETIC"
"Add n factors",5,13,788,9394801,"Add 13 factors",13,9394801,TRUE,"ARITHMETIC"
"Add n factors",5,13,789,9396673,"Add 13 factors",13,9394801,TRUE,"ARITH_ABOVE"
"Add n factors",5,13,790,9398545,"Add 13 factors",13,9394801,TRUE,"ARITH_ABOVE"
"Add n factors",5,13,793,9398701,"Add 13 factors",13,9394957,TRUE,"ARITH_ABOVE"
"Add n factors",5,13,1150,11632800,"Add 1 factors",1,11632800,TRUE,"ARITHMETIC"
"Add n factors",5,13,3723,15315420,"Add 1 factors",1,15315420,TRUE,"ARITHMETIC"
"Add n factors",6,13,251,65661973,"Add 1 factors",1,65661973,TRUE,"ARITHMETIC"
"Add n factors",6,13,252,82261153,"Add 2 factors",2,82261153,TRUE,"ARITHMETIC"
"Add n factors",6,13,253,92094925,"Add 3 factors",3,92094925,TRUE,"ARITHMETIC"
"Add n factors",6,13,254,96550441,"Add 4 factors",4,96550441,TRUE,"ARITHMETIC"
"Add n factors",6,13,256,97769269,"Add 13 factors",13,97769269,TRUE,"ARITHMETIC"
"Add n factors",6,13,257,100975537,"Add 13 factors",13,100975537,TRUE,"ARITHMETIC"
"Add n factors",6,13,263,101005957,"Add 13 factors",13,101005957,TRUE,"ARITHMETIC"
"Add n factors",6,13,264,123251089,"Add 13 factors",13,123251089,TRUE,"ARITHMETIC"
"Add n factors",6,13,265,139850269,"Add 13 factors",13,139850269,TRUE,"ARITHMETIC"
"Add n factors",6,13,266,149974045,"Add 13 factors",13,149974045,TRUE,"ARITHMETIC"
"Add n factors",6,13,267,154455925,"Add 13 factors",13,154455925,TRUE,"ARITHMETIC"
"Add n factors",5,14,767,11492924,"Add 1 factors",1,11492924,TRUE,"ARITHMETIC"
"Add n factors",5,14,768,13024272,"Add 2 factors",2,13024272,TRUE,"ARITHMETIC"
"Add n factors",5,14,769,14223190,"Add 3 factors",3,13523680,FALSE,"ARITH_OPEN"
"Add n factors",5,14,770,14234561,"Add 4 factors",4,14023088,FALSE,"ARITH_OPEN"
"Add n factors",5,14,771,14365810,"Add 5 factors",5,14023088,FALSE,"ARITH_OPEN"
"Add n factors",5,14,782,16361772,"Add 16 factors",16,14023088,FALSE,"ARITH_OPEN"
"Add n factors",5,14,783,17822636,"Add 17 factors",17,14023088,FALSE,"ARITH_OPEN"
"Add n factors",5,14,852,22060739,"Add 1 factors",1,22060739,TRUE,"ARITHMETIC"
"Add n factors",5,14,853,23592087,"Add 2 factors",2,23592087,TRUE,"ARITHMETIC"
"Add n factors",5,14,854,24791005,"Add 3 factors",3,24091495,FALSE,"ARITH_OPEN"
"Add n factors",5,14,855,24802376,"Add 4 factors",4,24590903,FALSE,"ARITH_OPEN"
"Add n factors",5,14,856,24933625,"Add 5 factors",5,24590903,FALSE,"ARITH_OPEN"
"Add n factors",5,14,3126,36967070,"Add 1 factors",1,36967070,TRUE,"ARITHMETIC"
"Add n factors",5,14,5330,41717174,"Add 1 factors",1,41717174,TRUE,"ARITHMETIC"
"Add n factors",5,14,5331,43424334,"Add 2 factors",2,43424334,TRUE,"ARITHMETIC"
"Add n factors",5,14,5333,44654840,"Add 4 factors",4,44423150,FALSE,"ARITH_OPEN"
"Add n factors",5,14,5334,44792851,"Add 5 factors",5,44423150,FALSE,"ARITH_OPEN"
"Add n factors",6,14,19,36041819,"Add 1 factors",1,36041819,TRUE,"ARITHMETIC"
"Add n factors",6,14,20,46266943,"Add 2 factors",2,46266943,TRUE,"ARITHMETIC"
"Add n factors",6,14,237,189401468,"Add 1 factors",1,189401468,TRUE,"ARITHMETIC"
"Add n factors",6,14,269,251457999,"Add 1 factors",1,251457999,TRUE,"ARITHMETIC"
"Add n factors",6,14,290,327274520,"Add 1 factors",1,327274520,TRUE,"ARITHMETIC"
"Add n factors",6,14,291,352293332,"Add 2 factors",2,352293332,TRUE,"ARITHMETIC"
"Add n factors",6,14,292,383165614,"Add 3 factors",3,368488420,FALSE,"ARITH_OPEN"
"Add n factors",6,14,294,390577239,"Add 5 factors",5,382471844,FALSE,"ARITH_OPEN"
"Add n factors",6,14,295,398899311,"Add 6 factors",6,382471844,FALSE,"ARITH_OPEN"
"Add n factors",6,14,305,441115376,"Add 16 factors",16,382471844,FALSE,"ARITH_OPEN"
"Add n factors",6,14,306,478888304,"Add 17 factors",17,382471844,FALSE,"ARITH_OPEN"
"Add n factors",6,14,514,606935656,"Add 1 factors",1,606935656,TRUE,"ARITHMETIC"
"Add n factors",6,14,515,638469704,"Add 2 factors",2,638469704,TRUE,"ARITHMETIC"
"Add n factors",6,14,731,876768920,"Add 1 factors",1,876768920,TRUE,"ARITHMETIC"
"Add n factors",5,15,767,12620234,"Add 1 factors",1,12620234,TRUE,"ARITHMETIC"
"Add n factors",5,15,768,14746484,"Add 2 factors",2,14746484,TRUE,"ARITHMETIC"
"Add n factors",5,15,769,15455234,"Add 3 factors",3,15455234,TRUE,"ARITHMETIC"
"Add n factors",5,15,770,16362211,"Add 4 factors",4,16163984,FALSE,"ARITH_OPEN"
"Add n factors",5,15,771,16456711,"Add 5 factors",5,16163984,FALSE,"ARITH_OPEN"
"Add n factors",5,15,782,17599694,"Add 16 factors",16,16163984,FALSE,"ARITH_OPEN"
"Add n factors",5,15,783,19254718,"Add 17 factors",17,16163984,FALSE,"ARITH_OPEN"
"Add n factors",5,15,852,23188049,"Add 1 factors",1,23188049,TRUE,"ARITHMETIC"
"Add n factors",5,15,1148,31151619,"Add 1 factors",1,31151619,TRUE,"ARITHMETIC"
"Add n factors",5,15,5330,42432942,"Add 1 factors",1,42432942,TRUE,"ARITHMETIC"
"Add n factors",5,15,5331,44697792,"Add 2 factors",2,44697792,TRUE,"ARITHMETIC"
"Add n factors",6,15,19,37899705,"Add 1 factors",1,37899705,TRUE,"ARITHMETIC"
"Add n factors",6,15,269,260891369,"Add 1 factors",1,260891369,TRUE,"ARITHMETIC"
"Add n factors",6,15,290,336327148,"Add 1 factors",1,336327148,TRUE,"ARITHMETIC"
"Add n factors",6,15,291,367263298,"Add 2 factors",2,367263298,TRUE,"ARITHMETIC"
"Add n factors",6,15,292,389896048,"Add 3 factors",3,389896048,TRUE,"ARITHMETIC"
"Add n factors",6,15,294,418906251,"Add 5 factors",5,411158548,FALSE,"ARITH_OPEN"
"Add n factors",6,15,295,433811236,"Add 6 factors",6,411158548,FALSE,"ARITH_OPEN"
"Add n factors",6,15,305,443642608,"Add 16 factors",16,411158548,FALSE,"ARITH_OPEN"
"Add n factors",6,15,306,482199664,"Add 17 factors",17,411158548,FALSE,"ARITH_OPEN"
"Add n factors",6,15,514,617715356,"Add 1 factors",1,617715356,TRUE,"ARITHMETIC"
"Add n factors",6,15,515,664546406,"Add 2 factors",2,664546406,TRUE,"ARITHMETIC"
"Add n factors",6,15,731,887763628,"Add 1 factors",1,887763628,TRUE,"ARITHMETIC"
"Add n factors",5,16,767,13103536,"Add 1 factors",1,13103536,TRUE,"ARITHMETIC"
"Add n factors",5,16,768,15906736,"Add 2 factors",2,15906736,TRUE,"ARITHMETIC"
"Add n factors",5,16,769,16889776,"Add 3 factors",3,16889776,TRUE,"ARITHMETIC"
"Add n factors",5,16,782,17872816,"Add 16 factors",16,17872816,TRUE,"ARITHMETIC"
"Add n factors",5,16,783,19588192,"Add 17 factors",17,17872816,FALSE,"ARITH_OPEN"
"Add n factors",5,16,852,23671351,"Add 1 factors",1,23671351,TRUE,"ARITHMETIC"
"Add n factors",5,16,5330,43177740,"Add 1 factors",1,43177740,TRUE,"ARITHMETIC"
"Add n factors",6,16,19,39866207,"Add 1 factors",1,39866207,TRUE,"ARITHMETIC"
"Add n factors",6,16,290,346026480,"Add 1 factors",1,346026480,TRUE,"ARITHMETIC"
"Add n factors",6,16,291,383746800,"Add 2 factors",2,383746800,TRUE,"ARITHMETIC"
"Add n factors",6,16,292,414221040,"Add 3 factors",3,414221040,TRUE,"ARITHMETIC"
"Add n factors",6,16,293,429949680,"Add 4 factors",4,429949680,TRUE,"ARITHMETIC"
"Add n factors",6,16,305,445678320,"Add 16 factors",16,445678320,TRUE,"ARITHMETIC"
"Add n factors",6,16,306,484882160,"Add 17 factors",17,445678320,FALSE,"ARITH_OPEN"
"Add n factors",6,16,514,629265120,"Add 1 factors",1,629265120,TRUE,"ARITHMETIC"
"Add n factors",5,17,722,16542241,"Add 1 factors",1,16542241,TRUE,"ARITHMETIC"
"Add n factors",5,17,852,25065801,"Add 1 factors",1,25065801,TRUE,"ARITHMETIC"
"Add n factors",5,17,853,28912969,"Add 2 factors",2,28912969,TRUE,"ARITHMETIC"
"Add n factors",5,17,854,30249305,"Add 3 factors",3,30249305,TRUE,"ARITHMETIC"
"Add n factors",5,17,855,31579143,"Add 17 factors",17,31579143,TRUE,"ARITHMETIC"
"Add n factors",5,17,868,31585641,"Add 17 factors",17,31585641,TRUE,"ARITHMETIC"
"Add n factors",5,17,6243,58813776,"Add 1 factors",1,58813776,TRUE,"ARITHMETIC"
"Add n factors",6,17,269,302601377,"Add 1 factors",1,302601377,TRUE,"ARITHMETIC"
"Add n factors",6,17,270,347958193,"Add 2 factors",2,347958193,TRUE,"ARITHMETIC"
"Add n factors",6,17,291,495702032,"Add 1 factors",1,495702032,TRUE,"ARITHMETIC"
"Add n factors",6,17,292,541132832,"Add 2 factors",2,541132832,TRUE,"ARITHMETIC"
"Add n factors",6,17,293,585231920,"Add 3 factors",3,585231920,TRUE,"ARITHMETIC"
"Add n factors",6,17,294,607949632,"Add 4 factors",4,607949632,TRUE,"ARITHMETIC"
"Add n factors",6,17,306,630667105,"Add 17 factors",17,630667105,TRUE,"ARITHMETIC"
"Add n factors",6,17,307,630667344,"Add 17 factors",17,630667344,TRUE,"ARITHMETIC"
"Add n factors",6,17,842,1222399728,"Add 1 factors",1,1222399728,TRUE,"ARITHMETIC"
"Add n factors",6,17,2211,1533413136,"Add 1 factors",1,1533413136,TRUE,"ARITHMETIC"
"Add n factors",5,18,852,26957699,"Add 1 factors",1,26957699,TRUE,"ARITHMETIC"
"Add n factors",5,18,853,32118695,"Add 2 factors",2,32118695,TRUE,"ARITHMETIC"
"Add n factors",5,18,854,35653553,"Add 3 factors",3,33903287,FALSE,"ARITH_OPEN"
"Add n factors",5,18,855,36240984,"Add 4 factors",4,35687879,FALSE,"ARITH_OPEN"
"Add n factors",5,18,856,36454581,"Add 5 factors",5,35687879,FALSE,"ARITH_OPEN"
"Add n factors",5,18,857,38429531,"Add 19 factors",19,35664857,FALSE,"ARITH_OPEN"
"Add n factors",5,18,860,38436029,"Add 19 factors",19,35671355,FALSE,"ARITH_OPEN"
"Add n factors",5,18,870,38455523,"Add 19 factors",19,35687879,FALSE,"ARITH_OPEN"
"Add n factors",5,18,871,45604907,"Add 19 factors",19,42837263,FALSE,"ARITH_OPEN"
"Add n factors",5,18,872,50765903,"Add 19 factors",19,47998259,FALSE,"ARITH_OPEN"
"Add n factors",5,18,873,54300761,"Add 19 factors",19,51533117,FALSE,"ARITH_OPEN"
"Add n factors",5,18,874,54888192,"Add 19 factors",19,52120548,FALSE,"ARITH_OPEN"
"Add n factors",5,18,875,55101789,"Add 19 factors",19,52334145,FALSE,"ARITH_OPEN"
"Add n factors",5,18,1276,66574326,"Add 1 factors",1,66574326,TRUE,"ARITHMETIC"
"Add n factors",6,18,22,124325622,"Add 1 factors",1,124325622,TRUE,"ARITHMETIC"
"Add n factors",6,18,202,488832425,"Add 1 factors",1,488832425,TRUE,"ARITHMETIC"
"Add n factors",6,18,203,564275501,"Add 2 factors",2,564275501,TRUE,"ARITHMETIC"
"Add n factors",6,18,204,662634989,"Add 3 factors",3,630999413,FALSE,"ARITH_OPEN"
"Add n factors",6,18,205,712241978,"Add 5 factors",5,695228201,FALSE,"ARITH_OPEN"
"Add n factors",6,18,206,712258502,"Add 5 factors",5,695244725,FALSE,"ARITH_OPEN"
"Add n factors",6,18,207,730442186,"Add 6 factors",6,695244725,FALSE,"ARITH_OPEN"
"Add n factors",6,18,363,945717538,"Add 1 factors",1,945717538,TRUE,"ARITHMETIC"
"Add n factors",6,18,364,1021259758,"Add 2 factors",2,1021259758,TRUE,"ARITHMETIC"
"Add n factors",6,18,365,1124359906,"Add 3 factors",3,1088776822,FALSE,"ARITH_OPEN"
"Add n factors",6,18,366,1170123126,"Add 5 factors",5,1153021895,FALSE,"ARITH_OPEN"
"Add n factors",6,18,367,1170123365,"Add 5 factors",5,1153022134,FALSE,"ARITH_OPEN"
"Add n factors",6,18,368,1188758429,"Add 6 factors",6,1153022134,FALSE,"ARITH_OPEN"
"Add n factors",6,18,380,1228412717,"Add 19 factors",19,1153021895,FALSE,"ARITH_OPEN"
"Add n factors",6,18,381,1228412956,"Add 19 factors",19,1153022134,FALSE,"ARITH_OPEN"
"Add n factors",6,18,382,1425124138,"Add 1 factors",1,1425124138,TRUE,"ARITHMETIC"
"Add n factors",6,18,517,1704857390,"Add 1 factors",1,1704857390,TRUE,"ARITHMETIC"
"Add n factors",6,18,518,1833546302,"Add 2 factors",2,1833546302,TRUE,"ARITHMETIC"
"Add n factors",6,18,519,1956077558,"Add 3 factors",3,1910283758,FALSE,"ARITH_OPEN"
"Add n factors",6,18,962,2356094940,"Add 1 factors",1,2356094940,TRUE,"ARITHMETIC"
"Add n factors",6,18,963,2484783852,"Add 2 factors",2,2484783852,TRUE,"ARITHMETIC"
"Add n factors",5,19,852,28938007,"Add 1 factors",1,28938007,TRUE,"ARITHMETIC"
"Add n factors",5,19,853,35449003,"Add 2 factors",2,35449003,TRUE,"ARITHMETIC"
"Add n factors",5,19,854,37794781,"Add 3 factors",3,37794781,TRUE,"ARITHMETIC"
"Add n factors",5,19,857,40134061,"Add 19 factors",19,40134061,TRUE,"ARITHMETIC"
"Add n factors",5,19,870,40140559,"Add 19 factors",19,40140559,TRUE,"ARITHMETIC"
"Add n factors",5,19,871,49270249,"Add 19 factors",19,49270249,TRUE,"ARITHMETIC"
"Add n factors",5,19,872,55781245,"Add 19 factors",19,55781245,TRUE,"ARITHMETIC"
"Add n factors",6,19,22,136055124,"Add 1 factors",1,136055124,TRUE,"ARITHMETIC"
"Add n factors",6,19,202,507599155,"Add 1 factors",1,507599155,TRUE,"ARITHMETIC"
"Add n factors",6,19,203,596615257,"Add 2 factors",2,596615257,TRUE,"ARITHMETIC"
"Add n factors",6,19,204,683409043,"Add 3 factors",3,683409043,TRUE,"ARITHMETIC"
"Add n factors",6,19,205,727978825,"Add 4 factors",4,727978825,TRUE,"ARITHMETIC"
"Add n factors",6,19,363,968422194,"Add 1 factors",1,968422194,TRUE,"ARITHMETIC"
"Add n factors",6,19,364,1057555260,"Add 2 factors",2,1057555260,TRUE,"ARITHMETIC"
"Add n factors",6,19,365,1144349046,"Add 3 factors",3,1144349046,TRUE,"ARITHMETIC"
"Add n factors",6,19,366,1188918828,"Add 4 factors",4,1188918828,TRUE,"ARITHMETIC"
"Add n factors",6,19,380,1233488341,"Add 19 factors",19,1233488341,TRUE,"ARITHMETIC"
"Add n factors",6,19,381,1233488610,"Add 19 factors",19,1233488610,TRUE,"ARITHMETIC"
"Add n factors",6,19,382,1453855284,"Add 19 factors",19,1453855284,TRUE,"ARITHMETIC"
"Add n factors",6,19,517,1728315702,"Add 1 factors",1,1728315702,TRUE,"ARITHMETIC"
"Add n factors",6,19,518,1886379552,"Add 2 factors",2,1886379552,TRUE,"ARITHMETIC"
"Add n factors",6,19,962,2384216874,"Add 1 factors",1,2384216874,TRUE,"ARITHMETIC"
"Add n factors",5,20,786,64346323,"Add 1 factors",1,64346323,TRUE,"ARITHMETIC"
"Add n factors",5,20,787,72455523,"Add 2 factors",2,72455523,TRUE,"ARITHMETIC"
"Add n factors",5,20,788,75495523,"Add 3 factors",3,75495523,TRUE,"ARITHMETIC"
"Add n factors",5,20,789,79112858,"Add 4 factors",4,78535523,FALSE,"ARITH_OPEN"
"Add n factors",5,20,790,79425541,"Add 5 factors",5,78535523,FALSE,"ARITH_OPEN"
"Add n factors",5,20,792,92628883,"Add 23 factors",23,78413923,FALSE,"ARITH_OPEN"
"Add n factors",5,20,799,92640521,"Add 23 factors",23,78421523,FALSE,"ARITH_OPEN"
"Add n factors",5,20,801,92663797,"Add 23 factors",23,78436723,FALSE,"ARITH_OPEN"
"Add n factors",5,20,804,92675435,"Add 23 factors",23,78444323,FALSE,"ARITH_OPEN"
"Add n factors",5,20,805,92687073,"Add 23 factors",23,78451923,FALSE,"ARITH_OPEN"
"Add n factors",5,20,807,92698711,"Add 23 factors",23,78459523,FALSE,"ARITH_OPEN"
"Add n factors",5,20,808,92815091,"Add 23 factors",23,78535523,FALSE,"ARITH_OPEN"
"Add n factors",5,20,809,106510291,"Add 23 factors",23,92230723,FALSE,"ARITH_OPEN"
"Add n factors",6,20,250,1461605979,"Add 1 factors",1,1461605979,TRUE,"ARITHMETIC"
"Add n factors",6,20,251,1646323979,"Add 2 factors",2,1646323979,TRUE,"ARITHMETIC"
"Add n factors",6,20,531,2882919692,"Add 1 factors",1,2882919692,TRUE,"ARITHMETIC"
"Add n factors",6,20,532,3067804892,"Add 2 factors",2,3067804892,TRUE,"ARITHMETIC"
"Add n factors",6,20,533,3211292892,"Add 3 factors",3,3211292892,TRUE,"ARITHMETIC"
"Add n factors",6,20,534,3368524280,"Add 5 factors",5,3332740653,FALSE,"ARITH_OPEN"
"Add n factors",6,20,535,3368700975,"Add 5 factors",5,3332892892,FALSE,"ARITH_OPEN"
"Add n factors",6,20,536,3438264878,"Add 6 factors",6,3332892892,FALSE,"ARITH_OPEN"
"Add n factors",6,20,627,4437943924,"Add 1 factors",1,4437943924,TRUE,"ARITHMETIC"
"Add n factors",6,20,628,4675360324,"Add 2 factors",2,4675360324,TRUE,"ARITHMETIC"
"Add n factors",6,20,629,4820824324,"Add 3 factors",3,4820824324,TRUE,"ARITHMETIC"
"Add n factors",6,20,630,4980955102,"Add 5 factors",5,4942120115,FALSE,"ARITH_OPEN"
"Add n factors",6,20,631,4981308223,"Add 5 factors",5,4942424324,FALSE,"ARITH_OPEN"
"Add n factors",6,20,632,5058505663,"Add 6 factors",6,4942424324,FALSE,"ARITH_OPEN"
"Add n factors",6,20,6894,10657632966,"Add 1 factors",1,10657632966,TRUE,"ARITHMETIC"
"Add n factors",5,21,786,69066865,"Add 1 factors",1,69066865,TRUE,"ARITHMETIC"
"Add n factors",5,21,787,78954085,"Add 2 factors",2,78954085,TRUE,"ARITHMETIC"
"Add n factors",5,21,788,82843705,"Add 3 factors",3,82843705,TRUE,"ARITHMETIC"
"Add n factors",5,21,789,87411346,"Add 4 factors",4,86733325,FALSE,"ARITH_OPEN"
"Add n factors",5,21,790,87781786,"Add 5 factors",5,86733325,FALSE,"ARITH_OPEN"
"Add n factors",5,21,791,97500147,"Add 23 factors",23,86610265,FALSE,"ARITH_OPEN"
"Add n factors",5,21,792,97511785,"Add 23 factors",23,86619085,FALSE,"ARITH_OPEN"
"Add n factors",5,21,799,97521905,"Add 23 factors",23,86627485,FALSE,"ARITH_OPEN"
"Add n factors",5,21,804,97533543,"Add 23 factors",23,86636305,FALSE,"ARITH_OPEN"
"Add n factors",5,21,806,97626647,"Add 23 factors",23,86706865,FALSE,"ARITH_OPEN"
"Add n factors",5,21,808,97661561,"Add 23 factors",23,86733325,FALSE,"ARITH_OPEN"
"Add n factors",6,21,250,1506381021,"Add 1 factors",1,1506381021,TRUE,"ARITHMETIC"
"Add n factors",6,21,266,2179114157,"Add 1 factors",1,2179114157,TRUE,"ARITHMETIC"
"Add n factors",6,21,531,2940685964,"Add 1 factors",1,2940685964,TRUE,"ARITHMETIC"
"Add n factors",6,21,532,3155267744,"Add 2 factors",2,3155267744,TRUE,"ARITHMETIC"
"Add n factors",6,21,533,3336783344,"Add 3 factors",3,3336783344,TRUE,"ARITHMETIC"
"Add n factors",6,21,534,3541726632,"Add 5 factors",5,3499961895,FALSE,"ARITH_OPEN"
"Add n factors",6,21,535,3541939903,"Add 5 factors",5,3500147384,FALSE,"ARITH_OPEN"
"Add n factors",6,21,627,4493912596,"Add 1 factors",1,4493912596,TRUE,"ARITHMETIC"
"Add n factors",6,21,628,4769458216,"Add 2 factors",2,4769458216,TRUE,"ARITHMETIC"
"Add n factors",6,21,629,4955789536,"Add 3 factors",3,4955789536,TRUE,"ARITHMETIC"
"Add n factors",6,21,630,5160662430,"Add 5 factors",5,5115634157,FALSE,"ARITH_OPEN"
"Add n factors",6,21,631,5164709707,"Add 5 factors",5,5119153576,FALSE,"ARITH_OPEN"
"Add n factors",6,21,632,5274883022,"Add 6 factors",6,5119153576,FALSE,"ARITH_OPEN"
"Add n factors",6,21,634,5512605819,"Add 23 factors",23,5115384677,FALSE,"ARITH_OPEN"
"Add n factors",6,21,643,5512861855,"Add 23 factors",23,5115597197,FALSE,"ARITH_OPEN"
"Add n factors",6,21,648,5512906383,"Add 23 factors",23,5115634157,FALSE,"ARITH_OPEN"
"Add n factors",6,21,649,5517992428,"Add 23 factors",23,5119153576,FALSE,"ARITH_OPEN"
"Add n factors",6,21,6894,10766629552,"Add 1 factors",1,10766629552,TRUE,"ARITHMETIC"
"Add n factors",5,22,786,71671203,"Add 1 factors",1,71671203,TRUE,"ARITHMETIC"
"Add n factors",5,22,787,83705379,"Add 2 factors",2,83705379,TRUE,"ARITHMETIC"
"Add n factors",5,22,788,92338487,"Add 3 factors",3,88624755,FALSE,"ARITH_OPEN"
"Add n factors",5,22,789,94625415,"Add 4 factors",4,93544131,FALSE,"ARITH_OPEN"
"Add n factors",5,22,790,95653696,"Add 5 factors",5,93544131,FALSE,"ARITH_OPEN"
"Add n factors",5,22,791,99218525,"Add 23 factors",23,93300195,FALSE,"ARITH_OPEN"
"Add n factors",5,22,796,99230163,"Add 23 factors",23,93310359,FALSE,"ARITH_OPEN"
"Add n factors",5,22,799,99241801,"Add 23 factors",23,93320523,FALSE,"ARITH_OPEN"
"Add n factors",5,22,807,99299991,"Add 23 factors",23,93371343,FALSE,"ARITH_OPEN"
"Add n factors",5,22,808,99497837,"Add 23 factors",23,93544131,FALSE,"ARITH_OPEN"
"Add n factors",5,22,809,113079927,"Add 25 factors",25,93371343,FALSE,"ARITH_OPEN"
"Add n factors",5,22,810,113334927,"Add 25 factors",25,93544131,FALSE,"ARITH_OPEN"
"Add n factors",6,22,250,1553394941,"Add 1 factors",1,1553394941,TRUE,"ARITHMETIC"
"Add n factors",6,22,266,2226128077,"Add 1 factors",1,2226128077,TRUE,"ARITHMETIC"
"Add n factors",6,22,531,2997898102,"Add 1 factors",1,2997898102,TRUE,"ARITHMETIC"
"Add n factors",6,22,532,3245198386,"Add 2 factors",2,3245198386,TRUE,"ARITHMETIC"
"Add n factors",6,22,533,3565308792,"Add 3 factors",3,3471042466,FALSE,"ARITH_OPEN"
"Add n factors",6,22,627,4552679826,"Add 1 factors",1,4552679826,TRUE,"ARITHMETIC"
"Add n factors",6,22,628,4870233678,"Add 2 factors",2,4870233678,TRUE,"ARITHMETIC"
"Add n factors",6,22,629,5207491676,"Add 3 factors",3,5101444350,FALSE,"ARITH_OPEN"
"Add n factors",6,22,630,5390068576,"Add 4 factors",4,5209670622,FALSE,"ARITH_OPEN"
"Add n factors",6,22,631,5397169439,"Add 5 factors",5,5317896894,FALSE,"ARITH_OPEN"
"Add n factors",6,22,632,5475897767,"Add 6 factors",6,5317896894,FALSE,"ARITH_OPEN"
"Add n factors",6,22,634,5531099615,"Add 23 factors",23,5317398589,FALSE,"ARITH_OPEN"
"Add n factors",6,22,643,5531355651,"Add 23 factors",23,5317632361,FALSE,"ARITH_OPEN"
"Add n factors",6,22,648,5531400179,"Add 23 factors",23,5317673017,FALSE,"ARITH_OPEN"
"Add n factors",6,22,649,5531668122,"Add 23 factors",23,5317896894,FALSE,"ARITH_OPEN"
"Add n factors",6,22,6894,10881076092,"Add 1 factors",1,10881076092,TRUE,"ARITHMETIC"
"Add n factors",5,23,786,74474115,"Add 1 factors",1,74474115,TRUE,"ARITHMETIC"
"Add n factors",5,23,787,88637561,"Add 2 factors",2,88637561,TRUE,"ARITHMETIC"
"Add n factors",5,23,788,94794063,"Add 3 factors",3,94794063,TRUE,"ARITHMETIC"
"Add n factors",5,23,808,100950565,"Add 23 factors",23,100950565,TRUE,"ARITHMETIC"
"Add n factors",5,23,810,115154729,"Add 25 factors",25,100950565,FALSE,"ARITH_OPEN"
"Add n factors",6,23,250,1602647751,"Add 1 factors",1,1602647751,TRUE,"ARITHMETIC"
"Add n factors",6,23,266,2275380887,"Add 1 factors",1,2275380887,TRUE,"ARITHMETIC"
"Add n factors",6,23,531,3057834758,"Add 1 factors",1,3057834758,TRUE,"ARITHMETIC"
"Add n factors",6,23,532,3341022212,"Add 2 factors",2,3341022212,TRUE,"ARITHMETIC"
"Add n factors",6,23,627,4614245626,"Add 1 factors",1,4614245626,TRUE,"ARITHMETIC"
"Add n factors",6,23,628,4977874936,"Add 2 factors",2,4977874936,TRUE,"ARITHMETIC"
"Add n factors",6,23,629,5278740512,"Add 3 factors",3,5278740512,TRUE,"ARITHMETIC"
"Add n factors",6,23,630,5420340058,"Add 4 factors",4,5420340058,TRUE,"ARITHMETIC"
"Add n factors",6,23,634,5555749913,"Add 23 factors",23,5555749913,TRUE,"ARITHMETIC"
"Add n factors",6,23,643,5556005949,"Add 23 factors",23,5556005949,TRUE,"ARITHMETIC"
"Add n factors",6,23,648,5556050477,"Add 23 factors",23,5556050477,TRUE,"ARITHMETIC"
"Add n factors",6,23,649,5561939604,"Add 23 factors",23,5561939604,TRUE,"ARITHMETIC"
"Add n factors",5,24,713,90085391,"Add 1 factors",1,90085391,TRUE,"ARITHMETIC"
"Add n factors",5,24,714,106287695,"Add 2 factors",2,106287695,TRUE,"ARITHMETIC"
"Add n factors",5,24,715,113918543,"Add 3 factors",3,113918543,TRUE,"ARITHMETIC"
"Add n factors",5,24,716,122569994,"Add 4 factors",4,121549391,FALSE,"ARITH_OPEN"
"Add n factors",5,24,717,123224873,"Add 5 factors",5,121549391,FALSE,"ARITH_OPEN"
"Add n factors",5,24,726,128318423,"Add 25 factors",25,121214735,FALSE,"ARITH_OPEN"
"Add n factors",5,24,729,128333423,"Add 25 factors",25,121229735,FALSE,"ARITH_OPEN"
"Add n factors",5,24,731,128678423,"Add 25 factors",25,121534439,FALSE,"ARITH_OPEN"
"Add n factors",5,24,734,128694023,"Add 25 factors",25,121548791,FALSE,"ARITH_OPEN"
"Add n factors",5,24,737,128694623,"Add 25 factors",25,121549391,FALSE,"ARITH_OPEN"
"Add n factors",5,24,738,150420791,"Add 25 factors",25,143275559,FALSE,"ARITH_OPEN"
"Add n factors",5,24,739,166623095,"Add 25 factors",25,159477863,FALSE,"ARITH_OPEN"
"Add n factors",5,24,740,174253943,"Add 25 factors",25,167108711,FALSE,"ARITH_OPEN"
"Add n factors",6,24,266,2570779319,"Add 1 factors",1,2570779319,TRUE,"ARITHMETIC"
"Add n factors",6,24,267,2984421623,"Add 2 factors",2,2984421623,TRUE,"ARITHMETIC"
"Add n factors",6,24,268,3361830647,"Add 3 factors",3,3361830647,TRUE,"ARITHMETIC"
"Add n factors",6,24,269,3784188023,"Add 4 factors",4,3544970999,FALSE,"ARITH_OPEN"
"Add n factors",6,24,270,3803857906,"Add 5 factors",5,3728111351,FALSE,"ARITH_OPEN"
"Add n factors",6,24,271,3879710384,"Add 6 factors",6,3728111351,FALSE,"ARITH_OPEN"
"Add n factors",6,24,627,4958153848,"Add 1 factors",1,4958153848,TRUE,"ARITHMETIC"
"Add n factors",6,24,628,5372114104,"Add 2 factors",2,5372114104,TRUE,"ARITHMETIC"
"Add n factors",6,24,629,5753020600,"Add 3 factors",3,5753020600,TRUE,"ARITHMETIC"
"Add n factors",6,24,731,7466574008,"Add 1 factors",1,7466574008,TRUE,"ARITHMETIC"
"Add n factors",6,24,732,7988002040,"Add 2 factors",2,7988002040,TRUE,"ARITHMETIC"
"Add n factors",6,24,843,10190195946,"Add 1 factors",1,10190195946,TRUE,"ARITHMETIC"
"Add n factors",5,25,713,91975825,"Add 1 factors",1,91975825,TRUE,"ARITHMETIC"
"Add n factors",5,25,714,111445825,"Add 2 factors",2,111445825,TRUE,"ARITHMETIC"
"Add n factors",5,25,715,120820825,"Add 3 factors",3,120820825,TRUE,"ARITHMETIC"
"Add n factors",5,25,726,129804625,"Add 25 factors",25,129804625,TRUE,"ARITHMETIC"
"Add n factors",5,25,727,130164625,"Add 25 factors",25,130164625,TRUE,"ARITHMETIC"
"Add n factors",5,25,731,130179625,"Add 25 factors",25,130179625,TRUE,"ARITHMETIC"
"Add n factors",5,25,734,130195225,"Add 25 factors",25,130195225,TRUE,"ARITHMETIC"
"Add n factors",5,25,737,130195825,"Add 25 factors",25,130195825,TRUE,"ARITHMETIC"
"Add n factors",5,25,738,153812425,"Add 25 factors",25,153812425,TRUE,"ARITHMETIC"
"Add n factors",5,25,739,173282425,"Add 25 factors",25,173282425,TRUE,"ARITHMETIC"
"Add n factors",6,25,266,2645719225,"Add 1 factors",1,2645719225,TRUE,"ARITHMETIC"
"Add n factors",6,25,267,3114094225,"Add 2 factors",2,3114094225,TRUE,"ARITHMETIC"
"Add n factors",6,25,268,3573469225,"Add 3 factors",3,3573469225,TRUE,"ARITHMETIC"
"Add n factors",6,25,269,3807844225,"Add 4 factors",4,3807844225,TRUE,"ARITHMETIC"
"Add n factors",6,25,627,5049624984,"Add 1 factors",1,5049624984,TRUE,"ARITHMETIC"
"Add n factors",6,25,628,5518359984,"Add 2 factors",2,5518359984,TRUE,"ARITHMETIC"
"Add n factors",6,25,731,7576822744,"Add 1 factors",1,7576822744,TRUE,"ARITHMETIC"
"Add n factors",6,25,732,8167237744,"Add 2 factors",2,8167237744,TRUE,"ARITHMETIC"
"Add n factors",6,25,843,10300444680,"Add 1 factors",1,10300444680,TRUE,"ARITHMETIC"
"Add a factor",3,2,1332,59,"Add a factor",1,59,TRUE,"ARITHMETIC"
"Add a factor",3,3,4097,300,"Add a factor",1,300,TRUE,"ARITHMETIC"
"Add a factor",4,3,4713,2149,"Add a factor",1,2149,TRUE,"ARITHMETIC"
"Add a factor",4,3,4714,2203,"Add a factor",2,2203,TRUE,"ARITHMETIC"
"Add a factor",4,3,7013,2571,"Add a factor",1,2571,TRUE,"ARITHMETIC"
"Add a factor",3,6,1856,2049,"Add a factor",1,2049,TRUE,"ARITHMETIC"
"Add a factor",3,7,58,979,"Add a factor",1,979,TRUE,"ARITHMETIC"
"Add a factor",4,7,3494,33751,"Add a factor",1,33751,TRUE,"ARITHMETIC"
"Add a factor",4,7,3495,35809,"Add a factor",2,35809,TRUE,"ARITHMETIC"
"Add a factor",4,8,2813,58038,"Add a factor",1,58038,TRUE,"ARITHMETIC"
"Add a factor",4,8,2814,61622,"Add a factor",2,61622,TRUE,"ARITHMETIC"
"Add a factor",3,9,92,2105,"Add a factor",1,2105,TRUE,"ARITHMETIC"
"Add a factor",4,9,2634,86481,"Add a factor",1,86481,TRUE,"ARITHMETIC"
"Add a factor",4,9,2635,92313,"Add a factor",2,92313,TRUE,"ARITHMETIC"
"Add a factor",3,10,134,3559,"Add a factor",1,3559,TRUE,"ARITHMETIC"
"Add a factor",4,10,2596,163709,"Add a factor",1,163709,TRUE,"ARITHMETIC"
"Add a factor",4,10,2597,172709,"Add a factor",2,172709,TRUE,"ARITHMETIC"
"Add a factor",3,11,134,3871,"Add a factor",1,3871,TRUE,"ARITHMETIC"
"Add a factor",4,11,2596,175541,"Add a factor",1,175541,TRUE,"ARITHMETIC"
"Add a factor",4,11,2597,188851,"Add a factor",2,188851,TRUE,"ARITHMETIC"
"Add a factor",3,12,184,5975,"Add a factor",1,5975,TRUE,"ARITHMETIC"
"Add a factor",4,12,3113,318683,"Add a factor",1,318683,TRUE,"ARITHMETIC"
"Add a factor",4,12,3114,337691,"Add a factor",2,337691,TRUE,"ARITHMETIC"
"Add a factor",3,13,184,6421,"Add a factor",1,6421,TRUE,"ARITHMETIC"
"Add a factor",4,13,3113,337849,"Add a factor",1,337849,TRUE,"ARITHMETIC"
"Add a factor",3,17,382,18337,"Add a factor",1,18337,TRUE,"ARITHMETIC"
"Add a factor",3,18,382,19223,"Add a factor",1,19223,TRUE,"ARITHMETIC"
"Add a factor",3,19,382,20215,"Add a factor",1,20215,TRUE,"ARITHMETIC"
"Add a factor",4,20,2807,2436915,"Add a factor",1,2436915,TRUE,"ARITHMETIC"
"Add a factor",4,21,2807,2531337,"Add a factor",1,2531337,TRUE,"ARITHMETIC"
"Add a factor",4,22,2807,2629703,"Add a factor",1,2629703,TRUE,"ARITHMETIC"
