"t","k","v","N","type","q","mode","ok","note"
3,38,4,152,"4a",37,"FULL",TRUE,"FULL"
3,54,4,212,"3a",53,"FULL",TRUE,"FULL"
3,104,6,624,"4a",103,"FULL",TRUE,"FULL"
3,122,6,726,"3a",121,"FULL",TRUE,"FULL"
3,128,6,762,"3a",127,"FULL",FALSE,"FAILS(FULL)"
3,152,6,906,"3a",151,"FULL",TRUE,"FULL"
3,164,6,978,"3a",163,"FULL",TRUE,"FULL"
3,170,6,1020,"4a",169,"FULL",TRUE,"FULL"
3,170,7,1183,"3a",169,"FULL",TRUE,"FULL"
3,194,8,1552,"4a",193,"FULL",TRUE,"FULL"
3,242,8,1936,"4a",241,"FULL",TRUE,"FULL"
3,362,10,3610,"3a",361,"SCREEN50",TRUE,"SCREEN50"
3,522,10,5210,"3a",521,"SCREEN50",TRUE,"SCREEN50"
3,572,10,5710,"3a",571,"SCREEN50",TRUE,"SCREEN50"
3,398,11,4378,"4a",397,"SCREEN50",TRUE,"SCREEN50"
3,602,12,7224,"4a",601,"SCREEN50",TRUE,"SCREEN50"
3,614,12,7356,"3a",613,"SCREEN50",TRUE,"SCREEN50"
3,710,12,8520,"4a",709,"SCREEN50",TRUE,"SCREEN50"
3,884,14,12376,"4a",883,"SCREEN50",TRUE,"SCREEN50"
3,1052,14,14714,"3a",1051,"SCREEN50",TRUE,"SCREEN50"
3,1094,14,15302,"3a",1093,"SCREEN50",TRUE,"SCREEN50"
3,1164,14,16282,"3a",1163,"SCREEN50",TRUE,"SCREEN50"
3,1298,18,23364,"4a",1297,"SCREEN50",TRUE,"SCREEN50"
3,1802,20,36040,"4a",1801,"SCREEN50",TRUE,"SCREEN50"
3,2142,20,42840,"4a",2141,"SCREEN50",TRUE,"SCREEN50"
3,2162,20,43220,"3a",2161,"SCREEN50",FALSE,"FAILS(SCREEN50)"
3,2342,20,46820,"3a",2341,"SCREEN50",TRUE,"SCREEN50"
3,2270,21,47670,"4a",2269,"SCREEN50",TRUE,"SCREEN50"
3,2312,21,48531,"3a",2311,"SCREEN50",FALSE,"FAILS(SCREEN50)"
4,12,2,24,"4b",11,"FULL",TRUE,"FULL"
4,24,2,46,"3a",23,"FULL",TRUE,"FULL"
4,67,2,67,"1",67,"FULL",TRUE,"FULL"
4,71,2,71,"1",71,"FULL",TRUE,"FULL"
4,83,2,83,"1",83,"FULL",TRUE,"FULL"
4,89,2,89,"1",89,"FULL",TRUE,"FULL"
4,224,3,669,"3a",223,"SCREEN50",TRUE,"SCREEN50"
4,230,3,687,"3a",229,"SCREEN50",TRUE,"SCREEN50"
4,272,3,813,"3a",271,"SCREEN50",TRUE,"SCREEN50"
4,278,3,831,"3a",277,"SCREEN50",TRUE,"SCREEN50"
4,1051,3,1051,"1",1051,"SCREEN50",TRUE,"SCREEN50"
4,1069,3,1069,"1",1069,"SCREEN50",TRUE,"SCREEN50"
4,1087,3,1087,"1",1087,"SCREEN50",TRUE,"SCREEN50"
4,1093,3,1093,"1",1093,"SCREEN50",TRUE,"SCREEN50"
4,1117,3,1119,"2",1117,"SCREEN50",TRUE,"SCREEN50"
4,1123,3,1123,"1",1123,"SCREEN50",TRUE,"SCREEN50"
4,1129,3,1129,"1",1129,"SCREEN50",TRUE,"SCREEN50"
4,1171,3,1171,"1",1171,"SCREEN50",TRUE,"SCREEN50"
4,1213,3,1213,"1",1213,"SCREEN50",TRUE,"SCREEN50"
4,1231,3,1231,"1",1231,"SCREEN50",TRUE,"SCREEN50"
4,1249,3,1249,"1",1249,"SCREEN50",TRUE,"SCREEN50"
4,1279,3,1279,"1",1279,"SCREEN50",TRUE,"SCREEN50"
4,1291,3,1291,"1",1291,"SCREEN50",TRUE,"SCREEN50"
4,1297,3,1297,"1",1297,"SCREEN50",TRUE,"SCREEN50"
4,1303,3,1303,"1",1303,"SCREEN50",TRUE,"SCREEN50"
4,1321,3,1323,"2",1321,"SCREEN50",TRUE,"SCREEN50"
4,1327,3,1327,"1",1327,"SCREEN50",TRUE,"SCREEN50"
4,1381,3,1381,"1",1381,"SCREEN50",TRUE,"SCREEN50"
4,1399,3,1399,"1",1399,"SCREEN50",TRUE,"SCREEN50"
4,1423,3,1423,"1",1423,"SCREEN50",TRUE,"SCREEN50"
4,1429,3,1431,"2",1429,"SCREEN50",TRUE,"SCREEN50"
4,1447,3,1447,"1",1447,"SCREEN50",TRUE,"SCREEN50"
4,1453,3,1453,"1",1453,"SCREEN50",TRUE,"SCREEN50"
4,1459,3,1459,"1",1459,"SCREEN50",TRUE,"SCREEN50"
4,1471,3,1471,"1",1471,"SCREEN50",TRUE,"SCREEN50"
4,1483,3,1483,"1",1483,"SCREEN50",TRUE,"SCREEN50"
4,1489,3,1489,"1",1489,"SCREEN50",TRUE,"SCREEN50"
4,1531,3,1531,"1",1531,"SCREEN50",TRUE,"SCREEN50"
4,1543,3,1543,"1",1543,"SCREEN50",TRUE,"SCREEN50"
4,1549,3,1549,"1",1549,"SCREEN50",TRUE,"SCREEN50"
4,1567,3,1567,"1",1567,"SCREEN50",TRUE,"SCREEN50"
4,1579,3,1579,"1",1579,"SCREEN50",TRUE,"SCREEN50"
4,1597,3,1597,"1",1597,"SCREEN50",TRUE,"SCREEN50"
4,462,4,1848,"4a",461,"SCREEN50",TRUE,"SCREEN50"
4,558,4,2232,"4a",557,"SCREEN50",TRUE,"SCREEN50"
4,614,4,2452,"3a",613,"SCREEN50",TRUE,"SCREEN50"
4,654,4,2612,"3a",653,"SCREEN50",TRUE,"SCREEN50"
4,678,4,2708,"3a",677,"SCREEN50",TRUE,"SCREEN50"
4,702,4,2804,"3a",701,"SCREEN50",TRUE,"SCREEN50"
4,734,4,2932,"3a",733,"SCREEN50",TRUE,"SCREEN50"
4,758,4,3028,"3a",757,"SCREEN50",TRUE,"SCREEN50"
4,774,4,3092,"3a",773,"SCREEN50",TRUE,"SCREEN50"
4,798,4,3188,"3a",797,"SCREEN50",TRUE,"SCREEN50"
4,2648,6,15888,"4a",2647,"SCREEN50",TRUE,"SCREEN50"
4,2768,6,16608,"4a",2767,"SCREEN50",TRUE,"SCREEN50"
4,3020,6,18114,"3a",3019,"SCREEN50",TRUE,"SCREEN50"
4,3260,6,19560,"4a",3259,"SCREEN50",TRUE,"SCREEN50"
4,3272,6,19626,"3a",3271,"SCREEN50",TRUE,"SCREEN50"
4,3320,6,19914,"3a",3319,"SCREEN50",TRUE,"SCREEN50"
4,3332,6,19992,"4a",3331,"SCREEN50",TRUE,"SCREEN50"
4,3344,6,20058,"3a",3343,"SCREEN50",TRUE,"SCREEN50"
4,3464,6,20778,"3a",3463,"SCREEN50",TRUE,"SCREEN50"
4,3500,6,20994,"3a",3499,"SCREEN50",TRUE,"SCREEN50"
4,3584,6,21498,"3a",3583,"SCREEN50",TRUE,"SCREEN50"
4,3608,6,21642,"3a",3607,"SCREEN50",TRUE,"SCREEN50"
4,3632,6,21786,"3a",3631,"SCREEN50",TRUE,"SCREEN50"
4,3644,6,21858,"3a",3643,"SCREEN50",TRUE,"SCREEN50"
4,3692,6,22146,"3a",3691,"SCREEN50",TRUE,"SCREEN50"
4,3728,6,22362,"3a",3727,"SCREEN50",TRUE,"SCREEN50"
4,3824,6,22938,"3a",3823,"SCREEN50",TRUE,"SCREEN50"
4,3848,6,23082,"3a",3847,"SCREEN50",TRUE,"SCREEN50"
4,3908,6,23442,"3a",3907,"SCREEN50",TRUE,"SCREEN50"
4,3932,6,23586,"3a",3931,"SCREEN50",TRUE,"SCREEN50"
4,3944,6,23658,"3a",3943,"SCREEN50",TRUE,"SCREEN50"
4,4004,6,24018,"3a",4003,"SCREEN50",TRUE,"SCREEN50"
4,4028,6,24162,"3a",4027,"SCREEN50",TRUE,"SCREEN50"
4,6344,7,44401,"3a",6343,"SCREEN50",TRUE,"SCREEN50"
4,6764,7,47341,"3a",6763,"SCREEN50",TRUE,"SCREEN50"
4,8762,8,70088,"3a",8761,"SCREEN50",TRUE,"SCREEN50"
4,8970,8,71752,"3a",8969,"SCREEN50",TRUE,"SCREEN50"
4,9050,8,72392,"3a",9049,"SCREEN50",TRUE,"SCREEN50"
4,9338,8,74696,"3a",9337,"SCREEN50",TRUE,"SCREEN50"
4,9722,8,77768,"3a",9721,"SCREEN50",TRUE,"SCREEN50"
4,9818,8,78536,"3a",9817,"SCREEN50",TRUE,"SCREEN50"
4,9834,8,78664,"3a",9833,"SCREEN50",TRUE,"SCREEN50"
4,10009,8,80072,"3",10009,"SCREEN50",TRUE,"SCREEN50"
5,433,2,434,"2",433,"SCREEN50",TRUE,"SCREEN50"
5,523,2,523,"1",523,"SCREEN50",TRUE,"SCREEN50"
5,541,2,541,"1",541,"SCREEN50",TRUE,"SCREEN50"
5,547,2,547,"1",547,"SCREEN50",TRUE,"SCREEN50"
5,557,2,557,"1",557,"SCREEN50",TRUE,"SCREEN50"
5,563,2,563,"1",563,"SCREEN50",TRUE,"SCREEN50"
5,569,2,570,"2",569,"SCREEN50",TRUE,"SCREEN50"
5,571,2,571,"1",571,"SCREEN50",TRUE,"SCREEN50"
5,577,2,577,"1",577,"SCREEN50",TRUE,"SCREEN50"
5,587,2,587,"1",587,"SCREEN50",TRUE,"SCREEN50"
5,593,2,593,"1",593,"SCREEN50",TRUE,"SCREEN50"
5,599,2,599,"1",599,"SCREEN50",TRUE,"SCREEN50"
5,601,2,601,"1",601,"SCREEN50",TRUE,"SCREEN50"
5,607,2,607,"1",607,"SCREEN50",TRUE,"SCREEN50"
5,613,2,613,"1",613,"SCREEN50",TRUE,"SCREEN50"
5,1051,3,3156,"4",1051,"SCREEN50",TRUE,"SCREEN50"
5,1069,3,3210,"4",1069,"SCREEN50",TRUE,"SCREEN50"
5,1087,3,3264,"4",1087,"SCREEN50",TRUE,"SCREEN50"
5,1093,3,3282,"4",1093,"SCREEN50",TRUE,"SCREEN50"
5,1123,3,3369,"3",1123,"SCREEN50",TRUE,"SCREEN50"
5,1129,3,3390,"4",1129,"SCREEN50",TRUE,"SCREEN50"
5,1171,3,3516,"4",1171,"SCREEN50",TRUE,"SCREEN50"
5,1213,3,3642,"4",1213,"SCREEN50",TRUE,"SCREEN50"
5,1231,3,3696,"4",1231,"SCREEN50",TRUE,"SCREEN50"
5,1249,3,3750,"4",1249,"SCREEN50",TRUE,"SCREEN50"
5,1279,3,3840,"4",1279,"SCREEN50",TRUE,"SCREEN50"
5,1291,3,3876,"4",1291,"SCREEN50",TRUE,"SCREEN50"
5,1297,3,3891,"3",1297,"SCREEN50",TRUE,"SCREEN50"
5,1303,3,3909,"3",1303,"SCREEN50",TRUE,"SCREEN50"
5,1327,3,3981,"3",1327,"SCREEN50",TRUE,"SCREEN50"
5,1381,3,4143,"3",1381,"SCREEN50",TRUE,"SCREEN50"
5,1399,3,4197,"3",1399,"SCREEN50",TRUE,"SCREEN50"
5,1423,3,4269,"3",1423,"SCREEN50",TRUE,"SCREEN50"
5,1447,3,4341,"3",1447,"SCREEN50",TRUE,"SCREEN50"
5,1453,3,4359,"3",1453,"SCREEN50",TRUE,"SCREEN50"
5,1459,3,4377,"3",1459,"SCREEN50",TRUE,"SCREEN50"
5,1471,3,4413,"3",1471,"SCREEN50",TRUE,"SCREEN50"
5,1483,3,4449,"3",1483,"SCREEN50",TRUE,"SCREEN50"
5,1489,3,4467,"3",1489,"SCREEN50",TRUE,"SCREEN50"
5,1531,3,4593,"3",1531,"SCREEN50",TRUE,"SCREEN50"
5,1543,3,4629,"3",1543,"SCREEN50",TRUE,"SCREEN50"
5,1549,3,4647,"3",1549,"SCREEN50",TRUE,"SCREEN50"
5,1567,3,4701,"3",1567,"SCREEN50",TRUE,"SCREEN50"
5,1579,3,4737,"3",1579,"SCREEN50",TRUE,"SCREEN50"
5,1597,3,4791,"3",1597,"SCREEN50",TRUE,"SCREEN50"
5,1609,3,4827,"3",1609,"SCREEN50",TRUE,"SCREEN50"
5,1621,3,4863,"3",1621,"SCREEN50",TRUE,"SCREEN50"
5,1627,3,4881,"3",1627,"SCREEN50",TRUE,"SCREEN50"
5,1657,3,4971,"3",1657,"SCREEN50",TRUE,"SCREEN50"
5,1663,3,4989,"3",1663,"SCREEN50",TRUE,"SCREEN50"
5,1669,3,5007,"3",1669,"SCREEN50",TRUE,"SCREEN50"
5,1693,3,5079,"3",1693,"SCREEN50",TRUE,"SCREEN50"
5,1699,3,5097,"3",1699,"SCREEN50",TRUE,"SCREEN50"
5,1723,3,5169,"3",1723,"SCREEN50",TRUE,"SCREEN50"
5,1741,3,5223,"3",1741,"SCREEN50",TRUE,"SCREEN50"
5,1747,3,5241,"3",1747,"SCREEN50",TRUE,"SCREEN50"
5,1753,3,5259,"3",1753,"SCREEN50",TRUE,"SCREEN50"
5,1759,3,5277,"3",1759,"SCREEN50",TRUE,"SCREEN50"
5,6983,3,6983,"1",6983,"SCREEN50",TRUE,"SCREEN50"
5,7013,3,7013,"1",7013,"SCREEN50",TRUE,"SCREEN50"
5,10007,3,10007,"1",10007,"SCREEN50",TRUE,"SCREEN50"
6,1231,2,1231,"1",1231,"SCREEN50",TRUE,"SCREEN50"
6,1283,2,1283,"1",1283,"SCREEN50",TRUE,"SCREEN50"
6,1319,2,1319,"1",1319,"SCREEN50",TRUE,"SCREEN50"
6,1361,2,1361,"1",1361,"SCREEN50",TRUE,"SCREEN50"
6,1367,2,1367,"1",1367,"SCREEN50",TRUE,"SCREEN50"
6,1373,2,1373,"1",1373,"SCREEN50",TRUE,"SCREEN50"
6,1381,2,1381,"1",1381,"SCREEN50",TRUE,"SCREEN50"
6,1423,2,1423,"1",1423,"SCREEN50",TRUE,"SCREEN50"
6,1427,2,1427,"1",1427,"SCREEN50",TRUE,"SCREEN50"
6,1429,2,1429,"1",1429,"SCREEN50",TRUE,"SCREEN50"
6,1439,2,1439,"1",1439,"SCREEN50",TRUE,"SCREEN50"
6,1447,2,1447,"1",1447,"SCREEN50",TRUE,"SCREEN50"
6,1459,2,1459,"1",1459,"SCREEN50",TRUE,"SCREEN50"
6,1483,2,1483,"1",1483,"SCREEN50",TRUE,"SCREEN50"
6,1487,2,1487,"1",1487,"SCREEN50",TRUE,"SCREEN50"
6,1493,2,1493,"1",1493,"SCREEN50",TRUE,"SCREEN50"
6,1499,2,1499,"1",1499,"SCREEN50",TRUE,"SCREEN50"
6,1511,2,1511,"1",1511,"SCREEN50",TRUE,"SCREEN50"
6,1523,2,1523,"1",1523,"SCREEN50",TRUE,"SCREEN50"
6,1549,2,1549,"1",1549,"SCREEN50",TRUE,"SCREEN50"
6,1559,2,1559,"1",1559,"SCREEN50",TRUE,"SCREEN50"
6,1567,2,1567,"1",1567,"SCREEN50",TRUE,"SCREEN50"
6,1571,2,1571,"1",1571,"SCREEN50",TRUE,"SCREEN50"
6,1579,2,1579,"1",1579,"SCREEN50",TRUE,"SCREEN50"
6,1583,2,1583,"1",1583,"SCREEN50",TRUE,"SCREEN50"
6,1597,2,1597,"1",1597,"SCREEN50",TRUE,"SCREEN50"
6,1601,2,1601,"1",1601,"SCREEN50",TRUE,"SCREEN50"
6,1607,2,1607,"1",1607,"SCREEN50",TRUE,"SCREEN50"
6,1609,2,1609,"1",1609,"SCREEN50",TRUE,"SCREEN50"
6,1613,2,1613,"1",1613,"SCREEN50",TRUE,"SCREEN50"
6,1619,2,1619,"1",1619,"SCREEN50",TRUE,"SCREEN50"
6,1621,2,1621,"1",1621,"SCREEN50",TRUE,"SCREEN50"
6,1627,2,1627,"1",1627,"SCREEN50",TRUE,"SCREEN50"
6,1997,2,1997,"1",1997,"SCREEN50",TRUE,"SCREEN50"
6,1999,2,1999,"1",1999,"SCREEN50",TRUE,"SCREEN50"
6,2003,2,2003,"1",2003,"SCREEN50",TRUE,"SCREEN50"
6,2503,2,2503,"1",2503,"SCREEN50",TRUE,"SCREEN50"
