"t","k","v","N_snapshot","N_built","verified","size_ok","note"
2,3,2,4,4,TRUE,TRUE,"EXECUTED"
2,4,2,5,5,TRUE,TRUE,"EXECUTED"
3,4,2,8,8,TRUE,TRUE,"EXECUTED"
2,4,3,9,9,TRUE,TRUE,"EXECUTED"
3,5,2,10,10,TRUE,TRUE,"EXECUTED"
2,5,3,11,11,TRUE,TRUE,"EXECUTED"
2,10,2,6,6,TRUE,TRUE,"EXECUTED"
4,5,2,16,16,TRUE,TRUE,"EXECUTED"
2,7,3,12,12,TRUE,TRUE,"EXECUTED"
2,5,4,16,16,TRUE,TRUE,"EXECUTED"
3,4,3,27,27,TRUE,TRUE,"EXECUTED"
2,15,2,7,7,TRUE,TRUE,"EXECUTED"
2,3,6,36,36,TRUE,TRUE,"EXECUTED"
2,9,3,13,13,TRUE,TRUE,"EXECUTED"
2,6,4,19,19,TRUE,TRUE,"EXECUTED"
4,6,2,21,21,TRUE,TRUE,"EXECUTED"
2,10,3,14,14,TRUE,TRUE,"EXECUTED"
5,6,2,32,32,TRUE,TRUE,"EXECUTED"
2,7,4,21,21,TRUE,TRUE,"EXECUTED"
2,4,6,37,37,TRUE,TRUE,"EXECUTED"
2,6,5,25,25,TRUE,TRUE,"EXECUTED"
2,5,6,39,39,TRUE,TRUE,"EXECUTED"
2,7,5,29,29,TRUE,TRUE,"EXECUTED"
3,11,2,12,12,TRUE,TRUE,"EXECUTED"
3,6,3,33,33,TRUE,TRUE,"EXECUTED"
2,35,2,8,8,TRUE,TRUE,"EXECUTED"
2,6,6,41,41,TRUE,TRUE,"EXECUTED"
2,8,5,33,33,TRUE,TRUE,"EXECUTED"
2,12,4,24,24,TRUE,TRUE,"EXECUTED"
2,20,3,15,15,TRUE,TRUE,"EXECUTED"
3,12,2,15,15,TRUE,TRUE,"EXECUTED"
5,7,2,42,42,TRUE,TRUE,"EXECUTED"
6,7,2,64,64,TRUE,TRUE,"EXECUTED"
2,21,3,16,16,TRUE,TRUE,"EXECUTED"
2,13,4,25,25,TRUE,TRUE,"EXECUTED"
2,9,5,35,35,TRUE,TRUE,"EXECUTED"
4,5,3,81,81,TRUE,TRUE,"EXECUTED"
3,7,3,39,39,TRUE,TRUE,"EXECUTED"
2,10,5,36,36,TRUE,TRUE,"EXECUTED"
2,15,4,26,26,TRUE,TRUE,"EXECUTED"
3,14,2,16,16,TRUE,TRUE,"EXECUTED"
2,56,2,9,9,TRUE,TRUE,"EXECUTED"
2,9,6,46,46,TRUE,TRUE,"EXECUTED"
2,4,10,100,100,TRUE,TRUE,"EXECUTED"
2,29,3,17,17,TRUE,TRUE,"EXECUTED"
3,8,3,42,42,TRUE,TRUE,"EXECUTED"
2,8,7,49,49,TRUE,TRUE,"EXECUTED"
3,16,2,17,17,TRUE,TRUE,"EXECUTED"
3,6,4,64,64,TRUE,TRUE,"EXECUTED"
5,8,2,52,52,TRUE,TRUE,"EXECUTED"
2,9,7,59,59,TRUE,TRUE,"EXECUTED"
2,24,4,28,28,TRUE,TRUE,"EXECUTED"
2,10,7,61,61,TRUE,TRUE,"EXECUTED"
4,6,3,111,111,TRUE,TRUE,"EXECUTED"
2,9,8,64,64,TRUE,TRUE,"EXECUTED"
6,8,2,85,85,TRUE,TRUE,"EXECUTED"
3,20,2,18,18,TRUE,TRUE,"EXECUTED"
2,46,3,18,18,TRUE,TRUE,"EXECUTED"
3,4,6,216,216,TRUE,TRUE,"EXECUTED"
4,12,2,24,24,TRUE,TRUE,"EXECUTED"
2,49,3,19,19,TRUE,TRUE,"EXECUTED"
5,9,2,54,54,TRUE,TRUE,"EXECUTED"
3,22,2,19,19,TRUE,TRUE,"EXECUTED"
2,11,8,78,78,TRUE,TRUE,"EXECUTED"
3,23,2,20,20,TRUE,TRUE,"EXECUTED"
2,10,9,81,81,TRUE,TRUE,"EXECUTED"
3,6,5,125,125,TRUE,TRUE,"EXECUTED"
2,126,2,10,10,TRUE,TRUE,"EXECUTED"
3,8,4,88,88,TRUE,TRUE,"EXECUTED"
4,5,4,256,256,TRUE,TRUE,"EXECUTED"
4,7,3,123,123,TRUE,TRUE,"EXECUTED"
2,63,3,20,20,TRUE,TRUE,"EXECUTED"
5,6,3,243,243,TRUE,TRUE,"EXECUTED"
4,13,2,32,32,TRUE,TRUE,"EXECUTED"
3,25,2,21,21,TRUE,TRUE,"EXECUTED"
2,7,12,144,144,TRUE,TRUE,"EXECUTED"
5,10,2,56,56,TRUE,TRUE,"EXECUTED"
3,26,2,22,22,TRUE,TRUE,"EXECUTED"
3,5,6,240,240,TRUE,TRUE,"EXECUTED"
6,9,2,108,108,TRUE,TRUE,"EXECUTED"
2,13,9,105,105,TRUE,TRUE,"EXECUTED"
2,35,5,45,45,TRUE,TRUE,"EXECUTED"
3,30,2,23,23,TRUE,TRUE,"EXECUTED"
2,93,3,21,21,TRUE,TRUE,"EXECUTED"
2,13,10,120,120,TRUE,TRUE,"EXECUTED"
2,210,2,11,11,TRUE,TRUE,"EXECUTED"
2,12,11,121,121,TRUE,TRUE,"EXECUTED"
3,6,6,258,258,TRUE,TRUE,"EXECUTED"
2,107,3,22,22,TRUE,TRUE,"EXECUTED"
4,6,4,340,340,TRUE,TRUE,"EXECUTED"
4,17,2,35,35,TRUE,TRUE,"EXECUTED"
2,15,10,136,136,TRUE,TRUE,"EXECUTED"
6,10,2,116,116,TRUE,TRUE,"EXECUTED"
3,38,2,24,24,TRUE,TRUE,"EXECUTED"
2,16,10,145,145,TRUE,TRUE,"EXECUTED"
4,18,2,36,36,TRUE,TRUE,"EXECUTED"
5,7,3,351,351,TRUE,TRUE,"EXECUTED"
2,138,3,23,23,TRUE,TRUE,"EXECUTED"
2,14,12,165,165,TRUE,TRUE,"EXECUTED"
2,16,11,161,161,TRUE,TRUE,"EXECUTED"
2,15,12,168,168,TRUE,TRUE,"EXECUTED"
2,14,13,169,169,TRUE,TRUE,"EXECUTED"
3,44,2,25,25,TRUE,TRUE,"EXECUTED"
3,10,5,185,185,TRUE,TRUE,"EXECUTED"
2,17,11,171,171,TRUE,TRUE,"EXECUTED"
2,20,10,155,155,TRUE,TRUE,"EXECUTED"
4,20,2,39,39,TRUE,TRUE,"EXECUTED"
3,46,2,26,26,TRUE,TRUE,"EXECUTED"
6,11,2,118,118,TRUE,TRUE,"EXECUTED"
6,7,3,729,729,TRUE,TRUE,"EXECUTED"
3,49,2,27,27,TRUE,TRUE,"EXECUTED"
3,4,10,1000,1000,TRUE,TRUE,"EXECUTED"
4,21,2,42,42,TRUE,TRUE,"EXECUTED"
5,14,2,64,64,TRUE,TRUE,"EXECUTED"
2,199,3,24,24,TRUE,TRUE,"EXECUTED"
2,18,12,199,199,TRUE,TRUE,"EXECUTED"
3,52,2,28,28,TRUE,TRUE,"EXECUTED"
2,462,2,12,12,TRUE,TRUE,"EXECUTED"
4,22,2,44,44,TRUE,TRUE,"EXECUTED"
2,19,12,210,210,TRUE,TRUE,"EXECUTED"
2,216,3,25,25,TRUE,TRUE,"EXECUTED"
2,18,13,217,217,TRUE,TRUE,"EXECUTED"
4,6,5,625,625,TRUE,TRUE,"EXECUTED"
2,20,12,221,221,TRUE,TRUE,"EXECUTED"
3,55,2,29,29,TRUE,TRUE,"EXECUTED"
3,12,5,225,225,TRUE,TRUE,"EXECUTED"
5,6,4,1024,1024,TRUE,TRUE,"EXECUTED"
3,8,7,343,343,TRUE,TRUE,"EXECUTED"
2,19,13,229,229,TRUE,TRUE,"EXECUTED"
3,57,2,30,30,TRUE,TRUE,"EXECUTED"
5,15,2,79,79,TRUE,TRUE,"EXECUTED"
2,20,13,241,241,TRUE,TRUE,"EXECUTED"
4,24,2,46,46,TRUE,TRUE,"EXECUTED"
4,5,6,1296,1296,TRUE,TRUE,"EXECUTED"
2,63,7,91,91,TRUE,TRUE,"EXECUTED"
2,18,15,255,255,TRUE,TRUE,"EXECUTED"
2,17,16,256,256,TRUE,TRUE,"EXECUTED"
2,21,13,253,253,TRUE,TRUE,"EXECUTED"
2,64,7,96,96,TRUE,TRUE,"EXECUTED"
2,288,3,26,26,TRUE,TRUE,"EXECUTED"
4,25,2,50,50,TRUE,TRUE,"EXECUTED"
2,25,12,242,242,TRUE,TRUE,"EXECUTED"
2,18,16,286,286,TRUE,TRUE,"EXECUTED"
2,21,14,274,274,TRUE,TRUE,"EXECUTED"
4,26,2,51,51,TRUE,TRUE,"EXECUTED"
3,68,2,31,31,TRUE,TRUE,"EXECUTED"
2,19,16,288,288,TRUE,TRUE,"EXECUTED"
2,18,17,289,289,TRUE,TRUE,"EXECUTED"
2,22,14,287,287,TRUE,TRUE,"EXECUTED"
3,9,7,472,472,TRUE,TRUE,"EXECUTED"
5,16,2,98,98,TRUE,TRUE,"EXECUTED"
2,23,14,300,300,TRUE,TRUE,"EXECUTED"
2,79,7,103,103,TRUE,TRUE,"EXECUTED"
2,792,2,13,13,TRUE,TRUE,"EXECUTED"
4,28,2,53,53,TRUE,TRUE,"EXECUTED"
2,32,12,269,269,TRUE,TRUE,"EXECUTED"
3,10,7,479,479,TRUE,TRUE,"EXECUTED"
4,7,5,910,910,TRUE,TRUE,"EXECUTED"
3,6,10,1100,1100,TRUE,TRUE,"EXECUTED"
3,12,6,463,463,TRUE,TRUE,"EXECUTED"
2,435,3,27,27,TRUE,TRUE,"EXECUTED"
2,25,15,351,351,TRUE,TRUE,"EXECUTED"
2,80,8,120,120,TRUE,TRUE,"EXECUTED"
2,21,18,360,360,TRUE,TRUE,"EXECUTED"
4,30,2,56,56,TRUE,TRUE,"EXECUTED"
2,20,19,361,361,TRUE,TRUE,"EXECUTED"
2,32,13,301,301,TRUE,TRUE,"EXECUTED"
2,449,3,28,28,TRUE,TRUE,"EXECUTED"
2,81,8,126,126,TRUE,TRUE,"EXECUTED"
2,26,15,365,365,TRUE,TRUE,"EXECUTED"
2,33,13,309,309,TRUE,TRUE,"EXECUTED"
3,88,2,32,32,TRUE,TRUE,"EXECUTED"
2,25,16,376,376,TRUE,TRUE,"EXECUTED"
3,4,14,2744,2744,TRUE,TRUE,"EXECUTED"
3,10,8,512,512,TRUE,TRUE,"EXECUTED"
4,32,2,58,58,TRUE,TRUE,"EXECUTED"
2,33,14,342,342,TRUE,TRUE,"EXECUTED"
2,27,16,406,406,TRUE,TRUE,"EXECUTED"
2,34,14,351,351,TRUE,TRUE,"EXECUTED"
4,33,2,61,61,TRUE,TRUE,"EXECUTED"
2,28,16,421,421,TRUE,TRUE,"EXECUTED"
6,15,2,128,128,TRUE,TRUE,"EXECUTED"
2,35,14,360,360,TRUE,TRUE,"EXECUTED"
2,29,16,436,436,TRUE,TRUE,"EXECUTED"
2,49,12,276,276,TRUE,TRUE,"EXECUTED"
4,34,2,63,63,TRUE,TRUE,"EXECUTED"
2,610,3,29,29,TRUE,TRUE,"EXECUTED"
5,20,2,99,99,TRUE,TRUE,"EXECUTED"
4,35,2,64,64,TRUE,TRUE,"EXECUTED"
5,6,5,3125,3125,TRUE,TRUE,"EXECUTED"
3,6,12,1728,1728,TRUE,TRUE,"EXECUTED"
2,99,9,153,153,TRUE,TRUE,"EXECUTED"
3,24,5,245,245,TRUE,TRUE,"EXECUTED"
3,10,9,729,729,TRUE,TRUE,"EXECUTED"
2,100,9,160,160,TRUE,TRUE,"EXECUTED"
2,31,17,497,497,TRUE,TRUE,"EXECUTED"
4,37,2,65,65,TRUE,TRUE,"EXECUTED"
5,21,2,109,109,TRUE,TRUE,"EXECUTED"
2,39,15,439,439,TRUE,TRUE,"EXECUTED"
2,32,17,513,513,TRUE,TRUE,"EXECUTED"
3,121,2,33,33,TRUE,TRUE,"EXECUTED"
2,25,22,528,528,TRUE,TRUE,"EXECUTED"
2,24,23,529,529,TRUE,TRUE,"EXECUTED"
4,38,2,66,66,TRUE,TRUE,"EXECUTED"
2,40,15,449,449,TRUE,TRUE,"EXECUTED"
3,38,4,152,152,TRUE,TRUE,"EXECUTED"
2,1716,2,14,14,TRUE,TRUE,"EXECUTED"
4,7,6,1844,1844,TRUE,TRUE,"EXECUTED"
3,123,2,35,35,TRUE,TRUE,"EXECUTED"
2,32,18,545,545,TRUE,TRUE,"EXECUTED"
2,39,16,478,478,TRUE,TRUE,"EXECUTED"
6,16,2,179,179,TRUE,TRUE,"EXECUTED"
5,22,2,111,111,TRUE,TRUE,"EXECUTED"
3,127,2,36,36,TRUE,TRUE,"EXECUTED"
2,878,3,30,30,TRUE,TRUE,"EXECUTED"
2,34,18,579,579,TRUE,TRUE,"EXECUTED"
2,39,17,517,517,TRUE,TRUE,"EXECUTED"
2,26,24,622,622,TRUE,TRUE,"EXECUTED"
6,7,4,4096,4096,TRUE,TRUE,"EXECUTED"
2,40,17,529,529,TRUE,TRUE,"EXECUTED"
3,16,7,637,637,TRUE,TRUE,"EXECUTED"
5,23,2,114,114,TRUE,TRUE,"EXECUTED"
2,27,24,624,624,TRUE,TRUE,"EXECUTED"
2,26,25,625,625,TRUE,TRUE,"EXECUTED"
2,41,17,541,541,TRUE,TRUE,"EXECUTED"
2,964,3,31,31,TRUE,TRUE,"EXECUTED"
3,140,2,37,37,TRUE,TRUE,"EXECUTED"
3,4,18,5832,5832,TRUE,TRUE,"EXECUTED"
3,11,9,1175,1175,TRUE,TRUE,"EXECUTED"
3,142,2,39,39,TRUE,TRUE,"EXECUTED"
3,10,10,1215,1215,TRUE,TRUE,"EXECUTED"
5,24,2,117,117,TRUE,TRUE,"EXECUTED"
3,146,2,40,40,TRUE,TRUE,"EXECUTED"
4,8,6,1975,1975,TRUE,TRUE,"EXECUTED"
6,17,2,235,235,TRUE,TRUE,"EXECUTED"
3,12,9,1195,1195,TRUE,TRUE,"EXECUTED"
5,25,2,118,118,TRUE,TRUE,"EXECUTED"
3,11,10,1292,1292,TRUE,TRUE,"EXECUTED"
3,6,15,3375,3375,TRUE,TRUE,"EXECUTED"
3,163,2,41,41,TRUE,TRUE,"EXECUTED"
2,1308,3,32,32,TRUE,TRUE,"EXECUTED"
2,3003,2,15,15,TRUE,TRUE,"EXECUTED"
5,26,2,130,130,TRUE,TRUE,"EXECUTED"
2,143,11,231,231,TRUE,TRUE,"EXECUTED"
3,12,10,1299,1299,TRUE,TRUE,"EXECUTED"
2,144,11,240,240,TRUE,TRUE,"EXECUTED"
6,18,2,260,260,TRUE,TRUE,"EXECUTED"
3,180,2,42,42,TRUE,TRUE,"EXECUTED"
3,54,4,212,212,TRUE,TRUE,"EXECUTED"
5,6,6,7776,7776,TRUE,TRUE,"EXECUTED"
3,12,11,1331,1331,TRUE,TRUE,"EXECUTED"
3,18,8,960,960,TRUE,TRUE,"EXECUTED"
4,8,7,2401,2401,TRUE,TRUE,"EXECUTED"
2,44,22,925,925,TRUE,TRUE,"EXECUTED"
4,9,6,2768,2768,TRUE,TRUE,"EXECUTED"
3,4,22,10648,10648,TRUE,TRUE,"EXECUTED"
2,54,20,793,793,TRUE,TRUE,"EXECUTED"
2,55,20,806,806,TRUE,TRUE,"EXECUTED"
6,19,2,285,285,TRUE,TRUE,"EXECUTED"
4,5,10,10000,10000,TRUE,TRUE,"EXECUTED"
3,13,10,1858,1858,TRUE,TRUE,"EXECUTED"
2,54,21,847,847,TRUE,TRUE,"EXECUTED"
2,55,21,861,861,TRUE,TRUE,"EXECUTED"
2,1964,3,33,33,TRUE,TRUE,"EXECUTED"
3,11,12,2046,2046,TRUE,TRUE,"EXECUTED"
2,56,21,875,875,TRUE,TRUE,"EXECUTED"
2,57,21,889,889,TRUE,TRUE,"EXECUTED"
2,2116,3,34,34,TRUE,TRUE,"EXECUTED"
3,14,10,1885,1885,TRUE,TRUE,"EXECUTED"
2,57,22,946,946,TRUE,TRUE,"EXECUTED"
6,20,2,300,300,TRUE,TRUE,"EXECUTED"
2,58,22,961,961,TRUE,TRUE,"EXECUTED"
3,242,2,43,43,TRUE,TRUE,"EXECUTED"
2,497,7,133,133,TRUE,TRUE,"EXECUTED"
4,67,2,67,67,TRUE,TRUE,"EXECUTED"
3,243,2,44,44,TRUE,TRUE,"EXECUTED"
4,10,6,3208,3208,TRUE,TRUE,"EXECUTED"
3,246,2,45,45,TRUE,TRUE,"EXECUTED"
2,58,23,1019,1019,TRUE,TRUE,"EXECUTED"
3,256,2,46,46,TRUE,TRUE,"EXECUTED"
2,195,13,325,325,TRUE,TRUE,"EXECUTED"
4,9,7,3569,3569,TRUE,TRUE,"EXECUTED"
2,196,13,336,336,TRUE,TRUE,"EXECUTED"
4,71,2,71,71,TRUE,TRUE,"EXECUTED"
6,21,2,318,318,TRUE,TRUE,"EXECUTED"
3,262,2,47,47,TRUE,TRUE,"EXECUTED"
3,20,9,1377,1377,TRUE,TRUE,"EXECUTED"
2,2700,3,35,35,TRUE,TRUE,"EXECUTED"
3,6,20,8000,8000,TRUE,TRUE,"EXECUTED"
4,72,2,78,78,TRUE,TRUE,"EXECUTED"
2,6435,2,16,16,TRUE,TRUE,"EXECUTED"
3,280,2,48,48,TRUE,TRUE,"EXECUTED"
5,35,2,134,134,TRUE,TRUE,"EXECUTED"
3,11,14,3185,3185,TRUE,TRUE,"EXECUTED"
4,11,6,3671,3671,TRUE,TRUE,"EXECUTED"
6,22,2,330,330,TRUE,TRUE,"EXECUTED"
6,7,5,15625,15625,TRUE,TRUE,"EXECUTED"
3,6,21,9261,9261,TRUE,TRUE,"EXECUTED"
3,14,13,2197,2197,TRUE,TRUE,"EXECUTED"
4,79,2,79,79,TRUE,TRUE,"EXECUTED"
4,9,8,4096,4096,TRUE,TRUE,"EXECUTED"
4,5,12,20736,20736,TRUE,TRUE,"EXECUTED"
6,23,2,350,350,TRUE,TRUE,"EXECUTED"
4,83,2,83,83,TRUE,TRUE,"EXECUTED"
2,3918,3,36,36,TRUE,TRUE,"EXECUTED"
4,12,6,3944,3944,TRUE,TRUE,"EXECUTED"
3,352,2,49,49,TRUE,TRUE,"EXECUTED"
2,712,8,176,176,TRUE,TRUE,"EXECUTED"
6,24,2,357,357,TRUE,TRUE,"EXECUTED"
2,4457,3,37,37,TRUE,TRUE,"EXECUTED"
4,89,2,87,87,TRUE,TRUE,"EXECUTED"
3,14,14,3549,3549,TRUE,TRUE,"EXECUTED"
2,323,13,421,421,TRUE,TRUE,"EXECUTED"
4,13,6,4027,4027,TRUE,TRUE,"EXECUTED"
4,90,2,92,92,TRUE,TRUE,"EXECUTED"
2,341,13,433,433,TRUE,TRUE,"EXECUTED"
6,25,2,375,375,TRUE,TRUE,"EXECUTED"
2,11440,2,17,17,TRUE,TRUE,"EXECUTED"
4,97,2,94,94,TRUE,TRUE,"EXECUTED"
2,288,16,496,496,TRUE,TRUE,"EXECUTED"
4,10,8,6125,6125,TRUE,TRUE,"EXECUTED"
4,14,6,4080,4080,TRUE,TRUE,"EXECUTED"
2,289,16,510,510,TRUE,TRUE,"EXECUTED"
6,26,2,383,383,TRUE,TRUE,"EXECUTED"
2,5763,3,38,38,TRUE,TRUE,"EXECUTED"
3,25,10,2557,2557,TRUE,TRUE,"EXECUTED"
3,11,18,6579,6579,TRUE,TRUE,"EXECUTED"
4,101,2,98,98,TRUE,TRUE,"EXECUTED"
3,26,10,2558,2558,TRUE,TRUE,"EXECUTED"
3,24,11,2541,2541,TRUE,TRUE,"EXECUTED"
4,15,6,4132,4132,TRUE,TRUE,"EXECUTED"
4,5,14,38416,38416,TRUE,TRUE,"EXECUTED"
3,27,10,2564,2564,TRUE,TRUE,"EXECUTED"
3,484,2,50,50,TRUE,TRUE,"EXECUTED"
6,27,2,404,404,TRUE,TRUE,"EXECUTED"
4,107,2,102,102,TRUE,TRUE,"EXECUTED"
2,323,17,561,561,TRUE,TRUE,"EXECUTED"
3,28,10,2579,2579,TRUE,TRUE,"EXECUTED"
2,324,17,576,576,TRUE,TRUE,"EXECUTED"
2,981,9,225,225,TRUE,TRUE,"EXECUTED"
4,10,9,6561,6561,TRUE,TRUE,"EXECUTED"
4,109,2,105,105,TRUE,TRUE,"EXECUTED"
4,16,6,4203,4203,TRUE,TRUE,"EXECUTED"
6,28,2,415,415,TRUE,TRUE,"EXECUTED"
2,440,14,534,534,TRUE,TRUE,"EXECUTED"
4,111,2,106,106,TRUE,TRUE,"EXECUTED"
3,30,10,2584,2584,TRUE,TRUE,"EXECUTED"
4,113,2,107,107,TRUE,TRUE,"EXECUTED"
4,114,2,109,109,TRUE,TRUE,"EXECUTED"
3,11,20,8930,8930,TRUE,TRUE,"EXECUTED"
2,8329,3,39,39,TRUE,TRUE,"EXECUTED"
4,5,15,50625,50625,TRUE,TRUE,"EXECUTED"
3,32,10,2589,2589,TRUE,TRUE,"EXECUTED"
4,17,6,4259,4259,TRUE,TRUE,"EXECUTED"
3,18,16,4096,4096,TRUE,TRUE,"EXECUTED"
2,20000,2,18,18,TRUE,TRUE,"EXECUTED"
4,120,2,110,110,TRUE,TRUE,"EXECUTED"
6,7,6,46656,46656,TRUE,TRUE,"EXECUTED"
2,9207,3,40,40,TRUE,TRUE,"EXECUTED"
3,605,2,52,52,TRUE,TRUE,"EXECUTED"
5,8,7,16807,16807,TRUE,TRUE,"EXECUTED"
6,30,2,440,440,TRUE,TRUE,"EXECUTED"
3,35,10,2599,2599,TRUE,TRUE,"EXECUTED"
4,18,6,4315,4315,TRUE,TRUE,"EXECUTED"
3,18,17,4913,4913,TRUE,TRUE,"EXECUTED"
2,399,19,703,703,TRUE,TRUE,"EXECUTED"
3,37,10,2607,2607,TRUE,TRUE,"EXECUTED"
2,400,19,720,720,TRUE,TRUE,"EXECUTED"
6,31,2,452,452,TRUE,TRUE,"EXECUTED"
3,104,6,624,624,TRUE,TRUE,"EXECUTED"
3,704,2,53,53,TRUE,TRUE,"EXECUTED"
2,11898,3,41,41,TRUE,TRUE,"EXECUTED"
6,32,2,461,461,TRUE,TRUE,"EXECUTED"
4,19,6,5422,5422,TRUE,TRUE,"EXECUTED"
3,14,20,9690,9690,TRUE,TRUE,"EXECUTED"
3,28,13,4225,4225,TRUE,TRUE,"EXECUTED"
4,144,2,112,112,TRUE,TRUE,"EXECUTED"
6,33,2,470,470,TRUE,TRUE,"EXECUTED"
4,145,2,119,119,TRUE,TRUE,"EXECUTED"
3,11,24,15180,15180,TRUE,TRUE,"EXECUTED"
4,20,6,5584,5584,TRUE,TRUE,"EXECUTED"
4,18,7,4795,4795,TRUE,TRUE,"EXECUTED"
4,146,2,122,122,TRUE,TRUE,"EXECUTED"
4,149,2,125,125,TRUE,TRUE,"EXECUTED"
6,34,2,479,479,TRUE,TRUE,"EXECUTED"
4,151,2,126,126,TRUE,TRUE,"EXECUTED"
3,47,10,2621,2621,TRUE,TRUE,"EXECUTED"
3,16,20,9880,9880,TRUE,TRUE,"EXECUTED"
4,21,6,5743,5743,TRUE,TRUE,"EXECUTED"
5,68,2,136,136,TRUE,TRUE,"EXECUTED"
3,122,6,726,726,TRUE,TRUE,"EXECUTED"
4,155,2,127,127,TRUE,TRUE,"EXECUTED"
4,157,2,128,128,TRUE,TRUE,"EXECUTED"
6,35,2,487,487,TRUE,TRUE,"EXECUTED"
3,50,10,2628,2628,TRUE,TRUE,"EXECUTED"
6,18,3,3839,3839,TRUE,TRUE,"EXECUTED"
3,20,19,6859,6859,TRUE,TRUE,"EXECUTED"
4,160,2,129,129,TRUE,TRUE,"EXECUTED"
4,5,18,104976,104976,TRUE,TRUE,"EXECUTED"
4,22,6,5895,5895,TRUE,TRUE,"EXECUTED"
3,128,6,762,762,FALSE,TRUE,"GAPS_FOUND"
2,1705,11,341,341,TRUE,TRUE,"EXECUTED"
5,6,10,1e+05,100000,TRUE,TRUE,"EXECUTED"
2,17895,3,42,42,TRUE,TRUE,"EXECUTED"
6,36,2,495,495,TRUE,TRUE,"EXECUTED"
4,165,2,130,130,TRUE,TRUE,"EXECUTED"
5,72,2,144,144,TRUE,TRUE,"EXECUTED"
2,1728,11,359,358,TRUE,TRUE,"EXECUTED"
3,968,2,54,54,TRUE,TRUE,"EXECUTED"
2,3927,7,175,175,TRUE,TRUE,"EXECUTED"
4,169,2,131,131,TRUE,TRUE,"EXECUTED"
4,23,6,6062,6062,TRUE,TRUE,"EXECUTED"
6,37,2,506,506,TRUE,TRUE,"EXECUTED"
4,172,2,134,134,TRUE,TRUE,"EXECUTED"
4,24,6,6176,6176,TRUE,TRUE,"EXECUTED"
5,21,4,4093,4093,TRUE,TRUE,"EXECUTED"
2,575,23,1035,1035,TRUE,TRUE,"EXECUTED"
6,38,2,512,512,TRUE,TRUE,"EXECUTED"
3,20,20,10070,10070,TRUE,TRUE,"EXECUTED"
2,576,23,1056,1056,TRUE,TRUE,"EXECUTED"
4,25,6,6325,6325,TRUE,TRUE,"EXECUTED"
4,12,11,14641,14641,TRUE,TRUE,"EXECUTED"
6,39,2,518,518,TRUE,TRUE,"EXECUTED"
3,152,6,906,906,TRUE,TRUE,"EXECUTED"
5,80,2,159,159,TRUE,TRUE,"EXECUTED"
4,26,6,6456,6456,TRUE,TRUE,"EXECUTED"
4,5,20,160000,160000,TRUE,TRUE,"EXECUTED"
6,40,2,527,527,TRUE,TRUE,"EXECUTED"
5,9,8,32768,32768,TRUE,TRUE,"EXECUTED"
4,27,6,6606,6606,TRUE,TRUE,"EXECUTED"
3,164,6,978,978,TRUE,TRUE,"EXECUTED"
6,41,2,534,534,TRUE,TRUE,"EXECUTED"
4,20,8,8184,8184,TRUE,TRUE,"EXECUTED"
5,84,2,168,168,TRUE,TRUE,"EXECUTED"
3,1331,2,55,55,TRUE,TRUE,"EXECUTED"
2,675,25,1225,1225,TRUE,TRUE,"EXECUTED"
3,170,6,1020,1020,TRUE,TRUE,"EXECUTED"
2,676,25,1248,1248,TRUE,TRUE,"EXECUTED"
4,28,6,6714,6714,TRUE,TRUE,"EXECUTED"
6,42,2,541,541,TRUE,TRUE,"EXECUTED"
3,1332,2,59,59,TRUE,TRUE,"EXECUTED"
4,5,21,194481,194481,TRUE,TRUE,"EXECUTED"
3,34,16,7936,7936,TRUE,TRUE,"EXECUTED"
4,100,3,645,645,TRUE,TRUE,"EXECUTED"
6,43,2,553,553,TRUE,TRUE,"EXECUTED"
3,1452,2,61,61,TRUE,TRUE,"EXECUTED"
5,90,2,178,178,TRUE,TRUE,"EXECUTED"
6,44,2,561,561,TRUE,TRUE,"EXECUTED"
4,105,3,657,657,TRUE,TRUE,"EXECUTED"
3,24,22,12165,12165,TRUE,TRUE,"EXECUTED"
4,5,22,234256,234256,TRUE,TRUE,"EXECUTED"
6,45,2,566,566,TRUE,TRUE,"EXECUTED"
2,6344,8,232,232,TRUE,TRUE,"EXECUTED"
3,24,23,12167,12167,TRUE,TRUE,"EXECUTED"
2,2717,13,481,481,TRUE,TRUE,"EXECUTED"
3,170,7,1183,1183,TRUE,TRUE,"EXECUTED"
3,36,17,9537,9537,TRUE,TRUE,"EXECUTED"
3,1584,2,64,64,FALSE,TRUE,"GAPS_FOUND"
6,46,2,573,573,TRUE,TRUE,"EXECUTED"
5,6,12,248832,248832,TRUE,TRUE,"EXECUTED"
6,8,7,117649,117649,TRUE,TRUE,"EXECUTED"
6,47,2,581,581,TRUE,TRUE,"EXECUTED"
5,98,2,194,194,TRUE,TRUE,"EXECUTED"
3,1712,2,66,66,TRUE,TRUE,"EXECUTED"
4,256,2,160,160,TRUE,TRUE,"EXECUTED"
6,48,2,586,586,TRUE,TRUE,"EXECUTED"
4,76,4,1531,1531,TRUE,TRUE,"EXECUTED"
6,49,2,592,592,TRUE,TRUE,"EXECUTED"
5,102,2,202,202,TRUE,TRUE,"EXECUTED"
4,268,2,161,161,TRUE,TRUE,"EXECUTED"
4,5,24,331776,331776,TRUE,TRUE,"EXECUTED"
3,26,24,15623,15623,TRUE,TRUE,"EXECUTED"
5,103,2,206,206,TRUE,TRUE,"EXECUTED"
4,272,2,162,162,TRUE,TRUE,"EXECUTED"
6,50,2,599,599,TRUE,TRUE,"EXECUTED"
5,104,2,208,208,TRUE,TRUE,"EXECUTED"
3,26,25,15625,15625,TRUE,TRUE,"EXECUTED"
3,1936,2,67,67,TRUE,TRUE,"EXECUTED"
6,51,2,605,605,TRUE,TRUE,"EXECUTED"
4,289,2,165,165,TRUE,TRUE,"EXECUTED"
5,108,2,214,214,TRUE,TRUE,"EXECUTED"
6,52,2,612,612,TRUE,TRUE,"EXECUTED"
4,14,13,28561,28561,TRUE,TRUE,"EXECUTED"
4,296,2,167,167,TRUE,TRUE,"EXECUTED"
5,110,2,218,218,TRUE,TRUE,"EXECUTED"
5,10,9,59049,59049,TRUE,TRUE,"EXECUTED"
6,53,2,615,615,TRUE,TRUE,"EXECUTED"
3,40,19,13357,13357,TRUE,TRUE,"EXECUTED"
3,194,8,1552,1552,TRUE,TRUE,"EXECUTED"
3,28,25,19679,19679,TRUE,TRUE,"EXECUTED"
6,54,2,623,623,TRUE,TRUE,"EXECUTED"
5,114,2,225,225,TRUE,TRUE,"EXECUTED"
2,9729,9,297,297,TRUE,TRUE,"EXECUTED"
6,55,2,628,628,TRUE,TRUE,"EXECUTED"
4,324,2,168,168,TRUE,TRUE,"EXECUTED"
6,56,2,634,634,TRUE,TRUE,"EXECUTED"
6,57,2,640,640,TRUE,TRUE,"EXECUTED"
5,122,2,241,241,TRUE,TRUE,"EXECUTED"
6,58,2,644,644,TRUE,TRUE,"EXECUTED"
3,2662,2,68,68,TRUE,TRUE,"EXECUTED"
5,6,14,537824,537824,TRUE,TRUE,"EXECUTED"
6,59,2,651,651,TRUE,TRUE,"EXECUTED"
3,2816,2,70,70,TRUE,TRUE,"EXECUTED"
6,60,2,660,660,TRUE,TRUE,"EXECUTED"
2,4880,16,736,736,TRUE,TRUE,"EXECUTED"
3,242,8,1936,1936,TRUE,TRUE,"EXECUTED"
6,61,2,666,666,TRUE,TRUE,"EXECUTED"
4,108,4,1786,1786,TRUE,TRUE,"EXECUTED"
6,62,2,672,672,TRUE,TRUE,"EXECUTED"
6,63,2,677,677,TRUE,TRUE,"EXECUTED"
5,38,4,6139,6139,TRUE,TRUE,"EXECUTED"
6,64,2,680,680,TRUE,TRUE,"EXECUTED"
5,138,2,271,271,TRUE,TRUE,"EXECUTED"
5,6,15,759375,759375,TRUE,TRUE,"EXECUTED"
6,65,2,685,685,TRUE,TRUE,"EXECUTED"
5,140,2,273,273,TRUE,TRUE,"EXECUTED"
6,66,2,688,688,TRUE,TRUE,"EXECUTED"
2,5797,17,833,833,TRUE,TRUE,"EXECUTED"
5,143,2,288,288,TRUE,TRUE,"EXECUTED"
6,67,2,695,695,TRUE,TRUE,"EXECUTED"
6,21,4,20476,20476,TRUE,TRUE,"EXECUTED"
6,68,2,699,699,TRUE,TRUE,"EXECUTED"
3,48,23,23805,23805,TRUE,TRUE,"EXECUTED"
6,69,2,705,705,TRUE,TRUE,"EXECUTED"
5,150,2,289,289,TRUE,TRUE,"EXECUTED"
3,3872,2,71,71,TRUE,TRUE,"EXECUTED"
4,224,3,669,669,TRUE,TRUE,"EXECUTED"
6,9,8,262144,262144,TRUE,TRUE,"EXECUTED"
5,152,2,292,292,TRUE,TRUE,"EXECUTED"
6,70,2,709,709,TRUE,TRUE,"EXECUTED"
4,230,3,687,687,TRUE,TRUE,"EXECUTED"
6,71,2,714,714,TRUE,TRUE,"EXECUTED"
5,155,2,303,303,TRUE,TRUE,"EXECUTED"
6,7,10,1e+06,1000000,TRUE,TRUE,"EXECUTED"
5,158,2,304,304,TRUE,TRUE,"EXECUTED"
4,17,15,65534,65534,TRUE,TRUE,"EXECUTED"
3,52,24,29929,29929,TRUE,TRUE,"EXECUTED"
5,164,2,310,310,TRUE,TRUE,"EXECUTED"
4,17,16,65536,65536,TRUE,TRUE,"EXECUTED"
3,52,25,30625,30625,TRUE,TRUE,"EXECUTED"
5,168,2,318,318,TRUE,TRUE,"EXECUTED"
2,20000,11,451,451,TRUE,TRUE,"EXECUTED"
5,170,2,322,322,TRUE,TRUE,"EXECUTED"
2,7961,19,1045,1045,TRUE,TRUE,"EXECUTED"
2,8000,19,1079,1078,TRUE,TRUE,"EXECUTED"
5,174,2,327,327,TRUE,TRUE,"EXECUTED"
3,5324,2,72,72,TRUE,TRUE,"EXECUTED"
4,64,7,9601,9601,TRUE,TRUE,"EXECUTED"
4,272,3,813,813,TRUE,TRUE,"EXECUTED"
5,50,4,7162,7162,TRUE,TRUE,"EXECUTED"
5,180,2,332,332,TRUE,TRUE,"EXECUTED"
4,278,3,831,831,TRUE,TRUE,"EXECUTED"
4,18,16,83519,83519,TRUE,TRUE,"EXECUTED"
5,12,11,161051,161051,TRUE,TRUE,"EXECUTED"
4,18,17,83521,83521,TRUE,TRUE,"EXECUTED"
5,22,7,50419,50419,TRUE,TRUE,"EXECUTED"
5,192,2,346,346,TRUE,TRUE,"EXECUTED"
6,26,4,24571,24571,TRUE,TRUE,"EXECUTED"
5,194,2,357,357,TRUE,TRUE,"EXECUTED"
3,362,10,3610,3610,TRUE,TRUE,"EXECUTED"
3,6655,2,74,74,TRUE,TRUE,"EXECUTED"
3,7744,2,75,75,TRUE,TRUE,"EXECUTED"
4,20,17,130317,130317,TRUE,TRUE,"EXECUTED"
6,10,9,531441,531441,TRUE,TRUE,"EXECUTED"
3,398,11,4378,4378,TRUE,TRUE,"EXECUTED"
4,20,18,130319,130319,TRUE,TRUE,"EXECUTED"
4,74,8,16381,16381,TRUE,TRUE,"EXECUTED"
4,20,19,130321,130321,TRUE,TRUE,"EXECUTED"
3,10000,2,76,76,TRUE,TRUE,"EXECUTED"
3,522,10,5210,5210,TRUE,TRUE,"EXECUTED"
4,184,5,4369,4369,TRUE,TRUE,"EXECUTED"
3,841,8,2556,2556,TRUE,TRUE,"EXECUTED"
6,33,4,28666,28666,TRUE,TRUE,"EXECUTED"
5,24,8,98302,98302,TRUE,TRUE,"EXECUTED"
4,51,11,43921,43921,TRUE,TRUE,"EXECUTED"
3,572,10,5710,5710,TRUE,TRUE,"EXECUTED"
2,17576,25,1871,1870,TRUE,TRUE,"EXECUTED"
4,117,7,12001,12001,TRUE,TRUE,"EXECUTED"
5,14,13,371293,371293,TRUE,TRUE,"EXECUTED"
5,34,7,67225,67225,TRUE,TRUE,"EXECUTED"
4,87,9,26241,26241,TRUE,TRUE,"EXECUTED"
3,2702,5,993,993,TRUE,TRUE,"EXECUTED"
6,14,8,524287,524287,TRUE,TRUE,"EXECUTED"
3,3969,4,631,631,TRUE,TRUE,"EXECUTED"
3,602,12,7224,7224,TRUE,TRUE,"EXECUTED"
3,614,12,7356,7356,TRUE,TRUE,"EXECUTED"
5,359,2,359,359,TRUE,TRUE,"EXECUTED"
2,20000,3,43,43,TRUE,TRUE,"EXECUTED"
2,20000,7,217,217,TRUE,TRUE,"EXECUTED"
4,24,21,279837,279837,TRUE,TRUE,"EXECUTED"
5,26,9,177145,177145,TRUE,TRUE,"EXECUTED"
4,24,22,279839,279839,TRUE,TRUE,"EXECUTED"
2,20000,13,637,637,TRUE,TRUE,"EXECUTED"
2,13777,23,1541,1541,TRUE,TRUE,"EXECUTED"
6,18,7,352945,352945,TRUE,TRUE,"EXECUTED"
4,24,23,279841,279841,TRUE,TRUE,"EXECUTED"
3,710,12,8520,8520,TRUE,TRUE,"EXECUTED"
5,6,18,1889568,1889568,TRUE,TRUE,"EXECUTED"
5,6,20,3200000,3200000,TRUE,TRUE,"EXECUTED"
6,7,12,2985984,2985984,TRUE,TRUE,"EXECUTED"
5,6,21,4084101,4084101,TRUE,TRUE,"EXECUTED"
5,6,22,5153632,5153632,TRUE,TRUE,"EXECUTED"
5,6,24,7962624,7962624,TRUE,TRUE,"EXECUTED"
6,7,14,7529536,7529536,TRUE,TRUE,"EXECUTED"
6,7,15,11390625,11390625,TRUE,TRUE,"EXECUTED"
6,12,10,1771559,1771559,TRUE,TRUE,"EXECUTED"
6,12,11,1771561,1771561,TRUE,TRUE,"EXECUTED"
5,17,14,1048572,1048572,TRUE,TRUE,"EXECUTED"
5,17,15,1048574,1048574,TRUE,TRUE,"EXECUTED"
5,18,14,1419851,1419851,TRUE,TRUE,"EXECUTED"
5,17,16,1048576,1048576,TRUE,TRUE,"EXECUTED"
6,7,18,34012224,34012224,TRUE,TRUE,"EXECUTED"
5,18,15,1419853,1419853,TRUE,TRUE,"EXECUTED"
5,18,16,1419855,1419855,TRUE,TRUE,"EXECUTED"
5,43,9,236193,236193,TRUE,TRUE,"EXECUTED"
5,18,17,1419857,1419857,TRUE,TRUE,"EXECUTED"
6,7,20,6.4e+07,64000000,TRUE,TRUE,"EXECUTED"
6,14,12,4826807,4826807,TRUE,TRUE,"EXECUTED"
6,7,21,85766121,85766121,TRUE,TRUE,"EXECUTED"
5,20,17,2476095,2476095,TRUE,TRUE,"EXECUTED"
6,14,13,4826809,4826809,TRUE,TRUE,"EXECUTED"
5,20,18,2476097,2476097,TRUE,TRUE,"EXECUTED"
5,20,19,2476099,2476099,TRUE,TRUE,"EXECUTED"
5,24,18,6436333,6436333,TRUE,TRUE,"EXECUTED"
5,24,19,6436335,6436335,TRUE,TRUE,"EXECUTED"
5,24,20,6436337,6436337,TRUE,TRUE,"EXECUTED"
5,24,21,6436339,6436339,TRUE,TRUE,"EXECUTED"
6,17,14,16777212,16777212,TRUE,TRUE,"EXECUTED"
6,17,15,16777214,16777214,TRUE,TRUE,"EXECUTED"
6,26,23,244140621,NA,NA,NA,"ERR: TOO_LARGE_FOR_THIS_MACHINE"
6,28,20,387420475,NA,NA,NA,"ERR: TOO_LARGE_FOR_THIS_MACHINE"
6,26,24,244140623,NA,NA,NA,"ERR: TOO_LARGE_FOR_THIS_MACHINE"
6,28,21,387420477,NA,NA,NA,"ERR: TOO_LARGE_FOR_THIS_MACHINE"
6,26,25,244140625,NA,NA,NA,"ERR: TOO_LARGE_FOR_THIS_MACHINE"
6,28,22,387420479,NA,NA,NA,"ERR: TOO_LARGE_FOR_THIS_MACHINE"
6,28,23,387420481,NA,NA,NA,"ERR: TOO_LARGE_FOR_THIS_MACHINE"
6,28,24,387420483,NA,NA,NA,"ERR: TOO_LARGE_FOR_THIS_MACHINE"
6,28,25,387420485,NA,NA,NA,"ERR: TOO_LARGE_FOR_THIS_MACHINE"
6,30,24,594823311,NA,NA,NA,"ERR: TOO_LARGE_FOR_THIS_MACHINE"
6,30,25,594823313,NA,NA,NA,"ERR: TOO_LARGE_FOR_THIS_MACHINE"
6,7,22,113379904,NA,NA,NA,"ERR: TOO_LARGE_FOR_THIS_MACHINE"
6,7,24,191102976,NA,NA,NA,"ERR: TOO_LARGE_FOR_THIS_MACHINE"
5,26,20,9765615,NA,NA,NA,"ERR: TOO_LARGE_FOR_THIS_MACHINE"
5,26,21,9765617,NA,NA,NA,"ERR: TOO_LARGE_FOR_THIS_MACHINE"
5,26,22,9765619,NA,NA,NA,"ERR: TOO_LARGE_FOR_THIS_MACHINE"
6,18,14,24137563,NA,NA,NA,"ERR: TOO_LARGE_FOR_THIS_MACHINE"
6,17,16,16777216,NA,NA,NA,"ERR: TOO_LARGE_FOR_THIS_MACHINE"
5,26,23,9765621,NA,NA,NA,"ERR: TOO_LARGE_FOR_THIS_MACHINE"
5,28,20,14348893,NA,NA,NA,"ERR: TOO_LARGE_FOR_THIS_MACHINE"
6,18,15,24137565,NA,NA,NA,"ERR: TOO_LARGE_FOR_THIS_MACHINE"
5,26,24,9765623,NA,NA,NA,"ERR: TOO_LARGE_FOR_THIS_MACHINE"
5,28,21,14348895,NA,NA,NA,"ERR: TOO_LARGE_FOR_THIS_MACHINE"
5,26,25,9765625,NA,NA,NA,"ERR: TOO_LARGE_FOR_THIS_MACHINE"
5,28,22,14348897,NA,NA,NA,"ERR: TOO_LARGE_FOR_THIS_MACHINE"
6,18,16,24137567,NA,NA,NA,"ERR: TOO_LARGE_FOR_THIS_MACHINE"
5,28,23,14348899,NA,NA,NA,"ERR: TOO_LARGE_FOR_THIS_MACHINE"
6,18,17,24137569,NA,NA,NA,"ERR: TOO_LARGE_FOR_THIS_MACHINE"
5,28,24,14348901,NA,NA,NA,"ERR: TOO_LARGE_FOR_THIS_MACHINE"
5,28,25,14348903,NA,NA,NA,"ERR: TOO_LARGE_FOR_THIS_MACHINE"
6,20,15,47045873,NA,NA,NA,"ERR: TOO_LARGE_FOR_THIS_MACHINE"
5,30,24,20511139,NA,NA,NA,"ERR: TOO_LARGE_FOR_THIS_MACHINE"
5,30,25,20511141,NA,NA,NA,"ERR: TOO_LARGE_FOR_THIS_MACHINE"
6,20,16,47045875,NA,NA,NA,"ERR: TOO_LARGE_FOR_THIS_MACHINE"
6,20,17,47045877,NA,NA,NA,"ERR: TOO_LARGE_FOR_THIS_MACHINE"
5,32,24,28629137,NA,NA,NA,"ERR: TOO_LARGE_FOR_THIS_MACHINE"
5,32,25,28629139,NA,NA,NA,"ERR: TOO_LARGE_FOR_THIS_MACHINE"
6,20,18,47045879,NA,NA,NA,"ERR: TOO_LARGE_FOR_THIS_MACHINE"
6,20,19,47045881,NA,NA,NA,"ERR: TOO_LARGE_FOR_THIS_MACHINE"
4,495,17,417601,NA,NA,NA,"ERR: TOO_LARGE_FOR_THIS_MACHINE"
4,587,19,651601,NA,NA,NA,"ERR: TOO_LARGE_FOR_THIS_MACHINE"
4,871,16,393211,NA,NA,NA,"ERR: TOO_LARGE_FOR_THIS_MACHINE"
6,24,20,148035883,NA,NA,NA,"ERR: TOO_LARGE_FOR_THIS_MACHINE"
6,24,21,148035885,NA,NA,NA,"ERR: TOO_LARGE_FOR_THIS_MACHINE"
6,24,22,148035887,NA,NA,NA,"ERR: TOO_LARGE_FOR_THIS_MACHINE"
6,24,23,148035889,NA,NA,NA,"ERR: TOO_LARGE_FOR_THIS_MACHINE"
6,26,20,244140615,NA,NA,NA,"ERR: TOO_LARGE_FOR_THIS_MACHINE"
6,26,21,244140617,NA,NA,NA,"ERR: TOO_LARGE_FOR_THIS_MACHINE"
6,26,22,244140619,NA,NA,NA,"ERR: TOO_LARGE_FOR_THIS_MACHINE"
2,20000,16,976,NA,NA,NA,"ERR: TIMEOUT_KILLED"
2,20000,17,1105,NA,NA,NA,"ERR: TIMEOUT_KILLED"
2,20000,19,1387,NA,NA,NA,"ERR: TIMEOUT_KILLED"
6,50,4,36856,NA,NA,NA,"ERR: TIMEOUT_KILLED"
5,52,7,84031,NA,NA,NA,"ERR: TIMEOUT_KILLED"
6,61,4,40951,NA,NA,NA,"ERR: TIMEOUT_KILLED"
5,60,8,163836,NA,NA,NA,"ERR: TIMEOUT_KILLED"
5,78,7,100837,NA,NA,NA,"ERR: TIMEOUT_KILLED"
6,77,4,45046,NA,NA,NA,"ERR: TIMEOUT_KILLED"
6,34,7,588241,NA,NA,NA,"ERR: TIMEOUT_KILLED"
5,70,9,295241,NA,NA,NA,"ERR: TIMEOUT_KILLED"
5,51,11,644201,NA,NA,NA,"ERR: TIMEOUT_KILLED"
5,118,7,117643,NA,NA,NA,"ERR: TIMEOUT_KILLED"
5,95,8,196603,NA,NA,NA,"ERR: TIMEOUT_KILLED"
6,107,4,53236,NA,NA,NA,"ERR: TIMEOUT_KILLED"
6,49,7,705889,NA,NA,NA,"ERR: TIMEOUT_KILLED"
4,107,23,839521,NA,NA,NA,"ERR: TIMEOUT_KILLED"
5,24,22,6436341,6436341,TRUE,TRUE,"EXECUTED"
5,24,23,6436343,6436343,TRUE,TRUE,"EXECUTED"
4,203,17,334081,NA,NA,NA,"ERR: TIMEOUT_KILLED"
5,115,9,354289,NA,NA,NA,"ERR: TIMEOUT_KILLED"
5,188,7,134449,NA,NA,NA,"ERR: TIMEOUT_KILLED"
5,89,11,805251,NA,NA,NA,"ERR: TIMEOUT_KILLED"
5,156,8,229370,NA,NA,NA,"ERR: TIMEOUT_KILLED"
4,233,19,521281,NA,NA,NA,"ERR: TIMEOUT_KILLED"
6,67,7,823537,NA,NA,NA,"ERR: TIMEOUT_KILLED"
5,277,7,151255,NA,NA,NA,"ERR: TIMEOUT_KILLED"
4,451,16,327676,NA,NA,NA,"ERR: TIMEOUT_KILLED"
5,187,9,413337,NA,NA,NA,"ERR: TIMEOUT_KILLED"
4,712,13,171361,NA,NA,NA,"ERR: TIMEOUT_KILLED"
5,246,8,262137,NA,NA,NA,"ERR: TIMEOUT_KILLED"
4,1017,11,102481,NA,NA,NA,"ERR: TIMEOUT_KILLED"
6,93,7,941185,NA,NA,NA,"ERR: TIMEOUT_KILLED"
5,159,11,966301,NA,NA,NA,"ERR: TIMEOUT_KILLED"
6,5832,2,5321,NA,NA,NA,"ERR: TIMEOUT_KILLED"
6,6156,2,5346,NA,NA,NA,"ERR: TIMEOUT_KILLED"
6,6498,2,5371,NA,NA,NA,"ERR: TIMEOUT_KILLED"
6,6859,2,5396,NA,NA,NA,"ERR: TIMEOUT_KILLED"
