"child","parent","parent_call"
"PCAcat 5","PCAcat 1","productPCA(SCA_LCDST(5, 3), SCA_LCDST(5, 3))"
"PCAcat 6","PCAcat 2","productPCA(SCA_LCDST(5, 3), miscCA(2, 9, 3))"
"PCAcat 7","PCAcat 3","productPCA(SCA_LCDST(5, 3), miscCA(2, 10, 3))"
"PCAcat 8","PCAcat 4","productPCA(miscCA(2, 9, 3), miscCA(2, 9, 3))"
"PCAcat 9","PCAcat 5","productPCA(SCA_Bose(3), productPCA(SCA_LCDST(5, 3), SCA_LCDST(5, 3)))"
"PCAcat 9","PCAcat 1","productPCA(SCA_LCDST(5, 3), SCA_LCDST(5, 3))"
"PCAcat 10","PCAcat 6","productPCA(SCA_Bose(3), productPCA(SCA_LCDST(5, 3), miscCA(2, 9, 3)))"
"PCAcat 10","PCAcat 2","productPCA(SCA_LCDST(5, 3), miscCA(2, 9, 3))"
"PCAcat 11","PCAcat 7","productPCA(SCA_Bose(3), productPCA(SCA_LCDST(5, 3), miscCA(2, 10, 3)))"
"PCAcat 11","PCAcat 3","productPCA(SCA_LCDST(5, 3), miscCA(2, 10, 3))"
"PCAcat 12","PCAcat 8","productPCA(SCA_Bose(3), productPCA(miscCA(2, 9, 3), miscCA(2, 9, 3)))"
"PCAcat 12","PCAcat 4","productPCA(miscCA(2, 9, 3), miscCA(2, 9, 3))"
"PCAcat 13","PCAcat 9","productPCA(SCA_Bose(3), productPCA(SCA_Bose(3), productPCA(SCA_LCDST(5, 3), SCA_LCDST(5,     3))))"
"PCAcat 13","PCAcat 5","productPCA(SCA_Bose(3), productPCA(SCA_LCDST(5, 3), SCA_LCDST(5, 3)))"
"PCAcat 13","PCAcat 1","productPCA(SCA_LCDST(5, 3), SCA_LCDST(5, 3))"
"PCAcat 14","PCAcat 10","productPCA(SCA_Bose(3), productPCA(SCA_Bose(3), productPCA(SCA_LCDST(5, 3), miscCA(2,     9, 3))))"
"PCAcat 14","PCAcat 6","productPCA(SCA_Bose(3), productPCA(SCA_LCDST(5, 3), miscCA(2, 9, 3)))"
"PCAcat 14","PCAcat 2","productPCA(SCA_LCDST(5, 3), miscCA(2, 9, 3))"
"PCAcat 15","PCAcat 10","productPCA(SCA_Bose(3), productPCA(SCA_Bose(3), productPCA(SCA_LCDST(5, 3), miscCA(2,     9, 3))))"
"PCAcat 15","PCAcat 6","productPCA(SCA_Bose(3), productPCA(SCA_LCDST(5, 3), miscCA(2, 9, 3)))"
"PCAcat 15","PCAcat 2","productPCA(SCA_LCDST(5, 3), miscCA(2, 9, 3))"
"PCAcat 16","PCAcat 13","productPCA(SCA_Bose(3), productPCA(SCA_Bose(3), productPCA(SCA_Bose(3), productPCA(SCA_LCDST(5,     3), SCA_LCDST(5, 3)))))"
"PCAcat 16","PCAcat 9","productPCA(SCA_Bose(3), productPCA(SCA_Bose(3), productPCA(SCA_LCDST(5, 3), SCA_LCDST(5,     3))))"
"PCAcat 16","PCAcat 5","productPCA(SCA_Bose(3), productPCA(SCA_LCDST(5, 3), SCA_LCDST(5, 3)))"
"PCAcat 16","PCAcat 1","productPCA(SCA_LCDST(5, 3), SCA_LCDST(5, 3))"
"PCAcat 17","PCAcat 14","productPCA(SCA_Bose(3), productPCA(SCA_Bose(3), productPCA(SCA_Bose(3), productPCA(SCA_LCDST(5,     3), miscCA(2, 9, 3)))))"
"PCAcat 17","PCAcat 10","productPCA(SCA_Bose(3), productPCA(SCA_Bose(3), productPCA(SCA_LCDST(5, 3), miscCA(2,     9, 3))))"
"PCAcat 17","PCAcat 6","productPCA(SCA_Bose(3), productPCA(SCA_LCDST(5, 3), miscCA(2, 9, 3)))"
"PCAcat 17","PCAcat 2","productPCA(SCA_LCDST(5, 3), miscCA(2, 9, 3))"
"PCAcat 18","PCAcat 14","productPCA(SCA_Bose(3), productPCA(SCA_Bose(3), productPCA(SCA_Bose(3), productPCA(SCA_LCDST(5,     3), miscCA(2, 9, 3)))))"
"PCAcat 18","PCAcat 10","productPCA(SCA_Bose(3), productPCA(SCA_Bose(3), productPCA(SCA_LCDST(5, 3), miscCA(2,     9, 3))))"
"PCAcat 18","PCAcat 6","productPCA(SCA_Bose(3), productPCA(SCA_LCDST(5, 3), miscCA(2, 9, 3)))"
"PCAcat 18","PCAcat 2","productPCA(SCA_LCDST(5, 3), miscCA(2, 9, 3))"
"PCAcat 19","PCAcat 15","productPCA(SCA_LCDST(5, 3), productPCA(SCA_Bose(3), productPCA(SCA_Bose(3), productPCA(SCA_LCDST(5,     3), miscCA(2, 9, 3)))))"
"PCAcat 19","PCAcat 10","productPCA(SCA_Bose(3), productPCA(SCA_Bose(3), productPCA(SCA_LCDST(5, 3), miscCA(2,     9, 3))))"
"PCAcat 19","PCAcat 6","productPCA(SCA_Bose(3), productPCA(SCA_LCDST(5, 3), miscCA(2, 9, 3)))"
"PCAcat 19","PCAcat 2","productPCA(SCA_LCDST(5, 3), miscCA(2, 9, 3))"
"PCAcat 20","PCAcat 5","productPCA(SCA_Bose(3), productPCA(SCA_LCDST(5, 3), SCA_LCDST(5, 3)))"
"PCAcat 20","PCAcat 1","productPCA(SCA_LCDST(5, 3), SCA_LCDST(5, 3))"
"PCAcat 21","PCAcat 1","productPCA(SCA_LCDST(5, 3), SCA_LCDST(5, 3))"
"PCAcat 22","PCAcat 4","productPCA(miscCA(2, 9, 3), miscCA(2, 9, 3))"
"PCAcat 23","PCAcat 4","productPCA(miscCA(2, 9, 3), miscCA(2, 9, 3))"
"PCAcat 31","PCAcat 24","productPCA(SCA_LCDST(6, 4), SCA_LCDST(6, 4))"
"PCAcat 33","PCAcat 26","productPCA(miscCA(2, 7, 4), miscCA(2, 7, 4))"
"PCAcat 34","PCAcat 25","productPCA(SCA_LCDST(6, 4), miscCA(2, 7, 4))"
"PCAcat 35","PCAcat 27","productPCA(miscCA(2, 7, 4), miscCA(2, 8, 4))"
"PCAcat 36","PCAcat 28","productPCA(SCA_LCDST(6, 4), miscCA(2, 15, 4))"
"PCAcat 37","PCAcat 29","productPCA(miscCA(2, 7, 4), miscCA(2, 15, 4))"
"PCAcat 38","PCAcat 28","productPCA(SCA_LCDST(6, 4), miscCA(2, 15, 4))"
"PCAcat 39","PCAcat 30","productPCA(miscCA(2, 8, 4), miscCA(2, 15, 4))"
"PCAcat 40","PCAcat 31","productPCA(SCA_Bose(4), productPCA(SCA_LCDST(6, 4), SCA_LCDST(6, 4)))"
"PCAcat 40","PCAcat 24","productPCA(SCA_LCDST(6, 4), SCA_LCDST(6, 4))"
"PCAcat 41","PCAcat 32","productPCA(miscCA(2, 15, 4), miscCA(2, 15, 4))"
"PCAcat 42","PCAcat 33","productPCA(SCA_Bose(4), productPCA(miscCA(2, 7, 4), miscCA(2, 7, 4)))"
"PCAcat 42","PCAcat 26","productPCA(miscCA(2, 7, 4), miscCA(2, 7, 4))"
"PCAcat 43","PCAcat 32","productPCA(miscCA(2, 15, 4), miscCA(2, 15, 4))"
"PCAcat 44","PCAcat 36","productPCA(SCA_Bose(4), productPCA(SCA_LCDST(6, 4), miscCA(2, 15, 4)))"
"PCAcat 44","PCAcat 28","productPCA(SCA_LCDST(6, 4), miscCA(2, 15, 4))"
"PCAcat 45","PCAcat 37","productPCA(SCA_Bose(4), productPCA(miscCA(2, 7, 4), miscCA(2, 15, 4)))"
"PCAcat 45","PCAcat 29","productPCA(miscCA(2, 7, 4), miscCA(2, 15, 4))"
"PCAcat 46","PCAcat 36","productPCA(SCA_Bose(4), productPCA(SCA_LCDST(6, 4), miscCA(2, 15, 4)))"
"PCAcat 46","PCAcat 28","productPCA(SCA_LCDST(6, 4), miscCA(2, 15, 4))"
"PCAcat 47","PCAcat 39","productPCA(SCA_Bose(4), productPCA(miscCA(2, 8, 4), miscCA(2, 15, 4)))"
"PCAcat 47","PCAcat 30","productPCA(miscCA(2, 8, 4), miscCA(2, 15, 4))"
"PCAcat 48","PCAcat 40","productPCA(SCA_Bose(4), productPCA(SCA_Bose(4), productPCA(SCA_LCDST(6, 4), SCA_LCDST(6,     4))))"
"PCAcat 48","PCAcat 31","productPCA(SCA_Bose(4), productPCA(SCA_LCDST(6, 4), SCA_LCDST(6, 4)))"
"PCAcat 48","PCAcat 24","productPCA(SCA_LCDST(6, 4), SCA_LCDST(6, 4))"
"PCAcat 49","PCAcat 41","productPCA(SCA_Bose(4), productPCA(miscCA(2, 15, 4), miscCA(2, 15, 4)))"
"PCAcat 49","PCAcat 32","productPCA(miscCA(2, 15, 4), miscCA(2, 15, 4))"
"PCAcat 50","PCAcat 42","productPCA(SCA_Bose(4), productPCA(SCA_Bose(4), productPCA(miscCA(2, 7, 4), miscCA(2,     7, 4))))"
"PCAcat 50","PCAcat 33","productPCA(SCA_Bose(4), productPCA(miscCA(2, 7, 4), miscCA(2, 7, 4)))"
"PCAcat 50","PCAcat 26","productPCA(miscCA(2, 7, 4), miscCA(2, 7, 4))"
"PCAcat 51","PCAcat 41","productPCA(SCA_Bose(4), productPCA(miscCA(2, 15, 4), miscCA(2, 15, 4)))"
"PCAcat 51","PCAcat 32","productPCA(miscCA(2, 15, 4), miscCA(2, 15, 4))"
"PCAcat 52","PCAcat 44","productPCA(SCA_Bose(4), productPCA(SCA_Bose(4), productPCA(SCA_LCDST(6, 4), miscCA(2,     15, 4))))"
"PCAcat 52","PCAcat 36","productPCA(SCA_Bose(4), productPCA(SCA_LCDST(6, 4), miscCA(2, 15, 4)))"
"PCAcat 52","PCAcat 28","productPCA(SCA_LCDST(6, 4), miscCA(2, 15, 4))"
"PCAcat 53","PCAcat 45","productPCA(SCA_Bose(4), productPCA(SCA_Bose(4), productPCA(miscCA(2, 7, 4), miscCA(2,     15, 4))))"
"PCAcat 53","PCAcat 37","productPCA(SCA_Bose(4), productPCA(miscCA(2, 7, 4), miscCA(2, 15, 4)))"
"PCAcat 53","PCAcat 29","productPCA(miscCA(2, 7, 4), miscCA(2, 15, 4))"
"PCAcat 54","PCAcat 44","productPCA(SCA_Bose(4), productPCA(SCA_Bose(4), productPCA(SCA_LCDST(6, 4), miscCA(2,     15, 4))))"
"PCAcat 54","PCAcat 36","productPCA(SCA_Bose(4), productPCA(SCA_LCDST(6, 4), miscCA(2, 15, 4)))"
"PCAcat 54","PCAcat 28","productPCA(SCA_LCDST(6, 4), miscCA(2, 15, 4))"
"PCAcat 55","PCAcat 47","productPCA(SCA_Bose(4), productPCA(SCA_Bose(4), productPCA(miscCA(2, 8, 4), miscCA(2,     15, 4))))"
"PCAcat 55","PCAcat 39","productPCA(SCA_Bose(4), productPCA(miscCA(2, 8, 4), miscCA(2, 15, 4)))"
"PCAcat 55","PCAcat 30","productPCA(miscCA(2, 8, 4), miscCA(2, 15, 4))"
"PCAcat 56","PCAcat 48","productPCA(SCA_Bose(4), productPCA(SCA_Bose(4), productPCA(SCA_Bose(4), productPCA(SCA_LCDST(6,     4), SCA_LCDST(6, 4)))))"
"PCAcat 56","PCAcat 40","productPCA(SCA_Bose(4), productPCA(SCA_Bose(4), productPCA(SCA_LCDST(6, 4), SCA_LCDST(6,     4))))"
"PCAcat 56","PCAcat 31","productPCA(SCA_Bose(4), productPCA(SCA_LCDST(6, 4), SCA_LCDST(6, 4)))"
"PCAcat 56","PCAcat 24","productPCA(SCA_LCDST(6, 4), SCA_LCDST(6, 4))"
"PCAcat 57","PCAcat 49","productPCA(SCA_Bose(4), productPCA(SCA_Bose(4), productPCA(miscCA(2, 15, 4), miscCA(2,     15, 4))))"
"PCAcat 57","PCAcat 41","productPCA(SCA_Bose(4), productPCA(miscCA(2, 15, 4), miscCA(2, 15, 4)))"
"PCAcat 57","PCAcat 32","productPCA(miscCA(2, 15, 4), miscCA(2, 15, 4))"
"PCAcat 58","PCAcat 50","productPCA(SCA_Bose(4), productPCA(SCA_Bose(4), productPCA(SCA_Bose(4), productPCA(miscCA(2,     7, 4), miscCA(2, 7, 4)))))"
"PCAcat 58","PCAcat 42","productPCA(SCA_Bose(4), productPCA(SCA_Bose(4), productPCA(miscCA(2, 7, 4), miscCA(2,     7, 4))))"
"PCAcat 58","PCAcat 33","productPCA(SCA_Bose(4), productPCA(miscCA(2, 7, 4), miscCA(2, 7, 4)))"
"PCAcat 58","PCAcat 26","productPCA(miscCA(2, 7, 4), miscCA(2, 7, 4))"
"PCAcat 67","PCAcat 59","productPCA(CS_CMMSSY(6, 5), CS_CMMSSY(6, 5))"
"PCAcat 68","PCAcat 60","productPCA(CS_CMMSSY(6, 5), CS_CMMSSY(7, 5))"
"PCAcat 69","PCAcat 61","productPCA(CS_CMMSSY(7, 5), CS_CMMSSY(7, 5))"
"PCAcat 70","PCAcat 62","productPCA(CS_CMMSSY(6, 5), miscCA(2, 9, 5))"
"PCAcat 71","PCAcat 61","productPCA(CS_CMMSSY(7, 5), CS_CMMSSY(7, 5))"
"PCAcat 72","PCAcat 64","productPCA(CS_CMMSSY(7, 5), miscCA(2, 9, 5))"
"PCAcat 73","PCAcat 63","productPCA(CS_CMMSSY(7, 5), CS_CMMSSY(8, 5))"
"PCAcat 74","PCAcat 64","productPCA(CS_CMMSSY(7, 5), miscCA(2, 9, 5))"
"PCAcat 75","PCAcat 67","productPCA(CS_CMMSSY(6, 5), productPCA(CS_CMMSSY(6, 5), CS_CMMSSY(6, 5)))"
"PCAcat 75","PCAcat 59","productPCA(CS_CMMSSY(6, 5), CS_CMMSSY(6, 5))"
"PCAcat 76","PCAcat 68","productPCA(CS_CMMSSY(6, 5), productPCA(CS_CMMSSY(6, 5), CS_CMMSSY(7, 5)))"
"PCAcat 76","PCAcat 60","productPCA(CS_CMMSSY(6, 5), CS_CMMSSY(7, 5))"
"PCAcat 77","PCAcat 69","productPCA(CS_CMMSSY(6, 5), productPCA(CS_CMMSSY(7, 5), CS_CMMSSY(7, 5)))"
"PCAcat 77","PCAcat 61","productPCA(CS_CMMSSY(7, 5), CS_CMMSSY(7, 5))"
"PCAcat 78","PCAcat 70","productPCA(CS_CMMSSY(6, 5), productPCA(CS_CMMSSY(6, 5), miscCA(2, 9, 5)))"
"PCAcat 78","PCAcat 62","productPCA(CS_CMMSSY(6, 5), miscCA(2, 9, 5))"
"PCAcat 79","PCAcat 71","productPCA(CS_CMMSSY(7, 5), productPCA(CS_CMMSSY(7, 5), CS_CMMSSY(7, 5)))"
"PCAcat 79","PCAcat 61","productPCA(CS_CMMSSY(7, 5), CS_CMMSSY(7, 5))"
"PCAcat 80","PCAcat 72","productPCA(CS_CMMSSY(6, 5), productPCA(CS_CMMSSY(7, 5), miscCA(2, 9, 5)))"
"PCAcat 80","PCAcat 64","productPCA(CS_CMMSSY(7, 5), miscCA(2, 9, 5))"
"PCAcat 81","PCAcat 71","productPCA(CS_CMMSSY(7, 5), productPCA(CS_CMMSSY(7, 5), CS_CMMSSY(7, 5)))"
"PCAcat 81","PCAcat 61","productPCA(CS_CMMSSY(7, 5), CS_CMMSSY(7, 5))"
"PCAcat 82","PCAcat 74","productPCA(CS_CMMSSY(7, 5), productPCA(CS_CMMSSY(7, 5), miscCA(2, 9, 5)))"
"PCAcat 82","PCAcat 64","productPCA(CS_CMMSSY(7, 5), miscCA(2, 9, 5))"
"PCAcat 83","PCAcat 75","productPCA(CS_CMMSSY(6, 5), productPCA(CS_CMMSSY(6, 5), productPCA(CS_CMMSSY(6, 5), CS_CMMSSY(6,     5))))"
"PCAcat 83","PCAcat 67","productPCA(CS_CMMSSY(6, 5), productPCA(CS_CMMSSY(6, 5), CS_CMMSSY(6, 5)))"
"PCAcat 83","PCAcat 59","productPCA(CS_CMMSSY(6, 5), CS_CMMSSY(6, 5))"
"PCAcat 84","PCAcat 76","productPCA(CS_CMMSSY(6, 5), productPCA(CS_CMMSSY(6, 5), productPCA(CS_CMMSSY(6, 5), CS_CMMSSY(7,     5))))"
"PCAcat 84","PCAcat 68","productPCA(CS_CMMSSY(6, 5), productPCA(CS_CMMSSY(6, 5), CS_CMMSSY(7, 5)))"
"PCAcat 84","PCAcat 60","productPCA(CS_CMMSSY(6, 5), CS_CMMSSY(7, 5))"
"PCAcat 85","PCAcat 77","productPCA(CS_CMMSSY(6, 5), productPCA(CS_CMMSSY(6, 5), productPCA(CS_CMMSSY(7, 5), CS_CMMSSY(7,     5))))"
"PCAcat 85","PCAcat 69","productPCA(CS_CMMSSY(6, 5), productPCA(CS_CMMSSY(7, 5), CS_CMMSSY(7, 5)))"
"PCAcat 85","PCAcat 61","productPCA(CS_CMMSSY(7, 5), CS_CMMSSY(7, 5))"
"PCAcat 86","PCAcat 78","productPCA(CS_CMMSSY(6, 5), productPCA(CS_CMMSSY(6, 5), productPCA(CS_CMMSSY(6, 5), miscCA(2,     9, 5))))"
"PCAcat 86","PCAcat 70","productPCA(CS_CMMSSY(6, 5), productPCA(CS_CMMSSY(6, 5), miscCA(2, 9, 5)))"
"PCAcat 86","PCAcat 62","productPCA(CS_CMMSSY(6, 5), miscCA(2, 9, 5))"
"PCAcat 87","PCAcat 79","productPCA(CS_CMMSSY(6, 5), productPCA(CS_CMMSSY(7, 5), productPCA(CS_CMMSSY(7, 5), CS_CMMSSY(7,     5))))"
"PCAcat 87","PCAcat 71","productPCA(CS_CMMSSY(7, 5), productPCA(CS_CMMSSY(7, 5), CS_CMMSSY(7, 5)))"
"PCAcat 87","PCAcat 61","productPCA(CS_CMMSSY(7, 5), CS_CMMSSY(7, 5))"
"PCAcat 88","PCAcat 80","productPCA(CS_CMMSSY(6, 5), productPCA(CS_CMMSSY(6, 5), productPCA(CS_CMMSSY(7, 5), miscCA(2,     9, 5))))"
"PCAcat 88","PCAcat 72","productPCA(CS_CMMSSY(6, 5), productPCA(CS_CMMSSY(7, 5), miscCA(2, 9, 5)))"
"PCAcat 88","PCAcat 64","productPCA(CS_CMMSSY(7, 5), miscCA(2, 9, 5))"
"PCAcat 89","PCAcat 81","productPCA(CS_CMMSSY(7, 5), productPCA(CS_CMMSSY(7, 5), productPCA(CS_CMMSSY(7, 5), CS_CMMSSY(7,     5))))"
"PCAcat 89","PCAcat 71","productPCA(CS_CMMSSY(7, 5), productPCA(CS_CMMSSY(7, 5), CS_CMMSSY(7, 5)))"
"PCAcat 89","PCAcat 61","productPCA(CS_CMMSSY(7, 5), CS_CMMSSY(7, 5))"
"PCAcat 90","PCAcat 82","productPCA(CS_CMMSSY(6, 5), productPCA(CS_CMMSSY(7, 5), productPCA(CS_CMMSSY(7, 5), miscCA(2,     9, 5))))"
"PCAcat 90","PCAcat 74","productPCA(CS_CMMSSY(7, 5), productPCA(CS_CMMSSY(7, 5), miscCA(2, 9, 5)))"
"PCAcat 90","PCAcat 64","productPCA(CS_CMMSSY(7, 5), miscCA(2, 9, 5))"
"PCAcat 91","PCAcat 83","productPCA(CS_CMMSSY(6, 5), productPCA(CS_CMMSSY(6, 5), productPCA(CS_CMMSSY(6, 5), productPCA(CS_CMMSSY(6,     5), CS_CMMSSY(6, 5)))))"
"PCAcat 91","PCAcat 75","productPCA(CS_CMMSSY(6, 5), productPCA(CS_CMMSSY(6, 5), productPCA(CS_CMMSSY(6, 5), CS_CMMSSY(6,     5))))"
"PCAcat 91","PCAcat 67","productPCA(CS_CMMSSY(6, 5), productPCA(CS_CMMSSY(6, 5), CS_CMMSSY(6, 5)))"
"PCAcat 91","PCAcat 59","productPCA(CS_CMMSSY(6, 5), CS_CMMSSY(6, 5))"
"PCAcat 105","PCAcat 97","productPCA(miscCA(2, 5, 6), miscCA(2, 6, 6))"
"PCAcat 107","PCAcat 98","productPCA(miscCA(2, 6, 6), miscCA(2, 6, 6))"
"PCAcat 108","PCAcat 98","productPCA(miscCA(2, 6, 6), miscCA(2, 6, 6))"
"PCAcat 109","PCAcat 98","productPCA(miscCA(2, 6, 6), miscCA(2, 6, 6))"
"PCAcat 110","PCAcat 100","productPCA(miscCA(2, 6, 6), CS_CMMSSY(9, 6))"
"PCAcat 111","PCAcat 100","productPCA(miscCA(2, 6, 6), CS_CMMSSY(9, 6))"
"PCAcat 112","PCAcat 101","productPCA(CS_CMMSSY(9, 6), CS_CMMSSY(9, 6))"
"PCAcat 113","PCAcat 101","productPCA(CS_CMMSSY(9, 6), CS_CMMSSY(9, 6))"
"PCAcat 114","PCAcat 101","productPCA(CS_CMMSSY(9, 6), CS_CMMSSY(9, 6))"
"PCAcat 115","PCAcat 102","productPCA(CS_CMMSSY(9, 6), CS_CMMSSY(10, 6))"
"PCAcat 116","PCAcat 103","productPCA(CS_CMMSSY(10, 6), CS_CMMSSY(10, 6))"
"PCAcat 117","PCAcat 103","productPCA(CS_CMMSSY(10, 6), CS_CMMSSY(10, 6))"
"PCAcat 118","PCAcat 109","productPCA(miscCA(2, 6, 6), productPCA(miscCA(2, 6, 6), miscCA(2, 6, 6)))"
"PCAcat 118","PCAcat 98","productPCA(miscCA(2, 6, 6), miscCA(2, 6, 6))"
"PCAcat 119","PCAcat 109","productPCA(miscCA(2, 6, 6), productPCA(miscCA(2, 6, 6), miscCA(2, 6, 6)))"
"PCAcat 119","PCAcat 98","productPCA(miscCA(2, 6, 6), miscCA(2, 6, 6))"
"PCAcat 120","PCAcat 111","productPCA(miscCA(2, 6, 6), productPCA(miscCA(2, 6, 6), CS_CMMSSY(9, 6)))"
"PCAcat 120","PCAcat 100","productPCA(miscCA(2, 6, 6), CS_CMMSSY(9, 6))"
"PCAcat 121","PCAcat 111","productPCA(miscCA(2, 6, 6), productPCA(miscCA(2, 6, 6), CS_CMMSSY(9, 6)))"
"PCAcat 121","PCAcat 100","productPCA(miscCA(2, 6, 6), CS_CMMSSY(9, 6))"
"PCAcat 122","PCAcat 113","productPCA(miscCA(2, 6, 6), productPCA(CS_CMMSSY(9, 6), CS_CMMSSY(9, 6)))"
"PCAcat 122","PCAcat 101","productPCA(CS_CMMSSY(9, 6), CS_CMMSSY(9, 6))"
"PCAcat 123","PCAcat 113","productPCA(miscCA(2, 6, 6), productPCA(CS_CMMSSY(9, 6), CS_CMMSSY(9, 6)))"
"PCAcat 123","PCAcat 101","productPCA(CS_CMMSSY(9, 6), CS_CMMSSY(9, 6))"
"PCAcat 124","PCAcat 114","productPCA(CS_CMMSSY(9, 6), productPCA(CS_CMMSSY(9, 6), CS_CMMSSY(9, 6)))"
"PCAcat 124","PCAcat 101","productPCA(CS_CMMSSY(9, 6), CS_CMMSSY(9, 6))"
"PCAcat 125","PCAcat 114","productPCA(CS_CMMSSY(9, 6), productPCA(CS_CMMSSY(9, 6), CS_CMMSSY(9, 6)))"
"PCAcat 125","PCAcat 101","productPCA(CS_CMMSSY(9, 6), CS_CMMSSY(9, 6))"
"PCAcat 126","PCAcat 114","productPCA(CS_CMMSSY(9, 6), productPCA(CS_CMMSSY(9, 6), CS_CMMSSY(9, 6)))"
"PCAcat 126","PCAcat 101","productPCA(CS_CMMSSY(9, 6), CS_CMMSSY(9, 6))"
"PCAcat 127","PCAcat 115","productPCA(CS_CMMSSY(9, 6), productPCA(CS_CMMSSY(9, 6), CS_CMMSSY(10, 6)))"
"PCAcat 127","PCAcat 102","productPCA(CS_CMMSSY(9, 6), CS_CMMSSY(10, 6))"
"PCAcat 128","PCAcat 116","productPCA(CS_CMMSSY(9, 6), productPCA(CS_CMMSSY(10, 6), CS_CMMSSY(10, 6)))"
"PCAcat 128","PCAcat 103","productPCA(CS_CMMSSY(10, 6), CS_CMMSSY(10, 6))"
"PCAcat 129","PCAcat 117","productPCA(CS_CMMSSY(10, 6), productPCA(CS_CMMSSY(10, 6), CS_CMMSSY(10, 6)))"
"PCAcat 129","PCAcat 103","productPCA(CS_CMMSSY(10, 6), CS_CMMSSY(10, 6))"
"PCAcat 130","PCAcat 121","productPCA(miscCA(2, 6, 6), productPCA(miscCA(2, 6, 6), productPCA(miscCA(2, 6, 6), CS_CMMSSY(9,     6))))"
"PCAcat 130","PCAcat 111","productPCA(miscCA(2, 6, 6), productPCA(miscCA(2, 6, 6), CS_CMMSSY(9, 6)))"
"PCAcat 130","PCAcat 100","productPCA(miscCA(2, 6, 6), CS_CMMSSY(9, 6))"
"PCAcat 131","PCAcat 121","productPCA(miscCA(2, 6, 6), productPCA(miscCA(2, 6, 6), productPCA(miscCA(2, 6, 6), CS_CMMSSY(9,     6))))"
"PCAcat 131","PCAcat 111","productPCA(miscCA(2, 6, 6), productPCA(miscCA(2, 6, 6), CS_CMMSSY(9, 6)))"
"PCAcat 131","PCAcat 100","productPCA(miscCA(2, 6, 6), CS_CMMSSY(9, 6))"
"PCAcat 132","PCAcat 123","productPCA(miscCA(2, 6, 6), productPCA(miscCA(2, 6, 6), productPCA(CS_CMMSSY(9, 6), CS_CMMSSY(9,     6))))"
"PCAcat 132","PCAcat 113","productPCA(miscCA(2, 6, 6), productPCA(CS_CMMSSY(9, 6), CS_CMMSSY(9, 6)))"
"PCAcat 132","PCAcat 101","productPCA(CS_CMMSSY(9, 6), CS_CMMSSY(9, 6))"
"PCAcat 133","PCAcat 123","productPCA(miscCA(2, 6, 6), productPCA(miscCA(2, 6, 6), productPCA(CS_CMMSSY(9, 6), CS_CMMSSY(9,     6))))"
"PCAcat 133","PCAcat 113","productPCA(miscCA(2, 6, 6), productPCA(CS_CMMSSY(9, 6), CS_CMMSSY(9, 6)))"
"PCAcat 133","PCAcat 101","productPCA(CS_CMMSSY(9, 6), CS_CMMSSY(9, 6))"
"PCAcat 134","PCAcat 125","productPCA(miscCA(2, 6, 6), productPCA(CS_CMMSSY(9, 6), productPCA(CS_CMMSSY(9, 6), CS_CMMSSY(9,     6))))"
"PCAcat 134","PCAcat 114","productPCA(CS_CMMSSY(9, 6), productPCA(CS_CMMSSY(9, 6), CS_CMMSSY(9, 6)))"
"PCAcat 134","PCAcat 101","productPCA(CS_CMMSSY(9, 6), CS_CMMSSY(9, 6))"
"PCAcat 135","PCAcat 125","productPCA(miscCA(2, 6, 6), productPCA(CS_CMMSSY(9, 6), productPCA(CS_CMMSSY(9, 6), CS_CMMSSY(9,     6))))"
"PCAcat 135","PCAcat 114","productPCA(CS_CMMSSY(9, 6), productPCA(CS_CMMSSY(9, 6), CS_CMMSSY(9, 6)))"
"PCAcat 135","PCAcat 101","productPCA(CS_CMMSSY(9, 6), CS_CMMSSY(9, 6))"
"PCAcat 142","PCAcat 136","productPCA(CS_CMMSSY(8, 7), CS_CMMSSY(8, 7))"
"PCAcat 143","PCAcat 137","productPCA(CS_CMMSSY(8, 7), CS_CMMSSY(10, 7))"
"PCAcat 144","PCAcat 138","productPCA(CS_CMMSSY(8, 7), CS_CMMSSY(11, 7))"
"PCAcat 145","PCAcat 139","productPCA(CS_CMMSSY(10, 7), CS_CMMSSY(10, 7))"
"PCAcat 146","PCAcat 140","productPCA(CS_CMMSSY(10, 7), CS_CMMSSY(11, 7))"
"PCAcat 147","PCAcat 139","productPCA(CS_CMMSSY(10, 7), CS_CMMSSY(10, 7))"
"PCAcat 148","PCAcat 142","productPCA(CS_CMMSSY(8, 7), productPCA(CS_CMMSSY(8, 7), CS_CMMSSY(8, 7)))"
"PCAcat 148","PCAcat 136","productPCA(CS_CMMSSY(8, 7), CS_CMMSSY(8, 7))"
"PCAcat 149","PCAcat 143","productPCA(CS_CMMSSY(8, 7), productPCA(CS_CMMSSY(8, 7), CS_CMMSSY(10, 7)))"
"PCAcat 149","PCAcat 137","productPCA(CS_CMMSSY(8, 7), CS_CMMSSY(10, 7))"
"PCAcat 150","PCAcat 144","productPCA(CS_CMMSSY(8, 7), productPCA(CS_CMMSSY(8, 7), CS_CMMSSY(11, 7)))"
"PCAcat 150","PCAcat 138","productPCA(CS_CMMSSY(8, 7), CS_CMMSSY(11, 7))"
"PCAcat 151","PCAcat 145","productPCA(CS_CMMSSY(8, 7), productPCA(CS_CMMSSY(10, 7), CS_CMMSSY(10, 7)))"
"PCAcat 151","PCAcat 139","productPCA(CS_CMMSSY(10, 7), CS_CMMSSY(10, 7))"
"PCAcat 152","PCAcat 146","productPCA(CS_CMMSSY(8, 7), productPCA(CS_CMMSSY(10, 7), CS_CMMSSY(11, 7)))"
"PCAcat 152","PCAcat 140","productPCA(CS_CMMSSY(10, 7), CS_CMMSSY(11, 7))"
"PCAcat 153","PCAcat 147","productPCA(CS_CMMSSY(10, 7), productPCA(CS_CMMSSY(10, 7), CS_CMMSSY(10, 7)))"
"PCAcat 153","PCAcat 139","productPCA(CS_CMMSSY(10, 7), CS_CMMSSY(10, 7))"
"PCAcat 154","PCAcat 148","productPCA(CS_CMMSSY(8, 7), productPCA(CS_CMMSSY(8, 7), productPCA(CS_CMMSSY(8, 7), CS_CMMSSY(8,     7))))"
"PCAcat 154","PCAcat 142","productPCA(CS_CMMSSY(8, 7), productPCA(CS_CMMSSY(8, 7), CS_CMMSSY(8, 7)))"
"PCAcat 154","PCAcat 136","productPCA(CS_CMMSSY(8, 7), CS_CMMSSY(8, 7))"
"PCAcat 163","PCAcat 155","productPCA(SCA_LCDST(11, 8), SCA_LCDST(11, 8))"
"PCAcat 164","PCAcat 156","productPCA(SCA_LCDST(11, 8), CS_CMMSSY(12, 8))"
"PCAcat 165","PCAcat 155","productPCA(SCA_LCDST(11, 8), SCA_LCDST(11, 8))"
"PCAcat 166","PCAcat 156","productPCA(SCA_LCDST(11, 8), CS_CMMSSY(12, 8))"
"PCAcat 167","PCAcat 157","productPCA(CS_CMMSSY(12, 8), CS_CMMSSY(12, 8))"
"PCAcat 168","PCAcat 157","productPCA(CS_CMMSSY(12, 8), CS_CMMSSY(12, 8))"
"PCAcat 169","PCAcat 158","productPCA(CS_CMMSSY(12, 8), CS_CMMSSY(13, 8))"
"PCAcat 170","PCAcat 159","productPCA(CS_CMMSSY(13, 8), CS_CMMSSY(13, 8))"
"PCAcat 171","PCAcat 163","productPCA(SCA_Bose(8), productPCA(SCA_LCDST(11, 8), SCA_LCDST(11, 8)))"
"PCAcat 171","PCAcat 155","productPCA(SCA_LCDST(11, 8), SCA_LCDST(11, 8))"
"PCAcat 172","PCAcat 164","productPCA(SCA_Bose(8), productPCA(SCA_LCDST(11, 8), CS_CMMSSY(12, 8)))"
"PCAcat 172","PCAcat 156","productPCA(SCA_LCDST(11, 8), CS_CMMSSY(12, 8))"
"PCAcat 173","PCAcat 163","productPCA(SCA_Bose(8), productPCA(SCA_LCDST(11, 8), SCA_LCDST(11, 8)))"
"PCAcat 173","PCAcat 155","productPCA(SCA_LCDST(11, 8), SCA_LCDST(11, 8))"
"PCAcat 174","PCAcat 164","productPCA(SCA_Bose(8), productPCA(SCA_LCDST(11, 8), CS_CMMSSY(12, 8)))"
"PCAcat 174","PCAcat 156","productPCA(SCA_LCDST(11, 8), CS_CMMSSY(12, 8))"
"PCAcat 175","PCAcat 165","productPCA(SCA_LCDST(11, 8), productPCA(SCA_LCDST(11, 8), SCA_LCDST(11, 8)))"
"PCAcat 175","PCAcat 155","productPCA(SCA_LCDST(11, 8), SCA_LCDST(11, 8))"
"PCAcat 176","PCAcat 166","productPCA(SCA_LCDST(11, 8), productPCA(SCA_LCDST(11, 8), CS_CMMSSY(12, 8)))"
"PCAcat 176","PCAcat 156","productPCA(SCA_LCDST(11, 8), CS_CMMSSY(12, 8))"
"PCAcat 177","PCAcat 167","productPCA(SCA_LCDST(11, 8), productPCA(CS_CMMSSY(12, 8), CS_CMMSSY(12, 8)))"
"PCAcat 177","PCAcat 157","productPCA(CS_CMMSSY(12, 8), CS_CMMSSY(12, 8))"
"PCAcat 178","PCAcat 168","productPCA(CS_CMMSSY(12, 8), productPCA(CS_CMMSSY(12, 8), CS_CMMSSY(12, 8)))"
"PCAcat 178","PCAcat 157","productPCA(CS_CMMSSY(12, 8), CS_CMMSSY(12, 8))"
"PCAcat 179","PCAcat 171","productPCA(SCA_Bose(8), productPCA(SCA_Bose(8), productPCA(SCA_LCDST(11, 8), SCA_LCDST(11,     8))))"
"PCAcat 179","PCAcat 163","productPCA(SCA_Bose(8), productPCA(SCA_LCDST(11, 8), SCA_LCDST(11, 8)))"
"PCAcat 179","PCAcat 155","productPCA(SCA_LCDST(11, 8), SCA_LCDST(11, 8))"
"PCAcat 189","PCAcat 180","productPCA(CS_CMMSSY(13, 9), CS_CMMSSY(13, 9))"
"PCAcat 190","PCAcat 181","productPCA(CS_CMMSSY(13, 9), CS_CMMSSY(14, 9))"
"PCAcat 191","PCAcat 182","productPCA(CS_CMMSSY(14, 9), CS_CMMSSY(14, 9))"
"PCAcat 192","PCAcat 180","productPCA(CS_CMMSSY(13, 9), CS_CMMSSY(13, 9))"
"PCAcat 193","PCAcat 181","productPCA(CS_CMMSSY(13, 9), CS_CMMSSY(14, 9))"
"PCAcat 194","PCAcat 182","productPCA(CS_CMMSSY(14, 9), CS_CMMSSY(14, 9))"
"PCAcat 195","PCAcat 182","productPCA(CS_CMMSSY(14, 9), CS_CMMSSY(14, 9))"
"PCAcat 196","PCAcat 183","productPCA(CS_CMMSSY(14, 9), CS_CMMSSY(15, 9))"
"PCAcat 197","PCAcat 184","productPCA(CS_CMMSSY(15, 9), CS_CMMSSY(15, 9))"
"PCAcat 198","PCAcat 189","productPCA(SCA_Bose(9), productPCA(CS_CMMSSY(13, 9), CS_CMMSSY(13, 9)))"
"PCAcat 198","PCAcat 180","productPCA(CS_CMMSSY(13, 9), CS_CMMSSY(13, 9))"
"PCAcat 199","PCAcat 190","productPCA(SCA_Bose(9), productPCA(CS_CMMSSY(13, 9), CS_CMMSSY(14, 9)))"
"PCAcat 199","PCAcat 181","productPCA(CS_CMMSSY(13, 9), CS_CMMSSY(14, 9))"
"PCAcat 200","PCAcat 191","productPCA(SCA_Bose(9), productPCA(CS_CMMSSY(14, 9), CS_CMMSSY(14, 9)))"
"PCAcat 200","PCAcat 182","productPCA(CS_CMMSSY(14, 9), CS_CMMSSY(14, 9))"
"PCAcat 201","PCAcat 189","productPCA(SCA_Bose(9), productPCA(CS_CMMSSY(13, 9), CS_CMMSSY(13, 9)))"
"PCAcat 201","PCAcat 180","productPCA(CS_CMMSSY(13, 9), CS_CMMSSY(13, 9))"
"PCAcat 217","PCAcat 207","productPCA(SCA_LCDST(15, 10), SCA_LCDST(15, 10))"
"PCAcat 218","PCAcat 208","productPCA(SCA_LCDST(15, 10), CS_CMMSSY(16, 10))"
"PCAcat 219","PCAcat 209","productPCA(CS_CMMSSY(16, 10), CS_CMMSSY(16, 10))"
"PCAcat 220","PCAcat 210","productPCA(CS_CMMSSY(16, 10), SCA_MS(17, 10))"
"PCAcat 221","PCAcat 207","productPCA(SCA_LCDST(15, 10), SCA_LCDST(15, 10))"
"PCAcat 222","PCAcat 208","productPCA(SCA_LCDST(15, 10), CS_CMMSSY(16, 10))"
"PCAcat 223","PCAcat 209","productPCA(CS_CMMSSY(16, 10), CS_CMMSSY(16, 10))"
"PCAcat 224","PCAcat 209","productPCA(CS_CMMSSY(16, 10), CS_CMMSSY(16, 10))"
"PCAcat 225","PCAcat 210","productPCA(CS_CMMSSY(16, 10), SCA_MS(17, 10))"
"PCAcat 226","PCAcat 211","productPCA(SCA_MS(17, 10), SCA_MS(17, 10))"
"PCAcat 227","PCAcat 211","productPCA(SCA_MS(17, 10), SCA_MS(17, 10))"
"PCAcat 228","PCAcat 212","productPCA(SCA_MS(17, 10), SCA_MS(18, 10))"
"PCAcat 229","PCAcat 213","productPCA(SCA_MS(18, 10), SCA_MS(18, 10))"
"PCAcat 230","PCAcat 213","productPCA(SCA_MS(18, 10), SCA_MS(18, 10))"
"PCAcat 231","PCAcat 221","productPCA(SCA_LCDST(15, 10), productPCA(SCA_LCDST(15, 10), SCA_LCDST(15, 10)))"
"PCAcat 231","PCAcat 207","productPCA(SCA_LCDST(15, 10), SCA_LCDST(15, 10))"
"PCAcat 232","PCAcat 222","productPCA(SCA_LCDST(15, 10), productPCA(SCA_LCDST(15, 10), CS_CMMSSY(16, 10)))"
"PCAcat 232","PCAcat 208","productPCA(SCA_LCDST(15, 10), CS_CMMSSY(16, 10))"
"PCAcat 233","PCAcat 223","productPCA(SCA_LCDST(15, 10), productPCA(CS_CMMSSY(16, 10), CS_CMMSSY(16, 10)))"
"PCAcat 233","PCAcat 209","productPCA(CS_CMMSSY(16, 10), CS_CMMSSY(16, 10))"
"PCAcat 234","PCAcat 224","productPCA(CS_CMMSSY(16, 10), productPCA(CS_CMMSSY(16, 10), CS_CMMSSY(16, 10)))"
"PCAcat 234","PCAcat 209","productPCA(CS_CMMSSY(16, 10), CS_CMMSSY(16, 10))"
"PCAcat 235","PCAcat 221","productPCA(SCA_LCDST(15, 10), productPCA(SCA_LCDST(15, 10), SCA_LCDST(15, 10)))"
"PCAcat 235","PCAcat 207","productPCA(SCA_LCDST(15, 10), SCA_LCDST(15, 10))"
"PCAcat 247","PCAcat 236","productPCA(SCA_LCDST(16, 11), SCA_LCDST(16, 11))"
"PCAcat 248","PCAcat 237","productPCA(SCA_LCDST(16, 11), SCA_LCDST(17, 11))"
"PCAcat 249","PCAcat 238","productPCA(SCA_LCDST(17, 11), SCA_LCDST(17, 11))"
"PCAcat 250","PCAcat 239","productPCA(SCA_LCDST(17, 11), SCA_MS(18, 11))"
"PCAcat 251","PCAcat 236","productPCA(SCA_LCDST(16, 11), SCA_LCDST(16, 11))"
"PCAcat 252","PCAcat 237","productPCA(SCA_LCDST(16, 11), SCA_LCDST(17, 11))"
"PCAcat 253","PCAcat 238","productPCA(SCA_LCDST(17, 11), SCA_LCDST(17, 11))"
"PCAcat 254","PCAcat 238","productPCA(SCA_LCDST(17, 11), SCA_LCDST(17, 11))"
"PCAcat 255","PCAcat 239","productPCA(SCA_LCDST(17, 11), SCA_MS(18, 11))"
"PCAcat 256","PCAcat 240","productPCA(SCA_MS(18, 11), SCA_MS(18, 11))"
"PCAcat 257","PCAcat 240","productPCA(SCA_MS(18, 11), SCA_MS(18, 11))"
"PCAcat 258","PCAcat 247","productPCA(SCA_Bose(11), productPCA(SCA_LCDST(16, 11), SCA_LCDST(16, 11)))"
"PCAcat 258","PCAcat 236","productPCA(SCA_LCDST(16, 11), SCA_LCDST(16, 11))"
"PCAcat 272","PCAcat 260","productPCA(CA_to_PCA(miscCA(2, 7, 12)), SCA_LCDST(18, 12))"
"PCAcat 273","PCAcat 261","productPCA(CA_to_PCA(miscCA(2, 7, 12)), SCA_LCDST(19, 12))"
"PCAcat 274","PCAcat 262","productPCA(CA_to_PCA(miscCA(2, 7, 12)), CS_CMMSSY(20, 12))"
"PCAcat 275","PCAcat 263","productPCA(CA_to_PCA(miscCA(2, 7, 12)), SCA_MS(21, 12))"
"PCAcat 276","PCAcat 264","productPCA(CA_to_PCA(miscCA(2, 7, 12)), SCA_MS(22, 12))"
"PCAcat 277","PCAcat 265","productPCA(SCA_LCDST(18, 12), SCA_LCDST(18, 12))"
"PCAcat 278","PCAcat 266","productPCA(SCA_LCDST(18, 12), SCA_LCDST(19, 12))"
"PCAcat 279","PCAcat 267","productPCA(SCA_LCDST(19, 12), SCA_LCDST(19, 12))"
"PCAcat 280","PCAcat 268","productPCA(SCA_LCDST(19, 12), CS_CMMSSY(20, 12))"
"PCAcat 281","PCAcat 269","productPCA(CS_CMMSSY(20, 12), CS_CMMSSY(20, 12))"
"PCAcat 282","PCAcat 265","productPCA(SCA_LCDST(18, 12), SCA_LCDST(18, 12))"
"PCAcat 283","PCAcat 266","productPCA(SCA_LCDST(18, 12), SCA_LCDST(19, 12))"
"PCAcat 284","PCAcat 267","productPCA(SCA_LCDST(19, 12), SCA_LCDST(19, 12))"
"PCAcat 285","PCAcat 267","productPCA(SCA_LCDST(19, 12), SCA_LCDST(19, 12))"
"PCAcat 286","PCAcat 268","productPCA(SCA_LCDST(19, 12), CS_CMMSSY(20, 12))"
"PCAcat 287","PCAcat 269","productPCA(CS_CMMSSY(20, 12), CS_CMMSSY(20, 12))"
"PCAcat 288","PCAcat 269","productPCA(CS_CMMSSY(20, 12), CS_CMMSSY(20, 12))"
"PCAcat 289","PCAcat 277","productPCA(CA_to_PCA(miscCA(2, 7, 12)), productPCA(SCA_LCDST(18, 12), SCA_LCDST(18, 12)))"
"PCAcat 289","PCAcat 265","productPCA(SCA_LCDST(18, 12), SCA_LCDST(18, 12))"
"PCAcat 290","PCAcat 278","productPCA(CA_to_PCA(miscCA(2, 7, 12)), productPCA(SCA_LCDST(18, 12), SCA_LCDST(19, 12)))"
"PCAcat 290","PCAcat 266","productPCA(SCA_LCDST(18, 12), SCA_LCDST(19, 12))"
"PCAcat 291","PCAcat 279","productPCA(CA_to_PCA(miscCA(2, 7, 12)), productPCA(SCA_LCDST(19, 12), SCA_LCDST(19, 12)))"
"PCAcat 291","PCAcat 267","productPCA(SCA_LCDST(19, 12), SCA_LCDST(19, 12))"
"PCAcat 292","PCAcat 280","productPCA(CA_to_PCA(miscCA(2, 7, 12)), productPCA(SCA_LCDST(19, 12), CS_CMMSSY(20, 12)))"
"PCAcat 292","PCAcat 268","productPCA(SCA_LCDST(19, 12), CS_CMMSSY(20, 12))"
"PCAcat 293","PCAcat 281","productPCA(CA_to_PCA(miscCA(2, 7, 12)), productPCA(CS_CMMSSY(20, 12), CS_CMMSSY(20, 12)))"
"PCAcat 293","PCAcat 269","productPCA(CS_CMMSSY(20, 12), CS_CMMSSY(20, 12))"
"PCAcat 294","PCAcat 282","productPCA(SCA_LCDST(18, 12), productPCA(SCA_LCDST(18, 12), SCA_LCDST(18, 12)))"
"PCAcat 294","PCAcat 265","productPCA(SCA_LCDST(18, 12), SCA_LCDST(18, 12))"
"PCAcat 308","PCAcat 295","productPCA(CS_CMMSSY(18, 13), CS_CMMSSY(18, 13))"
"PCAcat 309","PCAcat 296","productPCA(CS_CMMSSY(18, 13), SCA_LCDST(19, 13))"
"PCAcat 310","PCAcat 297","productPCA(SCA_LCDST(19, 13), SCA_LCDST(19, 13))"
"PCAcat 311","PCAcat 298","productPCA(SCA_LCDST(19, 13), SCA_LCDST(20, 13))"
"PCAcat 312","PCAcat 295","productPCA(CS_CMMSSY(18, 13), CS_CMMSSY(18, 13))"
"PCAcat 313","PCAcat 296","productPCA(CS_CMMSSY(18, 13), SCA_LCDST(19, 13))"
"PCAcat 314","PCAcat 297","productPCA(SCA_LCDST(19, 13), SCA_LCDST(19, 13))"
"PCAcat 315","PCAcat 297","productPCA(SCA_LCDST(19, 13), SCA_LCDST(19, 13))"
"PCAcat 316","PCAcat 298","productPCA(SCA_LCDST(19, 13), SCA_LCDST(20, 13))"
"PCAcat 317","PCAcat 299","productPCA(SCA_LCDST(20, 13), SCA_LCDST(20, 13))"
"PCAcat 318","PCAcat 299","productPCA(SCA_LCDST(20, 13), SCA_LCDST(20, 13))"
"PCAcat 319","PCAcat 300","productPCA(SCA_LCDST(20, 13), SCA_LCDST(21, 13))"
"PCAcat 320","PCAcat 301","productPCA(SCA_LCDST(21, 13), SCA_LCDST(21, 13))"
"PCAcat 321","PCAcat 308","productPCA(SCA_Bose(13), productPCA(CS_CMMSSY(18, 13), CS_CMMSSY(18, 13)))"
"PCAcat 321","PCAcat 295","productPCA(CS_CMMSSY(18, 13), CS_CMMSSY(18, 13))"
"PCAcat 339","PCAcat 322","productPCA(SCA_LCDST(21, 14), SCA_LCDST(21, 14))"
"PCAcat 340","PCAcat 323","productPCA(SCA_LCDST(21, 14), SCA_LCDST(22, 14))"
"PCAcat 341","PCAcat 324","productPCA(SCA_LCDST(22, 14), SCA_LCDST(22, 14))"
"PCAcat 342","PCAcat 324","productPCA(SCA_LCDST(22, 14), SCA_LCDST(22, 14))"
"PCAcat 343","PCAcat 325","productPCA(SCA_LCDST(22, 14), SCA_LCDST(23, 14))"
"PCAcat 344","PCAcat 326","productPCA(SCA_LCDST(23, 14), SCA_LCDST(23, 14))"
"PCAcat 345","PCAcat 326","productPCA(SCA_LCDST(23, 14), SCA_LCDST(23, 14))"
"PCAcat 346","PCAcat 327","productPCA(SCA_LCDST(23, 14), SCA_MS(24, 14))"
"PCAcat 347","PCAcat 328","productPCA(SCA_MS(24, 14), SCA_MS(24, 14))"
"PCAcat 348","PCAcat 328","productPCA(SCA_MS(24, 14), SCA_MS(24, 14))"
"PCAcat 349","PCAcat 329","productPCA(SCA_MS(24, 14), SCA_LCDST(25, 14))"
"PCAcat 350","PCAcat 330","productPCA(SCA_LCDST(25, 14), SCA_LCDST(25, 14))"
"PCAcat 351","PCAcat 330","productPCA(SCA_LCDST(25, 14), SCA_LCDST(25, 14))"
"PCAcat 352","PCAcat 331","productPCA(SCA_LCDST(25, 14), SCA_MS(26, 14))"
"PCAcat 353","PCAcat 332","productPCA(SCA_MS(26, 14), SCA_MS(26, 14))"
"PCAcat 354","PCAcat 332","productPCA(SCA_MS(26, 14), SCA_MS(26, 14))"
"PCAcat 355","PCAcat 333","productPCA(SCA_MS(26, 14), SCA_MS(27, 14))"
"PCAcat 356","PCAcat 334","productPCA(SCA_MS(27, 14), SCA_MS(27, 14))"
"PCAcat 357","PCAcat 334","productPCA(SCA_MS(27, 14), SCA_MS(27, 14))"
"PCAcat 358","PCAcat 335","productPCA(SCA_MS(27, 14), SCA_MS(28, 14))"
"PCAcat 374","PCAcat 359","productPCA(SCA_LCDST(24, 15), SCA_LCDST(24, 15))"
"PCAcat 375","PCAcat 360","productPCA(SCA_LCDST(24, 15), SCA_LCDST(25, 15))"
"PCAcat 376","PCAcat 361","productPCA(SCA_LCDST(25, 15), SCA_LCDST(25, 15))"
"PCAcat 377","PCAcat 361","productPCA(SCA_LCDST(25, 15), SCA_LCDST(25, 15))"
"PCAcat 378","PCAcat 362","productPCA(SCA_LCDST(25, 15), SCA_LCDST(26, 15))"
"PCAcat 379","PCAcat 363","productPCA(SCA_LCDST(26, 15), SCA_LCDST(26, 15))"
"PCAcat 380","PCAcat 363","productPCA(SCA_LCDST(26, 15), SCA_LCDST(26, 15))"
"PCAcat 381","PCAcat 364","productPCA(SCA_LCDST(26, 15), SCA_LCDST(27, 15))"
"PCAcat 382","PCAcat 365","productPCA(SCA_LCDST(27, 15), SCA_LCDST(27, 15))"
"PCAcat 383","PCAcat 365","productPCA(SCA_LCDST(27, 15), SCA_LCDST(27, 15))"
"PCAcat 384","PCAcat 366","productPCA(SCA_LCDST(27, 15), CS_CMMSSY(28, 15))"
"PCAcat 400","PCAcat 385","productPCA(SCA_LCDST(25, 16), SCA_LCDST(25, 16))"
"PCAcat 401","PCAcat 386","productPCA(SCA_LCDST(25, 16), SCA_LCDST(27, 16))"
"PCAcat 402","PCAcat 387","productPCA(SCA_LCDST(25, 16), SCA_LCDST(28, 16))"
"PCAcat 403","PCAcat 388","productPCA(SCA_LCDST(27, 16), SCA_LCDST(27, 16))"
"PCAcat 404","PCAcat 389","productPCA(SCA_LCDST(27, 16), SCA_LCDST(28, 16))"
"PCAcat 405","PCAcat 390","productPCA(SCA_LCDST(28, 16), SCA_LCDST(28, 16))"
"PCAcat 406","PCAcat 391","productPCA(SCA_LCDST(28, 16), SCA_LCDST(29, 16))"
"PCAcat 407","PCAcat 385","productPCA(SCA_LCDST(25, 16), SCA_LCDST(25, 16))"
"PCAcat 408","PCAcat 386","productPCA(SCA_LCDST(25, 16), SCA_LCDST(27, 16))"
"PCAcat 409","PCAcat 387","productPCA(SCA_LCDST(25, 16), SCA_LCDST(28, 16))"
"PCAcat 410","PCAcat 388","productPCA(SCA_LCDST(27, 16), SCA_LCDST(27, 16))"
"PCAcat 411","PCAcat 389","productPCA(SCA_LCDST(27, 16), SCA_LCDST(28, 16))"
"PCAcat 412","PCAcat 388","productPCA(SCA_LCDST(27, 16), SCA_LCDST(27, 16))"
"PCAcat 413","PCAcat 389","productPCA(SCA_LCDST(27, 16), SCA_LCDST(28, 16))"
"PCAcat 421","PCAcat 414","productPCA(SCA_LCDST(31, 17), SCA_LCDST(31, 17))"
"PCAcat 422","PCAcat 415","productPCA(SCA_LCDST(31, 17), CS_CMMSSY(32, 17))"
"PCAcat 423","PCAcat 416","productPCA(CS_CMMSSY(32, 17), CS_CMMSSY(32, 17))"
"PCAcat 424","PCAcat 417","productPCA(CS_CMMSSY(32, 17), SCA_MS(33, 17))"
"PCAcat 425","PCAcat 418","productPCA(SCA_MS(33, 17), SCA_MS(33, 17))"
"PCAcat 426","PCAcat 419","productPCA(SCA_MS(33, 17), SCA_MS(34, 17))"
"PCAcat 437","PCAcat 427","productPCA(SCA_LCDST(32, 18), SCA_LCDST(32, 18))"
"PCAcat 439","PCAcat 438","productPCA(SCA_LCDST(36, 19), SCA_LCDST(36, 19))"
"PCAcat 443","PCAcat 440","productPCA(SCA_LCDST(38, 20), SCA_LCDST(38, 20))"
"PCAcat 445","PCAcat 444","productPCA(SCA_LCDST(42, 21), SCA_LCDST(42, 21))"
"PCAcat 447","PCAcat 446","productPCA(SCA_LCDST(44, 22), SCA_LCDST(44, 22))"
"PALEYcat 16","PALEYcat 3","paley_mat(19)"
"PALEYcat 17","PALEYcat 4","paley_mat(23)"
"PALEYcat 95","PALEYcat 27","paley_mat(67)"
"PALEYcat 96","PALEYcat 28","paley_mat(71)"
"PALEYcat 97","PALEYcat 30","paley_mat(79)"
"PALEYcat 98","PALEYcat 31","paley_mat(83)"
"PALEYcat 171","PALEYcat 147","paley_mat(359)"
