"call","N","k","v_min","v_max","nNA","status"
"SCA_LCDST(5, 3)",11,5,3,3,0,"ok"
"CS_CMMSSY(6, 3)",13,6,3,3,0,"ok"
"SCA_Bose(3)",9,4,3,3,0,"ok"
"productCA(SCA_LCDST(5, 3)[, 1:4], SCA_LCDST(5, 3)[, 1:4], 3)",19,16,3,3,0,"ok"
"productCA(SCA_LCDST(5, 3)[, 1:4], CS_CMMSSY(6, 3)[, 1:5], 3)",21,20,3,3,0,"ok"
"productCA(SCA_Bose(3)[, 1:3], productCA(SCA_LCDST(5, 3)[, 1:4], SCA_LCDST(5, 3)[, 1:4], c1 = 3), 3)",25,48,3,3,0,"ok"
"productCA(SCA_LCDST(5, 3)[, 1:4], productCA(SCA_LCDST(5, 3)[, 1:4], SCA_LCDST(5, 3)[, 1:4], c1 = 3), 3)",27,64,3,3,0,"ok"
"productCA(SCA_Bose(3)[, 1:3], productCA(SCA_Bose(3)[, 1:3], productCA(SCA_LCDST(5, 3)[, 1:4],     SCA_LCDST(5, 3)[, 1:4], c1 = 3), c1 = 3), 3)",31,144,3,3,0,"ok"
"productCA(SCA_LCDST(5, 3)[, 1:4], productCA(SCA_Bose(3)[, 1:3], productCA(SCA_LCDST(5, 3)[, 1:4],     SCA_LCDST(5, 3)[, 1:4], c1 = 3), c1 = 3), 3)",33,192,3,3,0,"ok"
"productCA(SCA_Bose(3)[, 1:3], productCA(SCA_Bose(3)[, 1:3], productCA(SCA_Bose(3)[, 1:3], productCA(SCA_LCDST(5,     3)[, 1:4], SCA_LCDST(5, 3)[, 1:4], c1 = 3), c1 = 3), c1 = 3), 3)",37,432,3,3,0,"ok"
"productCA(SCA_LCDST(5, 3)[, 1:4], productCA(SCA_Bose(3)[, 1:3], productCA(SCA_Bose(3)[, 1:3], productCA(SCA_LCDST(5,     3)[, 1:4], SCA_LCDST(5, 3)[, 1:4], c1 = 3), c1 = 3), c1 = 3), 3)",39,576,3,3,0,"ok"
"productCA(SCA_LCDST(5, 3)[, 1:4], productCA(SCA_LCDST(5, 3)[, 1:4], productCA(SCA_Bose(3)[, 1:3],     productCA(SCA_LCDST(5, 3)[, 1:4], SCA_LCDST(5, 3)[, 1:4],         c1 = 3), c1 = 3), c1 = 3), 3)",41,768,3,3,0,"ok"
"productCA(SCA_LCDST(5, 3)[, 1:4], productCA(SCA_LCDST(5, 3)[, 1:4], productCA(SCA_LCDST(5, 3)[,     1:4], productCA(SCA_LCDST(5, 3)[, 1:4], SCA_LCDST(5, 3)[,     1:4], c1 = 3), c1 = 3), c1 = 3), 3)",43,1024,3,3,0,"ok"
"productCA(SCA_LCDST(5, 3)[, 1:4], productCA(SCA_LCDST(5, 3)[, 1:4], productCA(SCA_LCDST(5, 3)[,     1:4], SCA_LCDST(5, 3)[, 1:4], c1 = 3), c1 = 3), 3)",35,256,3,3,0,"ok"
"productCA(SCA_LCDST(5, 3)[, 1:4], productCA(SCA_LCDST(5, 3)[, 1:4], productCA(SCA_LCDST(5, 3)[,     1:4], productCA(SCA_LCDST(5, 3)[, 1:4], CS_CMMSSY(6, 3)[,     1:5], c1 = 3), c1 = 3), c1 = 3), 3)",45,1280,3,3,0,"ok"
"productCA(SCA_LCDST(5, 3)[, 1:4], productCA(SCA_LCDST(5, 3)[, 1:4], productCA(SCA_LCDST(5, 3)[,     1:4], CS_CMMSSY(6, 3)[, 1:5], c1 = 3), c1 = 3), 3)",37,320,3,3,0,"ok"
"productCA(SCA_LCDST(5, 3)[, 1:4], productCA(SCA_LCDST(5, 3)[, 1:4], CS_CMMSSY(6, 3)[, 1:5], c1 = 3), 3)",29,80,3,3,0,"ok"
"productCA(SCA_LCDST(5, 3)[, 1:4], productCA(SCA_LCDST(5, 3)[, 1:4], productCA(SCA_LCDST(5, 3)[,     1:4], productCA(CS_CMMSSY(6, 3)[, 1:5], CS_CMMSSY(6, 3)[,     1:5], c1 = 3), c1 = 3), c1 = 3), 3)",47,1600,3,3,0,"ok"
"productCA(SCA_LCDST(5, 3)[, 1:4], productCA(SCA_LCDST(5, 3)[, 1:4], productCA(CS_CMMSSY(6, 3)[,     1:5], CS_CMMSSY(6, 3)[, 1:5], c1 = 3), c1 = 3), 3)",39,400,3,3,0,"ok"
"productCA(SCA_LCDST(5, 3)[, 1:4], productCA(CS_CMMSSY(6, 3)[, 1:5], CS_CMMSSY(6, 3)[, 1:5], c1 = 3), 3)",31,100,3,3,0,"ok"
"productCA(CS_CMMSSY(6, 3)[, 1:5], CS_CMMSSY(6, 3)[, 1:5], 3)",23,25,3,3,0,"ok"
"productCA(SCA_LCDST(5, 3)[, 1:4], productCA(SCA_LCDST(5, 3)[, 1:4], productCA(CS_CMMSSY(6, 3)[,     1:5], productCA(CS_CMMSSY(6, 3)[, 1:5], CS_CMMSSY(6, 3)[,     1:5], c1 = 3), c1 = 3), c1 = 3), 3)",49,2000,3,3,0,"ok"
"productCA(SCA_LCDST(5, 3)[, 1:4], productCA(CS_CMMSSY(6, 3)[, 1:5], productCA(CS_CMMSSY(6, 3)[,     1:5], CS_CMMSSY(6, 3)[, 1:5], c1 = 3), c1 = 3), 3)",41,500,3,3,0,"ok"
"productCA(CS_CMMSSY(6, 3)[, 1:5], productCA(CS_CMMSSY(6, 3)[, 1:5], CS_CMMSSY(6, 3)[, 1:5], c1 = 3), 3)",33,125,3,3,0,"ok"
"productCA(SCA_LCDST(5, 3)[, 1:4], productCA(CS_CMMSSY(6, 3)[, 1:5], productCA(CS_CMMSSY(6, 3)[,     1:5], productCA(CS_CMMSSY(6, 3)[, 1:5], CS_CMMSSY(6, 3)[,     1:5], c1 = 3), c1 = 3), c1 = 3), 3)",51,2500,3,3,0,"ok"
"productCA(CS_CMMSSY(6, 3)[, 1:5], productCA(CS_CMMSSY(6, 3)[, 1:5], productCA(CS_CMMSSY(6, 3)[,     1:5], CS_CMMSSY(6, 3)[, 1:5], c1 = 3), c1 = 3), 3)",43,625,3,3,0,"ok"
"productCA(CS_CMMSSY(6, 3)[, 1:5], productCA(CS_CMMSSY(6, 3)[, 1:5], productCA(CS_CMMSSY(6, 3)[,     1:5], productCA(CS_CMMSSY(6, 3)[, 1:5], CS_CMMSSY(6, 3)[,     1:5], c1 = 3), c1 = 3), c1 = 3), 3)",53,3125,3,3,0,"ok"
"productCA(CS_CMMSSY(6, 3)[, 1:5], productCA(CS_CMMSSY(6, 3)[, 1:5], productCA(CS_CMMSSY(6, 3)[,     1:5], productCA(CS_CMMSSY(6, 3)[, 1:5], SCA_MS(7, 3)[, 1:6],     c1 = 3), c1 = 3), c1 = 3), 3)",55,3750,3,3,0,"ok"
"productCA(CS_CMMSSY(6, 3)[, 1:5], productCA(CS_CMMSSY(6, 3)[, 1:5], productCA(CS_CMMSSY(6, 3)[,     1:5], SCA_MS(7, 3)[, 1:6], c1 = 3), c1 = 3), 3)",45,750,3,3,0,"ok"
"productCA(CS_CMMSSY(6, 3)[, 1:5], productCA(CS_CMMSSY(6, 3)[, 1:5], SCA_MS(7, 3)[, 1:6], c1 = 3), 3)",35,150,3,3,0,"ok"
"productCA(CS_CMMSSY(6, 3)[, 1:5], SCA_MS(7, 3)[, 1:6], 3)",25,30,3,3,0,"ok"
"SCA_MS(7, 3)",15,7,3,3,0,"ok"
"productCA(CS_CMMSSY(6, 3)[, 1:5], productCA(CS_CMMSSY(6, 3)[, 1:5], productCA(CS_CMMSSY(6, 3)[,     1:5], productCA(SCA_MS(7, 3)[, 1:6], SCA_MS(7, 3)[, 1:6],     c1 = 3), c1 = 3), c1 = 3), 3)",57,4500,3,3,0,"ok"
"productCA(CS_CMMSSY(6, 3)[, 1:5], productCA(CS_CMMSSY(6, 3)[, 1:5], productCA(SCA_MS(7, 3)[, 1:6],     SCA_MS(7, 3)[, 1:6], c1 = 3), c1 = 3), 3)",47,900,3,3,0,"ok"
"productCA(CS_CMMSSY(6, 3)[, 1:5], productCA(SCA_MS(7, 3)[, 1:6], SCA_MS(7, 3)[, 1:6], c1 = 3), 3)",37,180,3,3,0,"ok"
"productCA(SCA_MS(7, 3)[, 1:6], SCA_MS(7, 3)[, 1:6], 3)",27,36,3,3,0,"ok"
"SCA_LCDST(6, 4)",19,6,4,4,0,"ok"
"miscCA(2, 7, 4)",21,7,4,4,0,"ok"
"miscCA(2, 8, 4)",23,8,4,4,0,"ok"
"miscCA(2, 11, 4)",26,11,4,4,0,"ok"
"SCA_Bose(4)",16,5,4,4,0,"ok"
"productCA(SCA_LCDST(6, 4)[, 1:5], SCA_LCDST(6, 4)[, 1:5], 4)",34,25,4,4,0,"ok"
"productCA(SCA_LCDST(6, 4)[, 1:5], miscCA(2, 7, 4), 4)",36,35,4,4,0,"ok"
"productCA(miscCA(2, 7, 4), miscCA(2, 7, 4), 2)",38,49,4,4,0,"ok"
"productCA(miscCA(2, 7, 4), miscCA(2, 8, 4), 2)",40,56,4,4,0,"ok"
"productCA(miscCA(2, 8, 4), miscCA(2, 8, 4), 2)",42,64,4,4,0,"ok"
"productCA(miscCA(2, 7, 4), miscCA(2, 11, 4), 2)",43,77,4,4,0,"ok"
"productCA(miscCA(2, 8, 4), miscCA(2, 11, 4), 2)",45,88,4,4,0,"ok"
"productCA(SCA_Bose(4)[, 1:4], productCA(SCA_LCDST(6, 4)[, 1:5], SCA_LCDST(6, 4)[, 1:5], c1 = 4), 4)",46,100,4,4,0,"ok"
"productCA(SCA_Bose(4)[, 1:4], productCA(SCA_LCDST(6, 4)[, 1:5], miscCA(2, 7, 4), c1 = 4), 4)",48,140,4,4,0,"ok"
"productCA(SCA_Bose(4)[, 1:4], productCA(miscCA(2, 7, 4), miscCA(2, 7, 4), c1 = 2), 4)",50,196,4,4,0,"ok"
"productCA(SCA_Bose(4)[, 1:4], productCA(miscCA(2, 7, 4), miscCA(2, 8, 4), c1 = 2), 4)",52,224,4,4,0,"ok"
"productCA(SCA_Bose(4)[, 1:4], productCA(miscCA(2, 8, 4), miscCA(2, 8, 4), c1 = 2), 4)",54,256,4,4,0,"ok"
"productCA(SCA_Bose(4)[, 1:4], productCA(miscCA(2, 7, 4), miscCA(2, 11, 4), c1 = 2), 4)",55,308,4,4,0,"ok"
"productCA(SCA_Bose(4)[, 1:4], productCA(miscCA(2, 8, 4), miscCA(2, 11, 4), c1 = 2), 4)",57,352,4,4,0,"ok"
"productCA(SCA_Bose(4)[, 1:4], productCA(SCA_Bose(4)[, 1:4], productCA(SCA_LCDST(6, 4)[, 1:5],     SCA_LCDST(6, 4)[, 1:5], c1 = 4), c1 = 4), 4)",58,400,4,4,0,"ok"
"productCA(miscCA(2, 7, 4), productCA(miscCA(2, 7, 4), miscCA(2, 7, 4), c1 = 2), 2)",56,343,4,4,0,"ok"
"productCA(SCA_Bose(4)[, 1:4], productCA(SCA_Bose(4)[, 1:4], productCA(SCA_LCDST(6, 4)[, 1:5],     miscCA(2, 7, 4), c1 = 4), c1 = 4), 4)",60,560,4,4,0,"ok"
"productCA(SCA_Bose(4)[, 1:4], productCA(SCA_Bose(4)[, 1:4], productCA(miscCA(2, 7, 4), miscCA(2,     7, 4), c1 = 2), c1 = 4), 4)",62,784,4,4,0,"ok"
"productCA(SCA_Bose(4)[, 1:4], productCA(SCA_Bose(4)[, 1:4], productCA(miscCA(2, 7, 4), miscCA(2,     8, 4), c1 = 2), c1 = 4), 4)",64,896,4,4,0,"ok"
"productCA(SCA_Bose(4)[, 1:4], productCA(SCA_Bose(4)[, 1:4], productCA(miscCA(2, 8, 4), miscCA(2,     8, 4), c1 = 2), c1 = 4), 4)",66,1024,4,4,0,"ok"
"productCA(SCA_Bose(4)[, 1:4], productCA(SCA_Bose(4)[, 1:4], productCA(miscCA(2, 7, 4), miscCA(2,     11, 4), c1 = 2), c1 = 4), 4)",67,1232,4,4,0,"ok"
"productCA(SCA_Bose(4)[, 1:4], productCA(SCA_Bose(4)[, 1:4], productCA(miscCA(2, 8, 4), miscCA(2,     11, 4), c1 = 2), c1 = 4), 4)",69,1408,4,4,0,"ok"
"productCA(SCA_Bose(4)[, 1:4], productCA(SCA_Bose(4)[, 1:4], productCA(SCA_Bose(4)[, 1:4], productCA(SCA_LCDST(6,     4)[, 1:5], SCA_LCDST(6, 4)[, 1:5], c1 = 4), c1 = 4), c1 = 4), 4)",70,1600,4,4,0,"ok"
"productCA(miscCA(2, 7, 4), productCA(SCA_Bose(4)[, 1:4], productCA(miscCA(2, 7, 4), miscCA(2,     7, 4), c1 = 2), c1 = 4), 2)",67,1372,4,4,0,"ok"
"productCA(SCA_Bose(4)[, 1:4], productCA(SCA_Bose(4)[, 1:4], productCA(SCA_Bose(4)[, 1:4], productCA(SCA_LCDST(6,     4)[, 1:5], miscCA(2, 7, 4), c1 = 4), c1 = 4), c1 = 4), 4)",72,2240,4,4,0,"ok"
"productCA(SCA_Bose(4)[, 1:4], productCA(SCA_Bose(4)[, 1:4], productCA(SCA_Bose(4)[, 1:4], productCA(miscCA(2,     7, 4), miscCA(2, 7, 4), c1 = 2), c1 = 4), c1 = 4), 4)",74,3136,4,4,0,"ok"
"productCA(SCA_Bose(4)[, 1:4], productCA(SCA_Bose(4)[, 1:4], productCA(SCA_Bose(4)[, 1:4], productCA(miscCA(2,     7, 4), miscCA(2, 8, 4), c1 = 2), c1 = 4), c1 = 4), 4)",76,3584,4,4,0,"ok"
"productCA(SCA_Bose(4)[, 1:4], productCA(SCA_Bose(4)[, 1:4], productCA(SCA_Bose(4)[, 1:4], productCA(miscCA(2,     8, 4), miscCA(2, 8, 4), c1 = 2), c1 = 4), c1 = 4), 4)",78,4096,4,4,0,"ok"
"productCA(SCA_Bose(4)[, 1:4], productCA(SCA_Bose(4)[, 1:4], productCA(SCA_Bose(4)[, 1:4], productCA(miscCA(2,     7, 4), miscCA(2, 11, 4), c1 = 2), c1 = 4), c1 = 4), 4)",79,4928,4,4,0,"ok"
"CS_CMMSSY(6, 5)",25,6,5,5,0,"ok"
"CS_CMMSSY(7, 5)",29,7,5,5,0,"ok"
"miscCA(2, 7, 5)",30,7,5,5,0,"ok"
"miscCA(2, 9, 5)",35,9,5,5,0,"ok"
"productCA(CS_CMMSSY(6, 5)[, 1:5], CS_CMMSSY(6, 5)[, 1:5], 5)",45,25,5,5,0,"ok"
"productCA(CS_CMMSSY(6, 5)[, 1:5], CS_CMMSSY(7, 5)[, 1:6], 5)",49,30,5,5,0,"ok"
"productCA(CS_CMMSSY(6, 5)[, 1:5], miscCA(2, 7, 5), 5)",50,35,5,5,0,"ok"
"productCA(CS_CMMSSY(7, 5)[, 1:6], CS_CMMSSY(7, 5)[, 1:6], 5)",53,36,5,5,0,"ok"
"productCA(CS_CMMSSY(7, 5)[, 1:6], miscCA(2, 7, 5), 5)",54,42,5,5,0,"ok"
"productCA(miscCA(2, 7, 5), miscCA(2, 7, 5), 3)",55,49,5,5,0,"ok"
"productCA(miscCA(2, 7, 5), miscCA(2, 9, 5), 3)",60,63,5,5,0,"ok"
"productCA(CS_CMMSSY(6, 5)[, 1:5], productCA(CS_CMMSSY(6, 5)[, 1:5], CS_CMMSSY(6, 5)[, 1:5], c1 = 5), 5)",65,125,5,5,0,"ok"
"productCA(CS_CMMSSY(6, 5)[, 1:5], productCA(CS_CMMSSY(6, 5)[, 1:5], CS_CMMSSY(7, 5)[, 1:6], c1 = 5), 5)",69,150,5,5,0,"ok"
"productCA(CS_CMMSSY(6, 5)[, 1:5], productCA(CS_CMMSSY(6, 5)[, 1:5], miscCA(2, 7, 5), c1 = 5), 5)",70,175,5,5,0,"ok"
"productCA(CS_CMMSSY(6, 5)[, 1:5], productCA(CS_CMMSSY(7, 5)[, 1:6], CS_CMMSSY(7, 5)[, 1:6], c1 = 5), 5)",73,180,5,5,0,"ok"
"productCA(CS_CMMSSY(6, 5)[, 1:5], productCA(CS_CMMSSY(7, 5)[, 1:6], miscCA(2, 7, 5), c1 = 5), 5)",74,210,5,5,0,"ok"
"productCA(CS_CMMSSY(6, 5)[, 1:5], productCA(miscCA(2, 7, 5), miscCA(2, 7, 5), c1 = 3), 5)",75,245,5,5,0,"ok"
"productCA(CS_CMMSSY(7, 5)[, 1:6], productCA(CS_CMMSSY(7, 5)[, 1:6], miscCA(2, 7, 5), c1 = 5), 5)",78,252,5,5,0,"ok"
"productCA(CS_CMMSSY(7, 5)[, 1:6], productCA(miscCA(2, 7, 5), miscCA(2, 7, 5), c1 = 3), 5)",79,294,5,5,0,"ok"
"productCA(CS_CMMSSY(6, 5)[, 1:5], productCA(miscCA(2, 7, 5), miscCA(2, 9, 5), c1 = 3), 5)",80,315,5,5,0,"ok"
"productCA(miscCA(2, 7, 5), productCA(miscCA(2, 7, 5), miscCA(2, 7, 5), c1 = 3), 3)",80,343,5,5,0,"ok"
"productCA(CS_CMMSSY(7, 5)[, 1:6], productCA(miscCA(2, 7, 5), miscCA(2, 9, 5), c1 = 3), 5)",84,378,5,5,0,"ok"
"productCA(CS_CMMSSY(6, 5)[, 1:5], productCA(CS_CMMSSY(6, 5)[, 1:5], productCA(CS_CMMSSY(6, 5)[,     1:5], CS_CMMSSY(6, 5)[, 1:5], c1 = 5), c1 = 5), 5)",85,625,5,5,0,"ok"
"productCA(CS_CMMSSY(6, 5)[, 1:5], productCA(CS_CMMSSY(6, 5)[, 1:5], productCA(CS_CMMSSY(6, 5)[,     1:5], CS_CMMSSY(7, 5)[, 1:6], c1 = 5), c1 = 5), 5)",89,750,5,5,0,"ok"
"productCA(CS_CMMSSY(6, 5)[, 1:5], productCA(CS_CMMSSY(6, 5)[, 1:5], productCA(CS_CMMSSY(6, 5)[,     1:5], miscCA(2, 7, 5), c1 = 5), c1 = 5), 5)",90,875,5,5,0,"ok"
"productCA(CS_CMMSSY(6, 5)[, 1:5], productCA(CS_CMMSSY(6, 5)[, 1:5], productCA(CS_CMMSSY(7, 5)[,     1:6], CS_CMMSSY(7, 5)[, 1:6], c1 = 5), c1 = 5), 5)",93,900,5,5,0,"ok"
"productCA(CS_CMMSSY(6, 5)[, 1:5], productCA(CS_CMMSSY(6, 5)[, 1:5], productCA(CS_CMMSSY(7, 5)[,     1:6], miscCA(2, 7, 5), c1 = 5), c1 = 5), 5)",94,1050,5,5,0,"ok"
"productCA(CS_CMMSSY(6, 5)[, 1:5], productCA(CS_CMMSSY(6, 5)[, 1:5], productCA(miscCA(2, 7, 5),     miscCA(2, 7, 5), c1 = 3), c1 = 5), 5)",95,1225,5,5,0,"ok"
"productCA(CS_CMMSSY(6, 5)[, 1:5], productCA(CS_CMMSSY(7, 5)[, 1:6], productCA(CS_CMMSSY(7, 5)[,     1:6], miscCA(2, 7, 5), c1 = 5), c1 = 5), 5)",98,1260,5,5,0,"ok"
"productCA(CS_CMMSSY(6, 5)[, 1:5], productCA(CS_CMMSSY(7, 5)[, 1:6], productCA(miscCA(2, 7, 5),     miscCA(2, 7, 5), c1 = 3), c1 = 5), 5)",99,1470,5,5,0,"ok"
"productCA(CS_CMMSSY(6, 5)[, 1:5], productCA(CS_CMMSSY(6, 5)[, 1:5], productCA(miscCA(2, 7, 5),     miscCA(2, 9, 5), c1 = 3), c1 = 5), 5)",100,1575,5,5,0,"ok"
"productCA(CS_CMMSSY(6, 5)[, 1:5], productCA(miscCA(2, 7, 5), productCA(miscCA(2, 7, 5), miscCA(2,     7, 5), c1 = 3), c1 = 3), 5)",100,1715,5,5,0,"ok"
"productCA(CS_CMMSSY(7, 5)[, 1:6], productCA(CS_CMMSSY(7, 5)[, 1:6], productCA(miscCA(2, 7, 5),     miscCA(2, 7, 5), c1 = 3), c1 = 5), 5)",103,1764,5,5,0,"ok"
"productCA(CS_CMMSSY(6, 5)[, 1:5], productCA(CS_CMMSSY(7, 5)[, 1:6], productCA(miscCA(2, 7, 5),     miscCA(2, 9, 5), c1 = 3), c1 = 5), 5)",104,1890,5,5,0,"ok"
"productCA(CS_CMMSSY(6, 5)[, 1:5], productCA(CS_CMMSSY(6, 5)[, 1:5], productCA(CS_CMMSSY(6, 5)[,     1:5], productCA(CS_CMMSSY(6, 5)[, 1:5], CS_CMMSSY(6, 5)[,     1:5], c1 = 5), c1 = 5), c1 = 5), 5)",105,3125,5,5,0,"ok"
"productCA(CS_CMMSSY(6, 5)[, 1:5], productCA(CS_CMMSSY(6, 5)[, 1:5], productCA(CS_CMMSSY(6, 5)[,     1:5], productCA(CS_CMMSSY(6, 5)[, 1:5], CS_CMMSSY(7, 5)[,     1:6], c1 = 5), c1 = 5), c1 = 5), 5)",109,3750,5,5,0,"ok"
"productCA(CS_CMMSSY(6, 5)[, 1:5], productCA(CS_CMMSSY(6, 5)[, 1:5], productCA(CS_CMMSSY(6, 5)[,     1:5], productCA(CS_CMMSSY(6, 5)[, 1:5], miscCA(2, 7, 5),     c1 = 5), c1 = 5), c1 = 5), 5)",110,4375,5,5,0,"ok"
"miscCA(2, 3, 6)",36,3,6,6,0,"ok"
"miscCA(2, 4, 6)",37,4,6,6,0,"ok"
"miscCA(2, 5, 6)",39,5,6,6,0,"ok"
"miscCA(2, 6, 6)",41,6,6,6,0,"ok"
"CS_CMMSSY(9, 6)",46,9,6,6,0,"ok"
"CS_CMMSSY(10, 6)",51,10,6,6,0,"ok"
"CS_CMMSSY(11, 6)",56,11,6,6,0,"ok"
"productCA(miscCA(2, 5, 6), miscCA(2, 5, 6), 4)",72,25,6,6,0,"ok"
"productCA(miscCA(2, 5, 6), miscCA(2, 6, 6), 4)",74,30,6,6,0,"ok"
"productCA(miscCA(2, 6, 6), miscCA(2, 6, 6), 6)",76,36,6,6,0,"ok"
"productCA(miscCA(2, 6, 6), CS_CMMSSY(9, 6)[, 1:8], 6)",81,48,6,6,0,"ok"
"productCA(CS_CMMSSY(9, 6)[, 1:8], CS_CMMSSY(9, 6)[, 1:8], 6)",86,64,6,6,0,"ok"
"productCA(CS_CMMSSY(9, 6)[, 1:8], CS_CMMSSY(10, 6)[, 1:9], 6)",91,72,6,6,0,"ok"
"productCA(CS_CMMSSY(10, 6)[, 1:9], CS_CMMSSY(10, 6)[, 1:9], 6)",96,81,6,6,0,"ok"
"productCA(miscCA(2, 5, 6), productCA(miscCA(2, 5, 6), miscCA(2, 6, 6), c1 = 4), 4)",107,150,6,6,0,"ok"
"productCA(miscCA(2, 5, 6), productCA(miscCA(2, 6, 6), miscCA(2, 6, 6), c1 = 6), 4)",109,180,6,6,0,"ok"
"productCA(miscCA(2, 6, 6), productCA(miscCA(2, 6, 6), miscCA(2, 6, 6), c1 = 6), 6)",111,216,6,6,0,"ok"
"productCA(miscCA(2, 6, 6), productCA(miscCA(2, 6, 6), CS_CMMSSY(9, 6)[, 1:8], c1 = 6), 6)",116,288,6,6,0,"ok"
"productCA(miscCA(2, 6, 6), productCA(CS_CMMSSY(9, 6)[, 1:8], CS_CMMSSY(9, 6)[, 1:8], c1 = 6), 6)",121,384,6,6,0,"ok"
"productCA(CS_CMMSSY(9, 6)[, 1:8], productCA(CS_CMMSSY(9, 6)[, 1:8], CS_CMMSSY(9, 6)[, 1:8], c1 = 6), 6)",126,512,6,6,0,"ok"
"productCA(CS_CMMSSY(9, 6)[, 1:8], productCA(CS_CMMSSY(9, 6)[, 1:8], CS_CMMSSY(10, 6)[, 1:9], c1 = 6), 6)",131,576,6,6,0,"ok"
"productCA(CS_CMMSSY(9, 6)[, 1:8], productCA(CS_CMMSSY(10, 6)[, 1:9], CS_CMMSSY(10, 6)[, 1:9], c1 = 6), 6)",136,648,6,6,0,"ok"
"productCA(miscCA(2, 5, 6), productCA(miscCA(2, 6, 6), productCA(miscCA(2, 6, 6), miscCA(2,     6, 6), c1 = 6), c1 = 6), 4)",144,1080,6,6,0,"ok"
"productCA(miscCA(2, 6, 6), productCA(miscCA(2, 6, 6), productCA(miscCA(2, 6, 6), miscCA(2,     6, 6), c1 = 6), c1 = 6), 6)",146,1296,6,6,0,"ok"
"productCA(miscCA(2, 6, 6), productCA(miscCA(2, 6, 6), productCA(miscCA(2, 6, 6), CS_CMMSSY(9,     6)[, 1:8], c1 = 6), c1 = 6), 6)",151,1728,6,6,0,"ok"
"productCA(miscCA(2, 6, 6), productCA(miscCA(2, 6, 6), productCA(CS_CMMSSY(9, 6)[, 1:8],     CS_CMMSSY(9, 6)[, 1:8], c1 = 6), c1 = 6), 6)",156,2304,6,6,0,"ok"
"productCA(miscCA(2, 6, 6), productCA(CS_CMMSSY(9, 6)[, 1:8], productCA(CS_CMMSSY(9, 6)[,     1:8], CS_CMMSSY(9, 6)[, 1:8], c1 = 6), c1 = 6), 6)",161,3072,6,6,0,"ok"
"productCA(CS_CMMSSY(9, 6)[, 1:8], productCA(CS_CMMSSY(9, 6)[, 1:8], productCA(CS_CMMSSY(9, 6)[,     1:8], CS_CMMSSY(9, 6)[, 1:8], c1 = 6), c1 = 6), 6)",166,4096,6,6,0,"ok"
"CS_CMMSSY(8, 7)",49,8,7,7,0,"ok"
"CS_CMMSSY(10, 7)",61,10,7,7,0,"ok"
"CS_CMMSSY(11, 7)",67,11,7,7,0,"ok"
"productCA(CS_CMMSSY(8, 7)[, 1:7], CS_CMMSSY(8, 7)[, 1:7], 7)",91,49,7,7,0,"ok"
"productCA(CS_CMMSSY(8, 7)[, 1:7], CS_CMMSSY(10, 7)[, 1:9], 7)",103,63,7,7,0,"ok"
"productCA(CS_CMMSSY(8, 7)[, 1:7], CS_CMMSSY(11, 7)[, 1:10], 7)",109,70,7,7,0,"ok"
"productCA(CS_CMMSSY(10, 7)[, 1:9], CS_CMMSSY(10, 7)[, 1:9], 7)",115,81,7,7,0,"ok"
"productCA(CS_CMMSSY(10, 7)[, 1:9], CS_CMMSSY(11, 7)[, 1:10], 7)",121,90,7,7,0,"ok"
"productCA(CS_CMMSSY(8, 7)[, 1:7], productCA(CS_CMMSSY(8, 7)[, 1:7], CS_CMMSSY(8, 7)[, 1:7], c1 = 7), 7)",133,343,7,7,0,"ok"
"productCA(CS_CMMSSY(8, 7)[, 1:7], productCA(CS_CMMSSY(8, 7)[, 1:7], CS_CMMSSY(10, 7)[, 1:9], c1 = 7), 7)",145,441,7,7,0,"ok"
"productCA(CS_CMMSSY(8, 7)[, 1:7], productCA(CS_CMMSSY(8, 7)[, 1:7], CS_CMMSSY(11, 7)[, 1:10], c1 = 7), 7)",151,490,7,7,0,"ok"
"productCA(CS_CMMSSY(8, 7)[, 1:7], productCA(CS_CMMSSY(10, 7)[, 1:9], CS_CMMSSY(10, 7)[, 1:9], c1 = 7), 7)",157,567,7,7,0,"ok"
"productCA(CS_CMMSSY(8, 7)[, 1:7], productCA(CS_CMMSSY(10, 7)[, 1:9], CS_CMMSSY(11, 7)[, 1:10],     c1 = 7), 7)",163,630,7,7,0,"ok"
"productCA(CS_CMMSSY(10, 7)[, 1:9], productCA(CS_CMMSSY(10, 7)[, 1:9], CS_CMMSSY(10, 7)[, 1:9], c1 = 7), 7)",169,729,7,7,0,"ok"
"productCA(CS_CMMSSY(8, 7)[, 1:7], productCA(CS_CMMSSY(8, 7)[, 1:7], productCA(CS_CMMSSY(8, 7)[,     1:7], CS_CMMSSY(8, 7)[, 1:7], c1 = 7), c1 = 7), 7)",175,2401,7,7,0,"ok"
"productCA(CS_CMMSSY(8, 7)[, 1:7], productCA(CS_CMMSSY(8, 7)[, 1:7], productCA(CS_CMMSSY(8, 7)[,     1:7], CS_CMMSSY(10, 7)[, 1:9], c1 = 7), c1 = 7), 7)",187,3087,7,7,0,"ok"
"SCA_LCDST(11, 8)",78,11,8,8,0,"ok"
"CS_CMMSSY(12, 8)",85,12,8,8,0,"ok"
"CS_CMMSSY(13, 8)",92,13,8,8,0,"ok"
"CS_CMMSSY(14, 8)",99,14,8,8,0,"ok"
"CS_CMMSSY(15, 8)",106,15,8,8,0,"ok"
"SCA_Bose(8)",64,9,8,8,0,"ok"
"productCA(SCA_LCDST(11, 8)[, 1:10], SCA_LCDST(11, 8)[, 1:10], 8)",148,100,8,8,0,"ok"
"productCA(SCA_LCDST(11, 8)[, 1:10], CS_CMMSSY(12, 8)[, 1:11], 8)",155,110,8,8,0,"ok"
"productCA(CS_CMMSSY(12, 8)[, 1:11], CS_CMMSSY(12, 8)[, 1:11], 8)",162,121,8,8,0,"ok"
"productCA(CS_CMMSSY(12, 8)[, 1:11], CS_CMMSSY(13, 8)[, 1:12], 8)",169,132,8,8,0,"ok"
"productCA(CS_CMMSSY(13, 8)[, 1:12], CS_CMMSSY(13, 8)[, 1:12], 8)",176,144,8,8,0,"ok"
"productCA(SCA_Bose(8)[, 1:8], productCA(SCA_LCDST(11, 8)[, 1:10], SCA_LCDST(11, 8)[, 1:10],     c1 = 8), 8)",204,800,8,8,0,"ok"
"productCA(SCA_Bose(8)[, 1:8], productCA(SCA_LCDST(11, 8)[, 1:10], CS_CMMSSY(12, 8)[, 1:11],     c1 = 8), 8)",211,880,8,8,0,"ok"
"productCA(SCA_LCDST(11, 8)[, 1:10], productCA(SCA_LCDST(11, 8)[, 1:10], SCA_LCDST(11, 8)[, 1:10],     c1 = 8), 8)",218,1000,8,8,0,"ok"
"productCA(SCA_LCDST(11, 8)[, 1:10], productCA(SCA_LCDST(11, 8)[, 1:10], CS_CMMSSY(12, 8)[, 1:11],     c1 = 8), 8)",225,1100,8,8,0,"ok"
"productCA(SCA_LCDST(11, 8)[, 1:10], productCA(CS_CMMSSY(12, 8)[, 1:11], CS_CMMSSY(12, 8)[, 1:11],     c1 = 8), 8)",232,1210,8,8,0,"ok"
"productCA(CS_CMMSSY(12, 8)[, 1:11], productCA(CS_CMMSSY(12, 8)[, 1:11], CS_CMMSSY(12, 8)[, 1:11],     c1 = 8), 8)",239,1331,8,8,0,"ok"
"productCA(SCA_Bose(8)[, 1:8], productCA(SCA_Bose(8)[, 1:8], productCA(SCA_LCDST(11, 8)[, 1:10],     SCA_LCDST(11, 8)[, 1:10], c1 = 8), c1 = 8), 8)",260,6400,8,8,0,"ok"
"CS_CMMSSY(13, 9)",105,13,9,9,0,"ok"
"CS_CMMSSY(14, 9)",113,14,9,9,0,"ok"
"CS_CMMSSY(15, 9)",121,15,9,9,0,"ok"
"CS_CMMSSY(16, 9)",129,16,9,9,0,"ok"
"SCA_MS(17, 9)",137,17,9,9,0,"ok"
"SCA_Bose(9)",81,10,9,9,0,"ok"
"productCA(CS_CMMSSY(13, 9)[, 1:12], CS_CMMSSY(13, 9)[, 1:12], 9)",201,144,9,9,0,"ok"
"productCA(CS_CMMSSY(13, 9)[, 1:12], CS_CMMSSY(14, 9)[, 1:13], 9)",209,156,9,9,0,"ok"
"productCA(CS_CMMSSY(14, 9)[, 1:13], CS_CMMSSY(14, 9)[, 1:13], 9)",217,169,9,9,0,"ok"
"productCA(CS_CMMSSY(14, 9)[, 1:13], CS_CMMSSY(15, 9)[, 1:14], 9)",225,182,9,9,0,"ok"
"productCA(CS_CMMSSY(15, 9)[, 1:14], CS_CMMSSY(15, 9)[, 1:14], 9)",233,196,9,9,0,"ok"
"productCA(SCA_Bose(9)[, 1:9], productCA(CS_CMMSSY(13, 9)[, 1:12], CS_CMMSSY(13, 9)[, 1:12],     c1 = 9), 9)",273,1296,9,9,0,"ok"
"productCA(SCA_Bose(9)[, 1:9], productCA(CS_CMMSSY(13, 9)[, 1:12], CS_CMMSSY(14, 9)[, 1:13],     c1 = 9), 9)",281,1404,9,9,0,"ok"
"productCA(SCA_Bose(9)[, 1:9], productCA(CS_CMMSSY(14, 9)[, 1:13], CS_CMMSSY(14, 9)[, 1:13],     c1 = 9), 9)",289,1521,9,9,0,"ok"
"productCA(CS_CMMSSY(13, 9)[, 1:12], productCA(CS_CMMSSY(13, 9)[, 1:12], CS_CMMSSY(13, 9)[, 1:12],     c1 = 9), 9)",297,1728,9,9,0,"ok"
"miscCA(2, 4, 10)",100,4,10,10,0,"ok"
"SCA_LCDST(15, 10)",136,15,10,10,0,"ok"
"CS_CMMSSY(16, 10)",145,16,10,10,0,"ok"
"SCA_MS(17, 10)",154,17,10,10,0,"ok"
"SCA_MS(18, 10)",163,18,10,10,0,"ok"
"SCA_MS(19, 10)",172,19,10,10,0,"ok"
"SCA_MS(21, 10)",190,21,10,10,0,"ok"
"productCA(SCA_LCDST(15, 10)[, 1:14], SCA_LCDST(15, 10)[, 1:14], 10)",262,196,10,10,0,"ok"
"productCA(SCA_LCDST(15, 10)[, 1:14], CS_CMMSSY(16, 10)[, 1:15], 10)",271,210,10,10,0,"ok"
"productCA(CS_CMMSSY(16, 10)[, 1:15], CS_CMMSSY(16, 10)[, 1:15], 10)",280,225,10,10,0,"ok"
"productCA(CS_CMMSSY(16, 10)[, 1:15], SCA_MS(17, 10)[, 1:16], 10)",289,240,10,10,0,"ok"
"productCA(SCA_MS(17, 10)[, 1:16], SCA_MS(17, 10)[, 1:16], 10)",298,256,10,10,0,"ok"
"productCA(SCA_MS(17, 10)[, 1:16], SCA_MS(18, 10)[, 1:17], 10)",307,272,10,10,0,"ok"
"productCA(SCA_MS(18, 10)[, 1:17], SCA_MS(18, 10)[, 1:17], 10)",316,289,10,10,0,"ok"
"productCA(SCA_LCDST(15, 10)[, 1:14], productCA(SCA_LCDST(15, 10)[, 1:14], SCA_LCDST(15, 10)[, 1:14],     c1 = 10), 10)",388,2744,10,10,0,"ok"
"productCA(SCA_LCDST(15, 10)[, 1:14], productCA(SCA_LCDST(15, 10)[, 1:14], CS_CMMSSY(16, 10)[, 1:15],     c1 = 10), 10)",397,2940,10,10,0,"ok"
"productCA(SCA_LCDST(15, 10)[, 1:14], productCA(CS_CMMSSY(16, 10)[, 1:15], CS_CMMSSY(16, 10)[, 1:15],     c1 = 10), 10)",406,3150,10,10,0,"ok"
"productCA(CS_CMMSSY(16, 10)[, 1:15], productCA(CS_CMMSSY(16, 10)[, 1:15], CS_CMMSSY(16, 10)[, 1:15],     c1 = 10), 10)",415,3375,10,10,0,"ok"
"SCA_LCDST(16, 11)",161,16,11,11,0,"ok"
"SCA_LCDST(17, 11)",171,17,11,11,0,"ok"
"SCA_MS(18, 11)",181,18,11,11,0,"ok"
"SCA_MS(19, 11)",191,19,11,11,0,"ok"
"SCA_MS(20, 11)",201,20,11,11,0,"ok"
"SCA_MS(21, 11)",211,21,11,11,0,"ok"
"SCA_Bose(11)",121,12,11,11,0,"ok"
"productCA(SCA_LCDST(16, 11)[, 1:15], SCA_LCDST(16, 11)[, 1:15], 11)",311,225,11,11,0,"ok"
"productCA(SCA_LCDST(16, 11)[, 1:15], SCA_LCDST(17, 11)[, 1:16], 11)",321,240,11,11,0,"ok"
"productCA(SCA_LCDST(17, 11)[, 1:16], SCA_LCDST(17, 11)[, 1:16], 11)",331,256,11,11,0,"ok"
"productCA(SCA_LCDST(17, 11)[, 1:16], SCA_MS(18, 11)[, 1:17], 11)",341,272,11,11,0,"ok"
"productCA(SCA_MS(18, 11)[, 1:17], SCA_MS(18, 11)[, 1:17], 11)",351,289,11,11,0,"ok"
"productCA(SCA_Bose(11)[, 1:11], productCA(SCA_LCDST(16, 11)[, 1:15], SCA_LCDST(16, 11)[, 1:15],     c1 = 11), 11)",421,2475,11,11,0,"ok"
"miscCA(2, 7, 12)",144,7,12,12,0,"ok"
"SCA_LCDST(18, 12)",199,18,12,12,0,"ok"
"SCA_LCDST(19, 12)",210,19,12,12,0,"ok"
"CS_CMMSSY(20, 12)",221,20,12,12,0,"ok"
"SCA_MS(21, 12)",232,21,12,12,0,"ok"
"SCA_MS(22, 12)",243,22,12,12,0,"ok"
"productCA(miscCA(2, 7, 12), miscCA(2, 7, 12), 9)",276,49,12,12,0,"ok"
"productCA(miscCA(2, 7, 12), SCA_LCDST(18, 12)[, 1:17], 9)",331,119,12,12,0,"ok"
"productCA(miscCA(2, 7, 12), SCA_LCDST(19, 12)[, 1:18], 9)",342,126,12,12,0,"ok"
"productCA(miscCA(2, 7, 12), CS_CMMSSY(20, 12)[, 1:19], 9)",353,133,12,12,0,"ok"
"productCA(miscCA(2, 7, 12), SCA_MS(21, 12)[, 1:20], 9)",364,140,12,12,0,"ok"
"productCA(miscCA(2, 7, 12), SCA_MS(22, 12)[, 1:21], 9)",375,147,12,12,0,"ok"
"productCA(SCA_LCDST(18, 12)[, 1:17], SCA_LCDST(18, 12)[, 1:17], 12)",386,289,12,12,0,"ok"
"productCA(SCA_LCDST(18, 12)[, 1:17], SCA_LCDST(19, 12)[, 1:18], 12)",397,306,12,12,0,"ok"
"productCA(miscCA(2, 7, 12), productCA(miscCA(2, 7, 12), miscCA(2, 7, 12), c1 = 9), 9)",408,343,12,12,0,"ok"
"productCA(CS_CMMSSY(20, 12)[, 1:19], CS_CMMSSY(20, 12)[, 1:19], 12)",430,361,12,12,0,"ok"
"productCA(miscCA(2, 7, 12), productCA(miscCA(2, 7, 12), SCA_LCDST(18, 12)[, 1:17], c1 = 9), 9)",463,833,12,12,0,"ok"
"productCA(miscCA(2, 7, 12), productCA(miscCA(2, 7, 12), SCA_LCDST(19, 12)[, 1:18], c1 = 9), 9)",474,882,12,12,0,"ok"
"productCA(miscCA(2, 7, 12), productCA(miscCA(2, 7, 12), CS_CMMSSY(20, 12)[, 1:19], c1 = 9), 9)",485,931,12,12,0,"ok"
"productCA(miscCA(2, 7, 12), productCA(miscCA(2, 7, 12), SCA_MS(21, 12)[, 1:20], c1 = 9), 9)",496,980,12,12,0,"ok"
"productCA(miscCA(2, 7, 12), productCA(miscCA(2, 7, 12), SCA_MS(22, 12)[, 1:21], c1 = 9), 9)",507,1029,12,12,0,"ok"
"productCA(miscCA(2, 7, 12), productCA(SCA_LCDST(18, 12)[, 1:17], SCA_LCDST(18, 12)[, 1:17],     c1 = 12), 9)",518,2023,12,12,0,"ok"
"productCA(miscCA(2, 7, 12), productCA(SCA_LCDST(18, 12)[, 1:17], SCA_LCDST(19, 12)[, 1:18],     c1 = 12), 9)",529,2142,12,12,0,"ok"
"productCA(miscCA(2, 7, 12), productCA(SCA_LCDST(19, 12)[, 1:18], SCA_LCDST(19, 12)[, 1:18],     c1 = 12), 9)",540,2268,12,12,0,"ok"
"productCA(SCA_LCDST(19, 12)[, 1:18], SCA_LCDST(19, 12)[, 1:18], 12)",408,324,12,12,0,"ok"
"productCA(miscCA(2, 7, 12), productCA(miscCA(2, 7, 12), productCA(miscCA(2, 7, 12), miscCA(2,     7, 12), c1 = 9), c1 = 9), 9)",540,2401,12,12,0,"ok"
"productCA(miscCA(2, 7, 12), productCA(CS_CMMSSY(20, 12)[, 1:19], CS_CMMSSY(20, 12)[, 1:19],     c1 = 12), 9)",562,2527,12,12,0,"ok"
"productCA(SCA_LCDST(18, 12)[, 1:17], productCA(SCA_LCDST(18, 12)[, 1:17], SCA_LCDST(18, 12)[, 1:17],     c1 = 12), 12)",573,4913,12,12,0,"ok"
"CS_CMMSSY(18, 13)",217,18,13,13,0,"ok"
"SCA_LCDST(19, 13)",229,19,13,13,0,"ok"
"SCA_LCDST(20, 13)",241,20,13,13,0,"ok"
"SCA_LCDST(21, 13)",253,21,13,13,0,"ok"
"SCA_MS(22, 13)",265,22,13,13,0,"ok"
"SCA_MS(23, 13)",277,23,13,13,0,"ok"
"SCA_MS(24, 13)",289,24,13,13,0,"ok"
"SCA_Bose(13)",169,14,13,13,0,"ok"
"productCA(CS_CMMSSY(18, 13)[, 1:17], CS_CMMSSY(18, 13)[, 1:17], 13)",421,289,13,13,0,"ok"
"productCA(CS_CMMSSY(18, 13)[, 1:17], SCA_LCDST(19, 13)[, 1:18], 13)",433,306,13,13,0,"ok"
"productCA(SCA_LCDST(19, 13)[, 1:18], SCA_LCDST(19, 13)[, 1:18], 13)",445,324,13,13,0,"ok"
"productCA(SCA_LCDST(19, 13)[, 1:18], SCA_LCDST(20, 13)[, 1:19], 13)",457,342,13,13,0,"ok"
"productCA(SCA_LCDST(20, 13)[, 1:19], SCA_LCDST(20, 13)[, 1:19], 13)",469,361,13,13,0,"ok"
"productCA(SCA_LCDST(20, 13)[, 1:19], SCA_LCDST(21, 13)[, 1:20], 13)",481,380,13,13,0,"ok"
"productCA(SCA_LCDST(21, 13)[, 1:20], SCA_LCDST(21, 13)[, 1:20], 13)",493,400,13,13,0,"ok"
"productCA(SCA_Bose(13)[, 1:13], productCA(CS_CMMSSY(18, 13)[, 1:17], CS_CMMSSY(18, 13)[, 1:17],     c1 = 13), 13)",577,3757,13,13,0,"ok"
"SCA_LCDST(21, 14)",274,21,14,14,0,"ok"
"SCA_LCDST(22, 14)",287,22,14,14,0,"ok"
"SCA_LCDST(23, 14)",300,23,14,14,0,"ok"
"SCA_MS(24, 14)",313,24,14,14,0,"ok"
"SCA_LCDST(25, 14)",326,25,14,14,0,"ok"
"SCA_MS(26, 14)",339,26,14,14,0,"ok"
"SCA_MS(27, 14)",352,27,14,14,0,"ok"
"SCA_MS(28, 14)",365,28,14,14,0,"ok"
"SCA_MS(29, 14)",378,29,14,14,0,"ok"
"productCA(SCA_LCDST(21, 14)[, 1:20], SCA_LCDST(21, 14)[, 1:20], 14)",534,400,14,14,0,"ok"
"productCA(SCA_LCDST(21, 14)[, 1:20], SCA_LCDST(22, 14)[, 1:21], 14)",547,420,14,14,0,"ok"
"productCA(SCA_LCDST(22, 14)[, 1:21], SCA_LCDST(22, 14)[, 1:21], 14)",560,441,14,14,0,"ok"
"productCA(SCA_LCDST(22, 14)[, 1:21], SCA_LCDST(23, 14)[, 1:22], 14)",573,462,14,14,0,"ok"
"productCA(SCA_LCDST(23, 14)[, 1:22], SCA_LCDST(23, 14)[, 1:22], 14)",586,484,14,14,0,"ok"
"productCA(SCA_LCDST(23, 14)[, 1:22], SCA_MS(24, 14)[, 1:23], 14)",599,506,14,14,0,"ok"
"productCA(SCA_MS(24, 14)[, 1:23], SCA_MS(24, 14)[, 1:23], 14)",612,529,14,14,0,"ok"
"productCA(SCA_MS(24, 14)[, 1:23], SCA_LCDST(25, 14)[, 1:24], 14)",625,552,14,14,0,"ok"
"productCA(SCA_LCDST(25, 14)[, 1:24], SCA_LCDST(25, 14)[, 1:24], 14)",638,576,14,14,0,"ok"
"productCA(SCA_LCDST(25, 14)[, 1:24], SCA_MS(26, 14)[, 1:25], 14)",651,600,14,14,0,"ok"
"productCA(SCA_MS(26, 14)[, 1:25], SCA_MS(26, 14)[, 1:25], 14)",664,625,14,14,0,"ok"
"productCA(SCA_MS(26, 14)[, 1:25], SCA_MS(27, 14)[, 1:26], 14)",677,650,14,14,0,"ok"
"productCA(SCA_MS(27, 14)[, 1:26], SCA_MS(27, 14)[, 1:26], 14)",690,676,14,14,0,"ok"
"productCA(SCA_MS(27, 14)[, 1:26], SCA_MS(28, 14)[, 1:27], 14)",703,702,14,14,0,"ok"
"productCA(SCA_LCDST(21, 14)[, 1:20], productCA(SCA_LCDST(21, 14)[, 1:20], SCA_LCDST(21, 14)[, 1:20],     c1 = 14), 14)",794,8000,14,14,0,"ok"
"SCA_LCDST(24, 15)",337,24,15,15,0,"ok"
"SCA_LCDST(25, 15)",351,25,15,15,0,"ok"
"SCA_LCDST(26, 15)",365,26,15,15,0,"ok"
"SCA_LCDST(27, 15)",379,27,15,15,0,"ok"
"CS_CMMSSY(28, 15)",393,28,15,15,0,"ok"
"SCA_MS(29, 15)",407,29,15,15,0,"ok"
"SCA_MS(30, 15)",421,30,15,15,0,"ok"
"SCA_MS(31, 15)",435,31,15,15,0,"ok"
"productCA(SCA_LCDST(24, 15)[, 1:23], SCA_LCDST(24, 15)[, 1:23], 15)",659,529,15,15,0,"ok"
"productCA(SCA_LCDST(24, 15)[, 1:23], SCA_LCDST(25, 15)[, 1:24], 15)",673,552,15,15,0,"ok"
"productCA(SCA_LCDST(25, 15)[, 1:24], SCA_LCDST(25, 15)[, 1:24], 15)",687,576,15,15,0,"ok"
"productCA(SCA_LCDST(25, 15)[, 1:24], SCA_LCDST(26, 15)[, 1:25], 15)",701,600,15,15,0,"ok"
"productCA(SCA_LCDST(26, 15)[, 1:25], SCA_LCDST(26, 15)[, 1:25], 15)",715,625,15,15,0,"ok"
"productCA(SCA_LCDST(26, 15)[, 1:25], SCA_LCDST(27, 15)[, 1:26], 15)",729,650,15,15,0,"ok"
"productCA(SCA_LCDST(27, 15)[, 1:26], SCA_LCDST(27, 15)[, 1:26], 15)",743,676,15,15,0,"ok"
"productCA(SCA_LCDST(27, 15)[, 1:26], CS_CMMSSY(28, 15)[, 1:27], 15)",757,702,15,15,0,"ok"
"productCA(CS_CMMSSY(28, 15)[, 1:27], CS_CMMSSY(28, 15)[, 1:27], 15)",771,729,15,15,0,"ok"
"productCA(CS_CMMSSY(28, 15)[, 1:27], SCA_MS(29, 15)[, 1:28], 15)",785,756,15,15,0,"ok"
"SCA_LCDST(25, 16)",376,25,16,16,0,"ok"
"SCA_LCDST(27, 16)",406,27,16,16,0,"ok"
"SCA_LCDST(28, 16)",421,28,16,16,0,"ok"
"SCA_LCDST(29, 16)",436,29,16,16,0,"ok"
"SCA_MS(30, 16)",451,30,16,16,0,"ok"
"SCA_MS(31, 16)",466,31,16,16,0,"ok"
"SCA_MS(32, 16)",481,32,16,16,0,"ok"
"SCA_MS(33, 16)",496,33,16,16,0,"ok"
"SCA_Bose(16)",256,17,16,16,0,"ok"
"productCA(SCA_LCDST(25, 16)[, 1:24], SCA_LCDST(25, 16)[, 1:24], 16)",736,576,16,16,0,"ok"
"productCA(SCA_LCDST(25, 16)[, 1:24], SCA_LCDST(27, 16)[, 1:26], 16)",766,624,16,16,0,"ok"
"productCA(SCA_LCDST(25, 16)[, 1:24], SCA_LCDST(28, 16)[, 1:27], 16)",781,648,16,16,0,"ok"
"productCA(SCA_LCDST(27, 16)[, 1:26], SCA_LCDST(27, 16)[, 1:26], 16)",796,676,16,16,0,"ok"
"productCA(SCA_LCDST(27, 16)[, 1:26], SCA_LCDST(28, 16)[, 1:27], 16)",811,702,16,16,0,"ok"
"productCA(SCA_LCDST(28, 16)[, 1:27], SCA_LCDST(28, 16)[, 1:27], 16)",826,729,16,16,0,"ok"
"productCA(SCA_LCDST(28, 16)[, 1:27], SCA_LCDST(29, 16)[, 1:28], 16)",841,756,16,16,0,"ok"
"productCA(SCA_Bose(16)[, 1:16], productCA(SCA_LCDST(25, 16)[, 1:24], SCA_LCDST(25, 16)[, 1:24],     c1 = 16), 16)",976,9216,16,16,0,"ok"
"SCA_LCDST(31, 17)",497,31,17,17,0,"ok"
"CS_CMMSSY(32, 17)",513,32,17,17,0,"ok"
"SCA_MS(33, 17)",529,33,17,17,0,"ok"
"SCA_MS(34, 17)",545,34,17,17,0,"ok"
"SCA_Bose(17)",289,18,17,17,0,"ok"
"productCA(SCA_LCDST(31, 17)[, 1:30], SCA_LCDST(31, 17)[, 1:30], 17)",977,900,17,17,0,"ok"
"productCA(SCA_LCDST(31, 17)[, 1:30], CS_CMMSSY(32, 17)[, 1:31], 17)",993,930,17,17,0,"ok"
"productCA(CS_CMMSSY(32, 17)[, 1:31], CS_CMMSSY(32, 17)[, 1:31], 17)",1009,961,17,17,0,"ok"
"productCA(CS_CMMSSY(32, 17)[, 1:31], SCA_MS(33, 17)[, 1:32], 17)",1025,992,17,17,0,"ok"
"productCA(SCA_MS(33, 17)[, 1:32], SCA_MS(33, 17)[, 1:32], 17)",1041,1024,17,17,0,"ok"
"productCA(SCA_MS(33, 17)[, 1:32], SCA_MS(34, 17)[, 1:33], 17)",1057,1056,17,17,0,"ok"
"productCA(SCA_MS(34, 17)[, 1:33], SCA_MS(34, 17)[, 1:33], 17)",1073,1089,17,17,0,"ok"
"SCA_LCDST(32, 18)",545,32,18,18,0,"ok"
"SCA_LCDST(34, 18)",579,34,18,18,0,"ok"
"SCA_MS(35, 18)",596,35,18,18,0,"ok"
"SCA_MS(36, 18)",613,36,18,18,0,"ok"
"SCA_MS(37, 18)",630,37,18,18,0,"ok"
"productCA(SCA_LCDST(32, 18)[, 1:31], SCA_LCDST(32, 18)[, 1:31], 18)",1072,961,18,18,0,"ok"
"SCA_LCDST(36, 19)",649,36,19,19,0,"ok"
"SCA_Bose(19)",361,20,19,19,0,"ok"
"productCA(SCA_LCDST(36, 19)[, 1:35], SCA_LCDST(36, 19)[, 1:35], 19)",1279,1225,19,19,0,"ok"
"SCA_LCDST(38, 20)",723,38,20,20,0,"ok"
"SCA_LCDST(39, 20)",742,39,20,20,0,"ok"
"productCA(SCA_LCDST(38, 20)[, 1:37], SCA_LCDST(38, 20)[, 1:37], 20)",1426,1369,20,20,0,"ok"
"SCA_LCDST(42, 21)",841,42,21,21,0,"ok"
"productCA(SCA_LCDST(42, 21)[, 1:41], SCA_LCDST(42, 21)[, 1:41], 21)",1661,1681,21,21,0,"ok"
"SCA_LCDST(44, 22)",925,44,22,22,0,"ok"
"productCA(SCA_LCDST(44, 22)[, 1:43], SCA_LCDST(44, 22)[, 1:43], 22)",1828,1849,22,22,0,"ok"
"miscCA(2, 9, 3)",13,9,3,3,0,"ok"
"miscCA(2, 10, 3)",14,10,3,3,0,"ok"
"productPCA(SCA_LCDST(5, 3), SCA_LCDST(5, 3))",19,24,3,3,0,"ok"
"productPCA(SCA_LCDST(5, 3), miscCA(2, 9, 3))",21,40,3,3,0,"ok"
"productPCA(SCA_LCDST(5, 3), miscCA(2, 10, 3))",22,43,3,3,0,"ok"
"productPCA(miscCA(2, 9, 3), miscCA(2, 9, 3))",23,56,3,3,0,"ok"
"productPCA(SCA_Bose(3), productPCA(SCA_LCDST(5, 3), SCA_LCDST(5, 3)))",25,88,3,3,0,"ok"
"productPCA(SCA_Bose(3), productPCA(SCA_LCDST(5, 3), miscCA(2, 9, 3)))",27,136,3,3,0,"ok"
"productPCA(SCA_Bose(3), productPCA(SCA_LCDST(5, 3), miscCA(2, 10, 3)))",28,141,3,3,0,"ok"
"productPCA(SCA_Bose(3), productPCA(miscCA(2, 9, 3), miscCA(2, 9, 3)))",29,184,3,3,0,"ok"
"productPCA(SCA_Bose(3), productPCA(SCA_Bose(3), productPCA(SCA_LCDST(5, 3), SCA_LCDST(5,     3))))",31,312,3,3,0,"ok"
"productPCA(SCA_Bose(3), productPCA(SCA_Bose(3), productPCA(SCA_LCDST(5, 3), miscCA(2,     9, 3))))",33,456,3,3,0,"ok"
"productPCA(SCA_Bose(3), productPCA(SCA_Bose(3), productPCA(SCA_Bose(3), productPCA(SCA_LCDST(5,     3), SCA_LCDST(5, 3)))))",37,1080,3,3,0,"ok"
"productPCA(SCA_Bose(3), productPCA(SCA_Bose(3), productPCA(SCA_Bose(3), productPCA(SCA_LCDST(5,     3), miscCA(2, 9, 3)))))",39,1512,3,3,0,"ok"
"productPCA(SCA_LCDST(5, 3), productPCA(SCA_Bose(3), productPCA(SCA_Bose(3), productPCA(SCA_LCDST(5,     3), miscCA(2, 9, 3)))))",41,1968,3,3,0,"ok"
"productPCA(miscCA(2, 9, 3), productPCA(SCA_LCDST(5, 3), productPCA(SCA_Bose(3), productPCA(SCA_LCDST(5,     3), SCA_LCDST(5, 3)))))",43,2560,3,3,0,"ok"
"productPCA(SCA_LCDST(5, 3), productPCA(SCA_Bose(3), productPCA(SCA_LCDST(5, 3), SCA_LCDST(5,     3))))",33,400,3,3,0,"ok"
"productPCA(SCA_LCDST(5, 3), productPCA(SCA_LCDST(5, 3), productPCA(SCA_LCDST(5, 3), productPCA(SCA_LCDST(5,     3), SCA_LCDST(5, 3)))))",43,2304,3,3,0,"ok"
"productPCA(SCA_LCDST(5, 3), productPCA(SCA_LCDST(5, 3), productPCA(SCA_LCDST(5, 3), SCA_LCDST(5,     3))))",35,512,3,3,0,"ok"
"productPCA(SCA_LCDST(5, 3), productPCA(SCA_LCDST(5, 3), SCA_LCDST(5, 3)))",27,112,3,3,0,"ok"
"productPCA(SCA_LCDST(5, 3), productPCA(SCA_LCDST(5, 3), productPCA(SCA_LCDST(5, 3), productPCA(miscCA(2,     9, 3), miscCA(2, 9, 3)))))",47,4352,3,3,0,"ok"
"productPCA(SCA_LCDST(5, 3), productPCA(SCA_LCDST(5, 3), productPCA(miscCA(2, 9, 3), miscCA(2,     9, 3))))",39,1024,3,3,0,"ok"
"productPCA(SCA_LCDST(5, 3), productPCA(miscCA(2, 9, 3), miscCA(2, 9, 3)))",31,240,3,3,0,"ok"
"miscCA(2, 15, 4)",26,15,4,4,0,"ok"
"productPCA(SCA_LCDST(6, 4), SCA_LCDST(6, 4))",34,35,4,4,0,"ok"
"productPCA(miscCA(2, 7, 4), miscCA(2, 7, 4))",38,48,4,4,0,"ok"
"productPCA(SCA_LCDST(6, 4), miscCA(2, 7, 4))",36,41,4,4,0,"ok"
"productPCA(miscCA(2, 7, 4), miscCA(2, 8, 4))",40,54,4,4,0,"ok"
"productPCA(SCA_LCDST(6, 4), miscCA(2, 15, 4))",41,86,4,4,0,"ok"
"productPCA(miscCA(2, 7, 4), miscCA(2, 15, 4))",43,101,4,4,0,"ok"
"productPCA(miscCA(2, 8, 4), miscCA(2, 15, 4))",45,112,4,4,0,"ok"
"productPCA(SCA_Bose(4), productPCA(SCA_LCDST(6, 4), SCA_LCDST(6, 4)))",46,165,4,4,0,"ok"
"productPCA(miscCA(2, 15, 4), miscCA(2, 15, 4))",48,209,4,4,0,"ok"
"productPCA(SCA_Bose(4), productPCA(miscCA(2, 7, 4), miscCA(2, 7, 4)))",50,228,4,4,0,"ok"
"productPCA(SCA_Bose(4), productPCA(SCA_LCDST(6, 4), miscCA(2, 15, 4)))",53,399,4,4,0,"ok"
"productPCA(SCA_Bose(4), productPCA(miscCA(2, 7, 4), miscCA(2, 15, 4)))",55,470,4,4,0,"ok"
"productPCA(SCA_Bose(4), productPCA(miscCA(2, 8, 4), miscCA(2, 15, 4)))",57,514,4,4,0,"ok"
"productPCA(SCA_Bose(4), productPCA(SCA_Bose(4), productPCA(SCA_LCDST(6, 4), SCA_LCDST(6,     4))))",58,760,4,4,0,"ok"
"productPCA(SCA_Bose(4), productPCA(miscCA(2, 15, 4), miscCA(2, 15, 4)))",60,957,4,4,0,"ok"
"productPCA(SCA_Bose(4), productPCA(SCA_Bose(4), productPCA(miscCA(2, 7, 4), miscCA(2,     7, 4))))",62,1056,4,4,0,"ok"
"productPCA(SCA_Bose(4), productPCA(SCA_Bose(4), productPCA(SCA_LCDST(6, 4), miscCA(2,     15, 4))))",65,1816,4,4,0,"ok"
"productPCA(SCA_Bose(4), productPCA(SCA_Bose(4), productPCA(miscCA(2, 7, 4), miscCA(2,     15, 4))))",67,2144,4,4,0,"ok"
"productPCA(SCA_Bose(4), productPCA(SCA_Bose(4), productPCA(miscCA(2, 8, 4), miscCA(2,     15, 4))))",69,2320,4,4,0,"ok"
"productPCA(SCA_Bose(4), productPCA(SCA_Bose(4), productPCA(SCA_Bose(4), productPCA(SCA_LCDST(6,     4), SCA_LCDST(6, 4)))))",70,3440,4,4,0,"ok"
"productPCA(SCA_Bose(4), productPCA(SCA_Bose(4), productPCA(miscCA(2, 15, 4), miscCA(2,     15, 4))))",72,4312,4,4,0,"ok"
"productPCA(SCA_Bose(4), productPCA(SCA_Bose(4), productPCA(SCA_Bose(4), productPCA(miscCA(2,     7, 4), miscCA(2, 7, 4)))))",74,4800,4,4,0,"ok"
"CS_CMMSSY(8, 5)",33,8,5,5,0,"ok"
"productPCA(CS_CMMSSY(6, 5), CS_CMMSSY(6, 5))",45,35,5,5,0,"ok"
"productPCA(CS_CMMSSY(6, 5), CS_CMMSSY(7, 5))",49,41,5,5,0,"ok"
"productPCA(CS_CMMSSY(7, 5), CS_CMMSSY(7, 5))",53,48,5,5,0,"ok"
"productPCA(CS_CMMSSY(6, 5), miscCA(2, 9, 5))",55,53,5,5,0,"ok"
"productPCA(CS_CMMSSY(7, 5), miscCA(2, 9, 5))",59,62,5,5,0,"ok"
"productPCA(CS_CMMSSY(7, 5), CS_CMMSSY(8, 5))",57,55,5,5,0,"ok"
"productPCA(CS_CMMSSY(6, 5), productPCA(CS_CMMSSY(6, 5), CS_CMMSSY(6, 5)))",65,200,5,5,0,"ok"
"productPCA(CS_CMMSSY(6, 5), productPCA(CS_CMMSSY(6, 5), CS_CMMSSY(7, 5)))",69,235,5,5,0,"ok"
"productPCA(CS_CMMSSY(6, 5), productPCA(CS_CMMSSY(7, 5), CS_CMMSSY(7, 5)))",73,276,5,5,0,"ok"
"productPCA(CS_CMMSSY(6, 5), productPCA(CS_CMMSSY(6, 5), miscCA(2, 9, 5)))",75,305,5,5,0,"ok"
"productPCA(CS_CMMSSY(7, 5), productPCA(CS_CMMSSY(7, 5), CS_CMMSSY(7, 5)))",77,324,5,5,0,"ok"
"productPCA(CS_CMMSSY(6, 5), productPCA(CS_CMMSSY(7, 5), miscCA(2, 9, 5)))",79,358,5,5,0,"ok"
"productPCA(CS_CMMSSY(7, 5), productPCA(CS_CMMSSY(7, 5), miscCA(2, 9, 5)))",83,420,5,5,0,"ok"
"productPCA(CS_CMMSSY(6, 5), productPCA(CS_CMMSSY(6, 5), productPCA(CS_CMMSSY(6, 5), CS_CMMSSY(6,     5))))",85,1125,5,5,0,"ok"
"productPCA(CS_CMMSSY(6, 5), productPCA(CS_CMMSSY(6, 5), productPCA(CS_CMMSSY(6, 5), CS_CMMSSY(7,     5))))",89,1325,5,5,0,"ok"
"productPCA(CS_CMMSSY(6, 5), productPCA(CS_CMMSSY(6, 5), productPCA(CS_CMMSSY(7, 5), CS_CMMSSY(7,     5))))",93,1560,5,5,0,"ok"
"productPCA(CS_CMMSSY(6, 5), productPCA(CS_CMMSSY(6, 5), productPCA(CS_CMMSSY(6, 5), miscCA(2,     9, 5))))",95,1725,5,5,0,"ok"
"productPCA(CS_CMMSSY(6, 5), productPCA(CS_CMMSSY(7, 5), productPCA(CS_CMMSSY(7, 5), CS_CMMSSY(7,     5))))",97,1836,5,5,0,"ok"
"productPCA(CS_CMMSSY(6, 5), productPCA(CS_CMMSSY(6, 5), productPCA(CS_CMMSSY(7, 5), miscCA(2,     9, 5))))",99,2030,5,5,0,"ok"
"productPCA(CS_CMMSSY(7, 5), productPCA(CS_CMMSSY(7, 5), productPCA(CS_CMMSSY(7, 5), CS_CMMSSY(7,     5))))",101,2160,5,5,0,"ok"
"productPCA(CS_CMMSSY(6, 5), productPCA(CS_CMMSSY(7, 5), productPCA(CS_CMMSSY(7, 5), miscCA(2,     9, 5))))",103,2388,5,5,0,"ok"
"productPCA(CS_CMMSSY(6, 5), productPCA(CS_CMMSSY(6, 5), productPCA(CS_CMMSSY(6, 5), productPCA(CS_CMMSSY(6,     5), CS_CMMSSY(6, 5)))))",105,6250,5,5,0,"ok"
"CA_to_PCA(miscCA(2, 3, 6))",36,3,6,6,0,"ok"
"productPCA(miscCA(2, 5, 6), miscCA(2, 6, 6))",74,30,6,6,0,"ok"
"productPCA(miscCA(2, 6, 6), miscCA(2, 6, 6))",76,36,6,6,0,"ok"
"productPCA(miscCA(2, 6, 6), CS_CMMSSY(9, 6))",81,54,6,6,0,"ok"
"productPCA(CS_CMMSSY(9, 6), CS_CMMSSY(9, 6))",86,80,6,6,0,"ok"
"productPCA(CS_CMMSSY(9, 6), CS_CMMSSY(10, 6))",91,89,6,6,0,"ok"
"productPCA(CS_CMMSSY(10, 6), CS_CMMSSY(10, 6))",96,99,6,6,0,"ok"
"productPCA(miscCA(2, 6, 6), productPCA(miscCA(2, 6, 6), miscCA(2, 6, 6)))",111,216,6,6,0,"ok"
"productPCA(miscCA(2, 6, 6), productPCA(miscCA(2, 6, 6), CS_CMMSSY(9, 6)))",116,324,6,6,0,"ok"
"productPCA(miscCA(2, 6, 6), productPCA(CS_CMMSSY(9, 6), CS_CMMSSY(9, 6)))",121,480,6,6,0,"ok"
"productPCA(CS_CMMSSY(9, 6), productPCA(CS_CMMSSY(9, 6), CS_CMMSSY(9, 6)))",126,704,6,6,0,"ok"
"productPCA(CS_CMMSSY(9, 6), productPCA(CS_CMMSSY(9, 6), CS_CMMSSY(10, 6)))",131,784,6,6,0,"ok"
"productPCA(CS_CMMSSY(9, 6), productPCA(CS_CMMSSY(10, 6), CS_CMMSSY(10, 6)))",136,873,6,6,0,"ok"
"productPCA(CS_CMMSSY(10, 6), productPCA(CS_CMMSSY(10, 6), CS_CMMSSY(10, 6)))",141,972,6,6,0,"ok"
"productPCA(miscCA(2, 6, 6), productPCA(miscCA(2, 6, 6), productPCA(miscCA(2, 6, 6), CS_CMMSSY(9,     6))))",151,1944,6,6,0,"ok"
"productPCA(miscCA(2, 6, 6), productPCA(miscCA(2, 6, 6), productPCA(CS_CMMSSY(9, 6), CS_CMMSSY(9,     6))))",156,2880,6,6,0,"ok"
"productPCA(miscCA(2, 6, 6), productPCA(CS_CMMSSY(9, 6), productPCA(CS_CMMSSY(9, 6), CS_CMMSSY(9,     6))))",161,4224,6,6,0,"ok"
"productPCA(CS_CMMSSY(8, 7), CS_CMMSSY(8, 7))",91,63,7,7,0,"ok"
"productPCA(CS_CMMSSY(8, 7), CS_CMMSSY(10, 7))",103,79,7,7,0,"ok"
"productPCA(CS_CMMSSY(8, 7), CS_CMMSSY(11, 7))",109,87,7,7,0,"ok"
"productPCA(CS_CMMSSY(10, 7), CS_CMMSSY(10, 7))",115,99,7,7,0,"ok"
"productPCA(CS_CMMSSY(10, 7), CS_CMMSSY(11, 7))",121,109,7,7,0,"ok"
"productPCA(CS_CMMSSY(8, 7), productPCA(CS_CMMSSY(8, 7), CS_CMMSSY(8, 7)))",133,490,7,7,0,"ok"
"productPCA(CS_CMMSSY(8, 7), productPCA(CS_CMMSSY(8, 7), CS_CMMSSY(10, 7)))",145,616,7,7,0,"ok"
"productPCA(CS_CMMSSY(8, 7), productPCA(CS_CMMSSY(8, 7), CS_CMMSSY(11, 7)))",151,679,7,7,0,"ok"
"productPCA(CS_CMMSSY(8, 7), productPCA(CS_CMMSSY(10, 7), CS_CMMSSY(10, 7)))",157,774,7,7,0,"ok"
"productPCA(CS_CMMSSY(8, 7), productPCA(CS_CMMSSY(10, 7), CS_CMMSSY(11, 7)))",163,853,7,7,0,"ok"
"productPCA(CS_CMMSSY(10, 7), productPCA(CS_CMMSSY(10, 7), CS_CMMSSY(10, 7)))",169,972,7,7,0,"ok"
"productPCA(CS_CMMSSY(8, 7), productPCA(CS_CMMSSY(8, 7), productPCA(CS_CMMSSY(8, 7), CS_CMMSSY(8,     7))))",175,3773,7,7,0,"ok"
"productPCA(SCA_LCDST(11, 8), SCA_LCDST(11, 8))",148,120,8,8,0,"ok"
"productPCA(SCA_LCDST(11, 8), CS_CMMSSY(12, 8))",155,131,8,8,0,"ok"
"productPCA(CS_CMMSSY(12, 8), CS_CMMSSY(12, 8))",162,143,8,8,0,"ok"
"productPCA(CS_CMMSSY(12, 8), CS_CMMSSY(13, 8))",169,155,8,8,0,"ok"
"productPCA(CS_CMMSSY(13, 8), CS_CMMSSY(13, 8))",176,168,8,8,0,"ok"
"productPCA(SCA_Bose(8), productPCA(SCA_LCDST(11, 8), SCA_LCDST(11, 8)))",204,1060,8,8,0,"ok"
"productPCA(SCA_Bose(8), productPCA(SCA_LCDST(11, 8), CS_CMMSSY(12, 8)))",211,1158,8,8,0,"ok"
"productPCA(SCA_LCDST(11, 8), productPCA(SCA_LCDST(11, 8), SCA_LCDST(11, 8)))",218,1300,8,8,0,"ok"
"productPCA(SCA_LCDST(11, 8), productPCA(SCA_LCDST(11, 8), CS_CMMSSY(12, 8)))",225,1420,8,8,0,"ok"
"productPCA(SCA_LCDST(11, 8), productPCA(CS_CMMSSY(12, 8), CS_CMMSSY(12, 8)))",232,1551,8,8,0,"ok"
"productPCA(CS_CMMSSY(12, 8), productPCA(CS_CMMSSY(12, 8), CS_CMMSSY(12, 8)))",239,1694,8,8,0,"ok"
"productPCA(SCA_Bose(8), productPCA(SCA_Bose(8), productPCA(SCA_LCDST(11, 8), SCA_LCDST(11,     8))))",260,9280,8,8,0,"ok"
"productPCA(CS_CMMSSY(13, 9), CS_CMMSSY(13, 9))",201,168,9,9,0,"ok"
"productPCA(CS_CMMSSY(13, 9), CS_CMMSSY(14, 9))",209,181,9,9,0,"ok"
"productPCA(CS_CMMSSY(14, 9), CS_CMMSSY(14, 9))",217,195,9,9,0,"ok"
"productPCA(CS_CMMSSY(14, 9), CS_CMMSSY(15, 9))",225,209,9,9,0,"ok"
"productPCA(CS_CMMSSY(15, 9), CS_CMMSSY(15, 9))",233,224,9,9,0,"ok"
"productPCA(SCA_Bose(9), productPCA(CS_CMMSSY(13, 9), CS_CMMSSY(13, 9)))",273,1656,9,9,0,"ok"
"productPCA(SCA_Bose(9), productPCA(CS_CMMSSY(13, 9), CS_CMMSSY(14, 9)))",281,1785,9,9,0,"ok"
"productPCA(SCA_Bose(9), productPCA(CS_CMMSSY(14, 9), CS_CMMSSY(14, 9)))",289,1924,9,9,0,"ok"
"CA_to_PCA(miscCA(2, 4, 10), TRUE)",100,4,10,10,0,"ok"
"productPCA(SCA_LCDST(15, 10), SCA_LCDST(15, 10))",262,224,10,10,0,"ok"
"productPCA(SCA_LCDST(15, 10), CS_CMMSSY(16, 10))",271,239,10,10,0,"ok"
"productPCA(CS_CMMSSY(16, 10), CS_CMMSSY(16, 10))",280,255,10,10,0,"ok"
"productPCA(CS_CMMSSY(16, 10), SCA_MS(17, 10))",289,271,10,10,0,"ok"
"productPCA(SCA_MS(17, 10), SCA_MS(17, 10))",298,288,10,10,0,"ok"
"productPCA(SCA_MS(17, 10), SCA_MS(18, 10))",307,305,10,10,0,"ok"
"productPCA(SCA_MS(18, 10), SCA_MS(18, 10))",316,323,10,10,0,"ok"
"productPCA(SCA_LCDST(15, 10), productPCA(SCA_LCDST(15, 10), SCA_LCDST(15, 10)))",388,3332,10,10,0,"ok"
"productPCA(SCA_LCDST(15, 10), productPCA(SCA_LCDST(15, 10), CS_CMMSSY(16, 10)))",397,3556,10,10,0,"ok"
"productPCA(SCA_LCDST(15, 10), productPCA(CS_CMMSSY(16, 10), CS_CMMSSY(16, 10)))",406,3795,10,10,0,"ok"
"productPCA(CS_CMMSSY(16, 10), productPCA(CS_CMMSSY(16, 10), CS_CMMSSY(16, 10)))",415,4050,10,10,0,"ok"
"productPCA(SCA_LCDST(16, 11), SCA_LCDST(16, 11))",311,255,11,11,0,"ok"
"productPCA(SCA_LCDST(16, 11), SCA_LCDST(17, 11))",321,271,11,11,0,"ok"
"productPCA(SCA_LCDST(17, 11), SCA_LCDST(17, 11))",331,288,11,11,0,"ok"
"productPCA(SCA_LCDST(17, 11), SCA_MS(18, 11))",341,305,11,11,0,"ok"
"productPCA(SCA_MS(18, 11), SCA_MS(18, 11))",351,323,11,11,0,"ok"
"productPCA(SCA_Bose(11), productPCA(SCA_LCDST(16, 11), SCA_LCDST(16, 11)))",421,3030,11,11,0,"ok"
"CA_to_PCA(miscCA(2, 7, 12))",144,7,12,12,0,"ok"
"productPCA(CA_to_PCA(miscCA(2, 7, 12)), SCA_LCDST(18, 12))",331,125,12,12,0,"ok"
"productPCA(CA_to_PCA(miscCA(2, 7, 12)), SCA_LCDST(19, 12))",342,132,12,12,0,"ok"
"productPCA(CA_to_PCA(miscCA(2, 7, 12)), CS_CMMSSY(20, 12))",353,139,12,12,0,"ok"
"productPCA(CA_to_PCA(miscCA(2, 7, 12)), SCA_MS(21, 12))",364,146,12,12,0,"ok"
"productPCA(CA_to_PCA(miscCA(2, 7, 12)), SCA_MS(22, 12))",375,153,12,12,0,"ok"
"productPCA(SCA_LCDST(18, 12), SCA_LCDST(18, 12))",386,323,12,12,0,"ok"
"productPCA(SCA_LCDST(18, 12), SCA_LCDST(19, 12))",397,341,12,12,0,"ok"
"productPCA(SCA_LCDST(19, 12), SCA_LCDST(19, 12))",408,360,12,12,0,"ok"
"productPCA(SCA_LCDST(19, 12), CS_CMMSSY(20, 12))",419,379,12,12,0,"ok"
"productPCA(CS_CMMSSY(20, 12), CS_CMMSSY(20, 12))",430,399,12,12,0,"ok"
"productPCA(CA_to_PCA(miscCA(2, 7, 12)), productPCA(SCA_LCDST(18, 12), SCA_LCDST(18, 12)))",518,2227,12,12,0,"ok"
"productPCA(CA_to_PCA(miscCA(2, 7, 12)), productPCA(SCA_LCDST(18, 12), SCA_LCDST(19, 12)))",529,2352,12,12,0,"ok"
"productPCA(CA_to_PCA(miscCA(2, 7, 12)), productPCA(SCA_LCDST(19, 12), SCA_LCDST(19, 12)))",540,2484,12,12,0,"ok"
"productPCA(CA_to_PCA(miscCA(2, 7, 12)), productPCA(SCA_LCDST(19, 12), CS_CMMSSY(20, 12)))",551,2616,12,12,0,"ok"
"productPCA(CA_to_PCA(miscCA(2, 7, 12)), productPCA(CS_CMMSSY(20, 12), CS_CMMSSY(20, 12)))",562,2755,12,12,0,"ok"
"productPCA(SCA_LCDST(18, 12), productPCA(SCA_LCDST(18, 12), SCA_LCDST(18, 12)))",573,5780,12,12,0,"ok"
"productPCA(CS_CMMSSY(18, 13), CS_CMMSSY(18, 13))",421,323,13,13,0,"ok"
"productPCA(CS_CMMSSY(18, 13), SCA_LCDST(19, 13))",433,341,13,13,0,"ok"
"productPCA(SCA_LCDST(19, 13), SCA_LCDST(19, 13))",445,360,13,13,0,"ok"
"productPCA(SCA_LCDST(19, 13), SCA_LCDST(20, 13))",457,379,13,13,0,"ok"
"productPCA(SCA_LCDST(20, 13), SCA_LCDST(20, 13))",469,399,13,13,0,"ok"
"productPCA(SCA_LCDST(20, 13), SCA_LCDST(21, 13))",481,419,13,13,0,"ok"
"productPCA(SCA_LCDST(21, 13), SCA_LCDST(21, 13))",493,440,13,13,0,"ok"
"productPCA(SCA_Bose(13), productPCA(CS_CMMSSY(18, 13), CS_CMMSSY(18, 13)))",577,4488,13,13,0,"ok"
"productPCA(SCA_LCDST(21, 14), SCA_LCDST(21, 14))",534,440,14,14,0,"ok"
"productPCA(SCA_LCDST(21, 14), SCA_LCDST(22, 14))",547,461,14,14,0,"ok"
"productPCA(SCA_LCDST(22, 14), SCA_LCDST(22, 14))",560,483,14,14,0,"ok"
"productPCA(SCA_LCDST(22, 14), SCA_LCDST(23, 14))",573,505,14,14,0,"ok"
"productPCA(SCA_LCDST(23, 14), SCA_LCDST(23, 14))",586,528,14,14,0,"ok"
"productPCA(SCA_LCDST(23, 14), SCA_MS(24, 14))",599,551,14,14,0,"ok"
"productPCA(SCA_MS(24, 14), SCA_MS(24, 14))",612,575,14,14,0,"ok"
"productPCA(SCA_MS(24, 14), SCA_LCDST(25, 14))",625,599,14,14,0,"ok"
"productPCA(SCA_LCDST(25, 14), SCA_LCDST(25, 14))",638,624,14,14,0,"ok"
"productPCA(SCA_LCDST(25, 14), SCA_MS(26, 14))",651,649,14,14,0,"ok"
"productPCA(SCA_MS(26, 14), SCA_MS(26, 14))",664,675,14,14,0,"ok"
"productPCA(SCA_MS(26, 14), SCA_MS(27, 14))",677,701,14,14,0,"ok"
"productPCA(SCA_MS(27, 14), SCA_MS(27, 14))",690,728,14,14,0,"ok"
"productPCA(SCA_MS(27, 14), SCA_MS(28, 14))",703,755,14,14,0,"ok"
"productPCA(SCA_LCDST(24, 15), SCA_LCDST(24, 15))",659,575,15,15,0,"ok"
"productPCA(SCA_LCDST(24, 15), SCA_LCDST(25, 15))",673,599,15,15,0,"ok"
"productPCA(SCA_LCDST(25, 15), SCA_LCDST(25, 15))",687,624,15,15,0,"ok"
"productPCA(SCA_LCDST(25, 15), SCA_LCDST(26, 15))",701,649,15,15,0,"ok"
"productPCA(SCA_LCDST(26, 15), SCA_LCDST(26, 15))",715,675,15,15,0,"ok"
"productPCA(SCA_LCDST(26, 15), SCA_LCDST(27, 15))",729,701,15,15,0,"ok"
"productPCA(SCA_LCDST(27, 15), SCA_LCDST(27, 15))",743,728,15,15,0,"ok"
"productPCA(SCA_LCDST(27, 15), CS_CMMSSY(28, 15))",757,755,15,15,0,"ok"
"productPCA(SCA_LCDST(25, 16), SCA_LCDST(25, 16))",736,624,16,16,0,"ok"
"productPCA(SCA_LCDST(25, 16), SCA_LCDST(27, 16))",766,674,16,16,0,"ok"
"productPCA(SCA_LCDST(25, 16), SCA_LCDST(28, 16))",781,699,16,16,0,"ok"
"productPCA(SCA_LCDST(27, 16), SCA_LCDST(27, 16))",796,728,16,16,0,"ok"
"productPCA(SCA_LCDST(27, 16), SCA_LCDST(28, 16))",811,755,16,16,0,"ok"
"productPCA(SCA_LCDST(28, 16), SCA_LCDST(28, 16))",826,783,16,16,0,"ok"
"productPCA(SCA_LCDST(28, 16), SCA_LCDST(29, 16))",841,811,16,16,0,"ok"
"productPCA(SCA_LCDST(31, 17), SCA_LCDST(31, 17))",977,960,17,17,0,"ok"
"productPCA(SCA_LCDST(31, 17), CS_CMMSSY(32, 17))",993,991,17,17,0,"ok"
"productPCA(CS_CMMSSY(32, 17), CS_CMMSSY(32, 17))",1009,1023,17,17,0,"ok"
"productPCA(CS_CMMSSY(32, 17), SCA_MS(33, 17))",1025,1055,17,17,0,"ok"
"productPCA(SCA_MS(33, 17), SCA_MS(33, 17))",1041,1088,17,17,0,"ok"
"productPCA(SCA_MS(33, 17), SCA_MS(34, 17))",1057,1121,17,17,0,"ok"
"productPCA(SCA_LCDST(32, 18), SCA_LCDST(32, 18))",1072,1023,18,18,0,"ok"
"productPCA(SCA_LCDST(36, 19), SCA_LCDST(36, 19))",1279,1295,19,19,0,"ok"
"productPCA(SCA_LCDST(38, 20), SCA_LCDST(38, 20))",1426,1443,20,20,0,"ok"
"productPCA(SCA_LCDST(42, 21), SCA_LCDST(42, 21))",1661,1763,21,21,0,"ok"
"productPCA(SCA_LCDST(44, 22), SCA_LCDST(44, 22))",1828,1935,22,22,0,"ok"
"paley_mat(11)",11,11,2,2,0,"ok"
"paley_mat(17)",17,17,2,2,0,"ok"
"paley_mat(29)",29,29,2,2,0,"ok"
"paley_mat(31)",31,31,2,2,0,"ok"
"paley_mat(37)",37,37,2,2,0,"ok"
"paley_mat(41)",41,41,2,2,0,"ok"
"paley_mat(43)",43,43,2,2,0,"ok"
"paley_mat(47)",47,47,2,2,0,"ok"
"paley_mat(53)",53,53,2,2,0,"ok"
"paley_mat(59)",59,59,2,2,0,"ok"
"paley_mat(61)",61,61,2,2,0,"ok"
"paley_mat(73)",73,73,2,2,0,"ok"
"paley_mat(19)",19,19,2,2,0,"ok"
"paley_mat(23)",23,23,2,2,0,"ok"
"paley_mat(89)",89,89,2,2,0,"ok"
"paley_mat(97)",97,97,2,2,0,"ok"
"paley_mat(101)",101,101,2,2,0,"ok"
"paley_mat(103)",103,103,2,2,0,"ok"
"paley_mat(107)",107,107,2,2,0,"ok"
"paley_mat(109)",109,109,2,2,0,"ok"
"paley_mat(113)",113,113,2,2,0,"ok"
"paley_mat(127)",127,127,2,2,0,"ok"
"paley_mat(131)",131,131,2,2,0,"ok"
"paley_mat(137)",137,137,2,2,0,"ok"
"paley_mat(139)",139,139,2,2,0,"ok"
"paley_mat(149)",149,149,2,2,0,"ok"
"paley_mat(151)",151,151,2,2,0,"ok"
"paley_mat(157)",157,157,2,2,0,"ok"
"paley_mat(163)",163,163,2,2,0,"ok"
"paley_mat(167)",167,167,2,2,0,"ok"
"paley_mat(173)",173,173,2,2,0,"ok"
"paley_mat(179)",179,179,2,2,0,"ok"
"paley_mat(181)",181,181,2,2,0,"ok"
"paley_mat(191)",191,191,2,2,0,"ok"
"paley_mat(193)",193,193,2,2,0,"ok"
"paley_mat(197)",197,197,2,2,0,"ok"
"paley_mat(199)",199,199,2,2,0,"ok"
"paley_mat(211)",211,211,2,2,0,"ok"
"paley_mat(223)",223,223,2,2,0,"ok"
"paley_mat(227)",227,227,2,2,0,"ok"
"paley_mat(229)",229,229,2,2,0,"ok"
"paley_mat(233)",233,233,2,2,0,"ok"
"paley_mat(239)",239,239,2,2,0,"ok"
"paley_mat(241)",241,241,2,2,0,"ok"
"paley_mat(251)",251,251,2,2,0,"ok"
"paley_mat(257)",257,257,2,2,0,"ok"
"paley_mat(263)",263,263,2,2,0,"ok"
"paley_mat(269)",269,269,2,2,0,"ok"
"paley_mat(271)",271,271,2,2,0,"ok"
"paley_mat(277)",277,277,2,2,0,"ok"
"paley_mat(281)",281,281,2,2,0,"ok"
"paley_mat(283)",283,283,2,2,0,"ok"
"paley_mat(293)",293,293,2,2,0,"ok"
"paley_mat(307)",307,307,2,2,0,"ok"
"paley_mat(311)",311,311,2,2,0,"ok"
"paley_mat(313)",313,313,2,2,0,"ok"
"paley_mat(317)",317,317,2,2,0,"ok"
"paley_mat(331)",331,331,2,2,0,"ok"
"paley_mat(337)",337,337,2,2,0,"ok"
"paley_mat(347)",347,347,2,2,0,"ok"
"paley_mat(349)",349,349,2,2,0,"ok"
"paley_mat(353)",353,353,2,2,0,"ok"
"paley_mat(367)",367,367,2,2,0,"ok"
"paley_mat(373)",373,373,2,2,0,"ok"
"paley_mat(383)",383,383,2,2,0,"ok"
"paley_mat(389)",389,389,2,2,0,"ok"
"paley_mat(397)",397,397,2,2,0,"ok"
"paley_mat(401)",401,401,2,2,0,"ok"
"paley_mat(409)",409,409,2,2,0,"ok"
"paley_mat(419)",419,419,2,2,0,"ok"
"paley_mat(421)",421,421,2,2,0,"ok"
"paley_mat(439)",439,439,2,2,0,"ok"
"paley_mat(443)",443,443,2,2,0,"ok"
"paley_mat(449)",449,449,2,2,0,"ok"
"paley_mat(457)",457,457,2,2,0,"ok"
"paley_mat(461)",461,461,2,2,0,"ok"
"paley_mat(479)",479,479,2,2,0,"ok"
"paley_mat(67)",67,67,2,2,0,"ok"
"paley_mat(71)",71,71,2,2,0,"ok"
"paley_mat(79)",79,79,2,2,0,"ok"
"paley_mat(83)",83,83,2,2,0,"ok"
"paley_mat(379)",379,379,2,2,0,"ok"
"paley_mat(431)",431,431,2,2,0,"ok"
"paley_mat(433)",433,433,2,2,0,"ok"
"paley_mat(463)",463,463,2,2,0,"ok"
"paley_mat(467)",467,467,2,2,0,"ok"
"paley_mat(487)",487,487,2,2,0,"ok"
"paley_mat(491)",491,491,2,2,0,"ok"
"paley_mat(499)",499,499,2,2,0,"ok"
"paley_mat(359)",359,359,2,2,0,"ok"
"CS_CK3(68, cycvec(2, 67))",136,68,2,2,0,"ok"
"cycvec(2, 67)",67,1,2,2,0,"ok"
"CS_CK3(72, cycvec(2, 71))",144,72,2,2,0,"ok"
"cycvec(2, 71)",71,1,2,2,0,"ok"
"CS_CK3(80, cycvec(2, 79))",160,80,2,2,0,"ok"
"cycvec(2, 79)",79,1,2,2,0,"ok"
"CS_CK3(84, cycvec(2, 83))",168,84,2,2,0,"ok"
"cycvec(2, 83)",83,1,2,2,0,"ok"
"CS_CK2(90, cycvec(2, 89))",178,90,2,2,0,"ok"
"cycvec(2, 89)",89,1,2,2,0,"ok"
"CS_CK2(98, cycvec(2, 97))",194,98,2,2,0,"ok"
"cycvec(2, 97)",97,1,2,2,0,"ok"
"CS_CK2(102, cycvec(2, 101))",202,102,2,2,0,"ok"
"cycvec(2, 101)",101,1,2,2,0,"ok"
"CS_CK1(103, cycvec(2, 103))",206,103,2,2,0,"ok"
"cycvec(2, 103)",103,1,2,2,0,"ok"
"CS_CK2(108, cycvec(2, 107))",214,108,2,2,0,"ok"
"cycvec(2, 107)",107,1,2,2,0,"ok"
"CS_CK2(110, cycvec(2, 109))",218,110,2,2,0,"ok"
"cycvec(2, 109)",109,1,2,2,0,"ok"
"CS_CK2(114, cycvec(2, 113))",226,114,2,2,0,"ok"
"cycvec(2, 113)",113,1,2,2,0,"ok"
"CS_CK2(128, cycvec(2, 127))",254,128,2,2,0,"ok"
"cycvec(2, 127)",127,1,2,2,0,"ok"
"CS_CK2(132, cycvec(2, 131))",262,132,2,2,0,"ok"
"cycvec(2, 131)",131,1,2,2,0,"ok"
"CS_CK2(138, cycvec(2, 137))",274,138,2,2,0,"ok"
"cycvec(2, 137)",137,1,2,2,0,"ok"
"CS_CK2(140, cycvec(2, 139))",278,140,2,2,0,"ok"
"cycvec(2, 139)",139,1,2,2,0,"ok"
"CS_CK2(150, cycvec(2, 149))",298,150,2,2,0,"ok"
"cycvec(2, 149)",149,1,2,2,0,"ok"
"CS_CK2(152, cycvec(2, 151))",302,152,2,2,0,"ok"
"cycvec(2, 151)",151,1,2,2,0,"ok"
"CS_CK2(158, cycvec(2, 157))",314,158,2,2,0,"ok"
"cycvec(2, 157)",157,1,2,2,0,"ok"
"CS_CK2(164, cycvec(2, 163))",326,164,2,2,0,"ok"
"cycvec(2, 163)",163,1,2,2,0,"ok"
"CS_CK2(168, cycvec(2, 167))",334,168,2,2,0,"ok"
"cycvec(2, 167)",167,1,2,2,0,"ok"
"CS_CK2(174, cycvec(2, 173))",346,174,2,2,0,"ok"
"cycvec(2, 173)",173,1,2,2,0,"ok"
"CS_CK2(180, cycvec(2, 179))",358,180,2,2,0,"ok"
"cycvec(2, 179)",179,1,2,2,0,"ok"
"CS_CK2(182, cycvec(2, 181))",362,182,2,2,0,"ok"
"cycvec(2, 181)",181,1,2,2,0,"ok"
"CS_CK2(192, cycvec(2, 191))",382,192,2,2,0,"ok"
"cycvec(2, 191)",191,1,2,2,0,"ok"
"CS_CK2(194, cycvec(2, 193))",386,194,2,2,0,"ok"
"cycvec(2, 193)",193,1,2,2,0,"ok"
"CS_CK2(198, cycvec(2, 197))",394,198,2,2,0,"ok"
"cycvec(2, 197)",197,1,2,2,0,"ok"
"CS_CK2(200, cycvec(2, 199))",398,200,2,2,0,"ok"
"cycvec(2, 199)",199,1,2,2,0,"ok"
"CS_CK2(212, cycvec(2, 211))",422,212,2,2,0,"ok"
"cycvec(2, 211)",211,1,2,2,0,"ok"
"CS_CK2(224, cycvec(2, 223))",446,224,2,2,0,"ok"
"cycvec(2, 223)",223,1,2,2,0,"ok"
"CS_CK2(228, cycvec(2, 227))",454,228,2,2,0,"ok"
"cycvec(2, 227)",227,1,2,2,0,"ok"
"CS_CK2(230, cycvec(2, 229))",458,230,2,2,0,"ok"
"cycvec(2, 229)",229,1,2,2,0,"ok"
"CS_CK2(234, cycvec(2, 233))",466,234,2,2,0,"ok"
"cycvec(2, 233)",233,1,2,2,0,"ok"
"CS_CK2(240, cycvec(2, 239))",478,240,2,2,0,"ok"
"cycvec(2, 239)",239,1,2,2,0,"ok"
"CS_CK2(242, cycvec(2, 241))",482,242,2,2,0,"ok"
"cycvec(2, 241)",241,1,2,2,0,"ok"
"CS_CK2(252, cycvec(2, 251))",502,252,2,2,0,"ok"
"cycvec(2, 251)",251,1,2,2,0,"ok"
"CS_CK2(258, cycvec(2, 257))",514,258,2,2,0,"ok"
"cycvec(2, 257)",257,1,2,2,0,"ok"
"CS_CK2(264, cycvec(2, 263))",526,264,2,2,0,"ok"
"cycvec(2, 263)",263,1,2,2,0,"ok"
"CS_CK2(270, cycvec(2, 269))",538,270,2,2,0,"ok"
"cycvec(2, 269)",269,1,2,2,0,"ok"
"CS_CK2(272, cycvec(2, 271))",542,272,2,2,0,"ok"
"cycvec(2, 271)",271,1,2,2,0,"ok"
"CS_CK2(278, cycvec(2, 277))",554,278,2,2,0,"ok"
"cycvec(2, 277)",277,1,2,2,0,"ok"
"CS_CK2(282, cycvec(2, 281))",562,282,2,2,0,"ok"
"cycvec(2, 281)",281,1,2,2,0,"ok"
"CS_CK2(284, cycvec(2, 283))",566,284,2,2,0,"ok"
"cycvec(2, 283)",283,1,2,2,0,"ok"
"CS_CK2(294, cycvec(2, 293))",586,294,2,2,0,"ok"
"cycvec(2, 293)",293,1,2,2,0,"ok"
"CS_CK2(308, cycvec(2, 307))",614,308,2,2,0,"ok"
"cycvec(2, 307)",307,1,2,2,0,"ok"
"CS_CK2(312, cycvec(2, 311))",622,312,2,2,0,"ok"
"cycvec(2, 311)",311,1,2,2,0,"ok"
"CS_CK2(314, cycvec(2, 313))",626,314,2,2,0,"ok"
"cycvec(2, 313)",313,1,2,2,0,"ok"
"CS_CK2(318, cycvec(2, 317))",634,318,2,2,0,"ok"
"cycvec(2, 317)",317,1,2,2,0,"ok"
"CS_CK2(332, cycvec(2, 331))",662,332,2,2,0,"ok"
"cycvec(2, 331)",331,1,2,2,0,"ok"
"CS_CK2(338, cycvec(2, 337))",674,338,2,2,0,"ok"
"cycvec(2, 337)",337,1,2,2,0,"ok"
"CS_CK2(348, cycvec(2, 347))",694,348,2,2,0,"ok"
"cycvec(2, 347)",347,1,2,2,0,"ok"
"CS_CK2(350, cycvec(2, 349))",698,350,2,2,0,"ok"
"cycvec(2, 349)",349,1,2,2,0,"ok"
"CS_CK2(354, cycvec(2, 353))",706,354,2,2,0,"ok"
"cycvec(2, 353)",353,1,2,2,0,"ok"
"CS_CK2(360, cycvec(2, 359))",718,360,2,2,0,"ok"
"cycvec(2, 359)",359,1,2,2,0,"ok"
"CS_CK2(368, cycvec(2, 367))",734,368,2,2,0,"ok"
"cycvec(2, 367)",367,1,2,2,0,"ok"
"CS_CK2(374, cycvec(2, 373))",746,374,2,2,0,"ok"
"cycvec(2, 373)",373,1,2,2,0,"ok"
"CS_CK2(380, cycvec(2, 379))",758,380,2,2,0,"ok"
"cycvec(2, 379)",379,1,2,2,0,"ok"
"CS_CK2(384, cycvec(2, 383))",766,384,2,2,0,"ok"
"cycvec(2, 383)",383,1,2,2,0,"ok"
"CS_CK2(390, cycvec(2, 389))",778,390,2,2,0,"ok"
"cycvec(2, 389)",389,1,2,2,0,"ok"
"CS_CK2(398, cycvec(2, 397))",794,398,2,2,0,"ok"
"cycvec(2, 397)",397,1,2,2,0,"ok"
"CS_CK2(402, cycvec(2, 401))",802,402,2,2,0,"ok"
"cycvec(2, 401)",401,1,2,2,0,"ok"
"CS_CK2(410, cycvec(2, 409))",818,410,2,2,0,"ok"
"cycvec(2, 409)",409,1,2,2,0,"ok"
"CS_CK2(420, cycvec(2, 419))",838,420,2,2,0,"ok"
"cycvec(2, 419)",419,1,2,2,0,"ok"
"CS_CK2(422, cycvec(2, 421))",842,422,2,2,0,"ok"
"cycvec(2, 421)",421,1,2,2,0,"ok"
"CS_CK2(432, cycvec(2, 431))",862,432,2,2,0,"ok"
"cycvec(2, 431)",431,1,2,2,0,"ok"
"CS_CK2(434, cycvec(2, 433))",866,434,2,2,0,"ok"
"cycvec(2, 433)",433,1,2,2,0,"ok"
"CS_CK2(440, cycvec(2, 439))",878,440,2,2,0,"ok"
"cycvec(2, 439)",439,1,2,2,0,"ok"
"CS_CK2(444, cycvec(2, 443))",886,444,2,2,0,"ok"
"cycvec(2, 443)",443,1,2,2,0,"ok"
"CS_CK2(450, cycvec(2, 449))",898,450,2,2,0,"ok"
"cycvec(2, 449)",449,1,2,2,0,"ok"
"CS_CK2(458, cycvec(2, 457))",914,458,2,2,0,"ok"
"cycvec(2, 457)",457,1,2,2,0,"ok"
"CS_CK2(462, cycvec(2, 461))",922,462,2,2,0,"ok"
"cycvec(2, 461)",461,1,2,2,0,"ok"
"CS_CK2(464, cycvec(2, 463))",926,464,2,2,0,"ok"
"cycvec(2, 463)",463,1,2,2,0,"ok"
"CS_CK2(468, cycvec(2, 467))",934,468,2,2,0,"ok"
"cycvec(2, 467)",467,1,2,2,0,"ok"
"CS_CK2(480, cycvec(2, 479))",958,480,2,2,0,"ok"
"cycvec(2, 479)",479,1,2,2,0,"ok"
"CS_CK2(488, cycvec(2, 487))",974,488,2,2,0,"ok"
"cycvec(2, 487)",487,1,2,2,0,"ok"
"CS_CK2(492, cycvec(2, 491))",982,492,2,2,0,"ok"
"cycvec(2, 491)",491,1,2,2,0,"ok"
"CS_CK2(500, cycvec(2, 499))",998,500,2,2,0,"ok"
"cycvec(2, 499)",499,1,2,2,0,"ok"
"CS_CK2(504, cycvec(2, 503))",1006,504,2,2,0,"ok"
"cycvec(2, 503)",503,1,2,2,0,"ok"
"CS_CK2(510, cycvec(2, 509))",1018,510,2,2,0,"ok"
"cycvec(2, 509)",509,1,2,2,0,"ok"
"CS_CK2(522, cycvec(2, 521))",1042,522,2,2,0,"ok"
"cycvec(2, 521)",521,1,2,2,0,"ok"
"CS_CK2(524, cycvec(2, 523))",1046,524,2,2,0,"ok"
"cycvec(2, 523)",523,1,2,2,0,"ok"
"CS_CK2(542, cycvec(2, 541))",1082,542,2,2,0,"ok"
"cycvec(2, 541)",541,1,2,2,0,"ok"
"CS_CK2(548, cycvec(2, 547))",1094,548,2,2,0,"ok"
"cycvec(2, 547)",547,1,2,2,0,"ok"
"CS_CK2(558, cycvec(2, 557))",1114,558,2,2,0,"ok"
"cycvec(2, 557)",557,1,2,2,0,"ok"
"CS_CK2(564, cycvec(2, 563))",1126,564,2,2,0,"ok"
"cycvec(2, 563)",563,1,2,2,0,"ok"
"CS_CK2(570, cycvec(2, 569))",1138,570,2,2,0,"ok"
"cycvec(2, 569)",569,1,2,2,0,"ok"
"CS_CK2(572, cycvec(2, 571))",1142,572,2,2,0,"ok"
"cycvec(2, 571)",571,1,2,2,0,"ok"
"CS_CK2(578, cycvec(2, 577))",1154,578,2,2,0,"ok"
"cycvec(2, 577)",577,1,2,2,0,"ok"
"CS_CK2(588, cycvec(2, 587))",1174,588,2,2,0,"ok"
"cycvec(2, 587)",587,1,2,2,0,"ok"
"CS_CK2(594, cycvec(2, 593))",1186,594,2,2,0,"ok"
"cycvec(2, 593)",593,1,2,2,0,"ok"
"CS_CK2(600, cycvec(2, 599))",1198,600,2,2,0,"ok"
"cycvec(2, 599)",599,1,2,2,0,"ok"
"CS_CK2(602, cycvec(2, 601))",1202,602,2,2,0,"ok"
"cycvec(2, 601)",601,1,2,2,0,"ok"
"CS_CK2(608, cycvec(2, 607))",1214,608,2,2,0,"ok"
"cycvec(2, 607)",607,1,2,2,0,"ok"
"CS_CK2(614, cycvec(2, 613))",1226,614,2,2,0,"ok"
"cycvec(2, 613)",613,1,2,2,0,"ok"
"CS_CK2(618, cycvec(2, 617))",1234,618,2,2,0,"ok"
"cycvec(2, 617)",617,1,2,2,0,"ok"
"CS_CK2(620, cycvec(2, 619))",1238,620,2,2,0,"ok"
"cycvec(2, 619)",619,1,2,2,0,"ok"
"CS_CK2(632, cycvec(2, 631))",1262,632,2,2,0,"ok"
"cycvec(2, 631)",631,1,2,2,0,"ok"
"CS_CK2(642, cycvec(2, 641))",1282,642,2,2,0,"ok"
"cycvec(2, 641)",641,1,2,2,0,"ok"
"CS_CK2(644, cycvec(2, 643))",1286,644,2,2,0,"ok"
"cycvec(2, 643)",643,1,2,2,0,"ok"
"CS_CK2(648, cycvec(2, 647))",1294,648,2,2,0,"ok"
"cycvec(2, 647)",647,1,2,2,0,"ok"
"CS_CK2(654, cycvec(2, 653))",1306,654,2,2,0,"ok"
"cycvec(2, 653)",653,1,2,2,0,"ok"
"CS_CK2(660, cycvec(2, 659))",1318,660,2,2,0,"ok"
"cycvec(2, 659)",659,1,2,2,0,"ok"
"CS_CK2(662, cycvec(2, 661))",1322,662,2,2,0,"ok"
"cycvec(2, 661)",661,1,2,2,0,"ok"
"CS_CK2(674, cycvec(2, 673))",1346,674,2,2,0,"ok"
"cycvec(2, 673)",673,1,2,2,0,"ok"
"CS_CK2(678, cycvec(2, 677))",1354,678,2,2,0,"ok"
"cycvec(2, 677)",677,1,2,2,0,"ok"
"CS_CK2(684, cycvec(2, 683))",1366,684,2,2,0,"ok"
"cycvec(2, 683)",683,1,2,2,0,"ok"
"CS_CK2(692, cycvec(2, 691))",1382,692,2,2,0,"ok"
"cycvec(2, 691)",691,1,2,2,0,"ok"
"CS_CK2(702, cycvec(2, 701))",1402,702,2,2,0,"ok"
"cycvec(2, 701)",701,1,2,2,0,"ok"
"CS_CK2(710, cycvec(2, 709))",1418,710,2,2,0,"ok"
"cycvec(2, 709)",709,1,2,2,0,"ok"
"CS_CK2(720, cycvec(2, 719))",1438,720,2,2,0,"ok"
"cycvec(2, 719)",719,1,2,2,0,"ok"
"CS_CK2(728, cycvec(2, 727))",1454,728,2,2,0,"ok"
"cycvec(2, 727)",727,1,2,2,0,"ok"
"CS_CK2(734, cycvec(2, 733))",1466,734,2,2,0,"ok"
"cycvec(2, 733)",733,1,2,2,0,"ok"
"CS_CK2(740, cycvec(2, 739))",1478,740,2,2,0,"ok"
"cycvec(2, 739)",739,1,2,2,0,"ok"
"CS_CK2(744, cycvec(2, 743))",1486,744,2,2,0,"ok"
"cycvec(2, 743)",743,1,2,2,0,"ok"
"CS_CK2(752, cycvec(2, 751))",1502,752,2,2,0,"ok"
"cycvec(2, 751)",751,1,2,2,0,"ok"
"CS_CK2(758, cycvec(2, 757))",1514,758,2,2,0,"ok"
"cycvec(2, 757)",757,1,2,2,0,"ok"
"CS_CK2(762, cycvec(2, 761))",1522,762,2,2,0,"ok"
"cycvec(2, 761)",761,1,2,2,0,"ok"
"CS_CK2(770, cycvec(2, 769))",1538,770,2,2,0,"ok"
"cycvec(2, 769)",769,1,2,2,0,"ok"
"CS_CK2(774, cycvec(2, 773))",1546,774,2,2,0,"ok"
"cycvec(2, 773)",773,1,2,2,0,"ok"
"CS_CK3(360, cycvec(2, 359))",720,360,2,2,0,"ok"
"CS_CK1(379, cycvec(2, 379))",758,379,2,2,0,"ok"
"CS_CK3(504, cycvec(2, 503))",1008,504,2,2,0,"ok"
