"id","N_book","N_base","N_swap"
"DPcat 1",19,19,19
"DPcat 2",21,21,21
"DPcat 3",23,23,23
"DPcat 4",25,25,25
"DPcat 5",27,27,27
"DPcat 6",29,29,29
"DPcat 7",31,31,31
"DPcat 8",33,33,33
"DPcat 9",35,35,35
"DPcat 10",37,37,37
"DPcat 11",39,39,39
"DPcat 12",41,41,41
"DPcat 13",43,43,43
"DPcat 14",45,45,45
"DPcat 15",47,47,47
"DPcat 16",49,49,49
"DPcat 17",51,51,51
"DPcat 18",53,53,53
"DPcat 19",55,55,55
"DPcat 20",57,57,57
"DPcat 21",59,59,59
"DPcat 22",61,61,61
"DPcat 23",63,63,63
"DPcat 24",65,65,65
"DPcat 25",67,67,67
"DPcat 26",34,34,34
"DPcat 27",36,36,36
"DPcat 28",38,38,38
"DPcat 29",40,40,40
"DPcat 30",42,42,42
"DPcat 31",43,43,43
"DPcat 32",45,45,45
"DPcat 33",46,46,46
"DPcat 34",48,48,48
"DPcat 35",50,50,50
"DPcat 36",52,52,52
"DPcat 37",53,53,53
"DPcat 38",54,54,54
"DPcat 39",55,55,55
"DPcat 40",56,56,56
"DPcat 41",57,57,57
"DPcat 42",58,58,58
"DPcat 43",60,60,60
"DPcat 44",62,62,62
"DPcat 45",64,64,64
"DPcat 46",65,65,65
"DPcat 47",66,66,66
"DPcat 48",67,67,67
"DPcat 49",68,67,67
"DPcat 50",69,69,69
"DPcat 51",70,70,70
"DPcat 52",71,71,71
"DPcat 53",72,72,72
"DPcat 54",74,74,74
"DPcat 55",76,76,76
"DPcat 56",77,77,77
"DPcat 57",78,78,78
"DPcat 58",79,79,79
"DPcat 59",80,79,79
"DPcat 60",81,81,81
"DPcat 61",82,82,82
"DPcat 62",83,82,82
"DPcat 63",84,84,84
"DPcat 64",86,86,86
"DPcat 65",88,88,88
"DPcat 66",89,89,89
"DPcat 67",90,90,90
"DPcat 68",91,91,91
"DPcat 69",92,91,91
"DPcat 70",45,45,45
"DPcat 71",49,49,49
"DPcat 72",50,50,50
"DPcat 73",53,53,53
"DPcat 74",54,54,54
"DPcat 75",55,55,55
"DPcat 76",59,59,59
"DPcat 77",60,60,60
"DPcat 78",65,65,65
"DPcat 79",69,69,69
"DPcat 80",70,70,70
"DPcat 81",73,73,73
"DPcat 82",74,74,74
"DPcat 83",75,75,75
"DPcat 84",78,78,78
"DPcat 85",79,79,79
"DPcat 86",80,80,80
"DPcat 87",81,80,80
"DPcat 88",84,84,84
"DPcat 89",85,85,85
"DPcat 90",89,89,89
"DPcat 91",90,90,90
"DPcat 92",93,93,93
"DPcat 93",94,94,94
"DPcat 94",95,95,95
"DPcat 95",98,98,98
"DPcat 96",99,99,99
"DPcat 97",100,100,100
"DPcat 98",101,100,100
"DPcat 99",103,103,103
"DPcat 100",104,104,104
"DPcat 101",105,105,105
"DPcat 102",109,109,109
"DPcat 103",110,110,110
"DPcat 104",113,113,113
"DPcat 105",114,114,114
"DPcat 106",115,115,115
"DPcat 107",118,118,118
"DPcat 108",119,119,119
"DPcat 109",120,120,120
"DPcat 110",121,120,120
"DPcat 111",123,123,123
"DPcat 112",124,124,124
"DPcat 113",125,125,125
"DPcat 114",129,129,129
"DPcat 115",130,130,130
"DPcat 116",66,66,66
"DPcat 117",67,67,67
"DPcat 118",68,68,68
"DPcat 119",70,70,70
"DPcat 120",72,72,72
"DPcat 121",74,74,74
"DPcat 122",76,76,76
"DPcat 123",79,79,79
"DPcat 124",81,81,81
"DPcat 125",86,86,86
"DPcat 126",91,91,91
"DPcat 127",96,96,96
"DPcat 128",101,101,101
"DPcat 129",103,103,103
"DPcat 130",105,105,105
"DPcat 131",107,107,107
"DPcat 132",109,109,109
"DPcat 133",111,111,111
"DPcat 134",114,114,114
"DPcat 135",116,116,116
"DPcat 136",119,119,119
"DPcat 137",121,121,121
"DPcat 138",126,126,126
"DPcat 139",131,131,131
"DPcat 140",136,136,136
"DPcat 141",140,140,140
"DPcat 142",142,142,142
"DPcat 143",144,144,144
"DPcat 144",146,146,146
"DPcat 145",149,149,149
"DPcat 146",151,151,151
"DPcat 147",154,154,154
"DPcat 148",156,156,156
"DPcat 149",159,159,159
"DPcat 150",161,161,161
"DPcat 151",166,166,166
"DPcat 152",171,171,171
"DPcat 153",176,176,176
"DPcat 154",177,177,177
"DPcat 155",179,179,179
"DPcat 156",181,181,181
"DPcat 157",184,184,184
"DPcat 158",186,186,186
"DPcat 159",189,189,189
"DPcat 160",191,191,191
"DPcat 161",194,194,194
"DPcat 162",196,196,196
"DPcat 163",199,199,199
"DPcat 164",91,91,91
"DPcat 165",103,103,103
"DPcat 166",109,109,109
"DPcat 167",115,115,115
"DPcat 168",121,121,121
"DPcat 169",127,127,127
"DPcat 170",133,133,133
"DPcat 171",145,145,145
"DPcat 172",151,151,151
"DPcat 173",157,157,157
"DPcat 174",163,163,163
"DPcat 175",169,169,169
"DPcat 176",175,175,175
"DPcat 177",187,187,187
"DPcat 178",193,193,193
"DPcat 179",199,199,199
"DPcat 180",205,205,205
"DPcat 181",211,211,211
"DPcat 182",217,217,217
"DPcat 183",229,229,229
"DPcat 184",148,148,148
"DPcat 185",155,155,155
"DPcat 186",162,162,162
"DPcat 187",169,169,169
"DPcat 188",176,176,176
"DPcat 189",183,183,183
"DPcat 190",190,190,190
"DPcat 191",197,197,197
"DPcat 192",204,204,204
"DPcat 193",211,211,211
"DPcat 194",218,218,218
"DPcat 195",225,225,225
"DPcat 196",232,232,232
"DPcat 197",239,239,239
"DPcat 198",246,246,246
"DPcat 199",253,253,253
"DPcat 200",260,260,260
"DPcat 201",267,267,267
"DPcat 202",274,274,274
"DPcat 203",281,281,281
"DPcat 204",288,288,288
"DPcat 205",295,295,295
"DPcat 206",302,302,302
"DPcat 207",309,309,309
"DPcat 208",316,316,316
"DPcat 209",201,201,201
"DPcat 210",209,209,209
"DPcat 211",217,217,217
"DPcat 212",225,225,225
"DPcat 213",233,233,233
"DPcat 214",241,241,241
"DPcat 215",249,249,249
"DPcat 216",257,257,257
"DPcat 217",265,265,265
"DPcat 218",273,273,273
"DPcat 219",281,281,281
"DPcat 220",289,289,289
"DPcat 221",297,297,297
"DPcat 222",305,305,305
"DPcat 223",313,313,313
"DPcat 224",321,321,321
"DPcat 225",329,329,329
"DPcat 226",337,337,337
"DPcat 227",345,345,345
"DPcat 228",353,353,353
"DPcat 229",361,361,361
"DPcat 230",369,369,369
"DPcat 231",377,377,377
"DPcat 232",385,385,385
"DPcat 233",393,393,393
"DPcat 234",190,190,190
"DPcat 235",226,226,226
"DPcat 236",235,235,235
"DPcat 237",244,244,244
"DPcat 238",253,253,253
"DPcat 239",262,262,262
"DPcat 240",271,271,271
"DPcat 241",280,280,280
"DPcat 242",289,289,289
"DPcat 243",298,298,298
"DPcat 244",307,307,307
"DPcat 245",316,316,316
"DPcat 246",325,325,325
"DPcat 247",334,334,334
"DPcat 248",343,343,343
"DPcat 249",352,352,352
"DPcat 250",361,361,361
"DPcat 251",370,370,370
"DPcat 252",379,379,379
"DPcat 253",388,388,388
"DPcat 254",397,397,397
"DPcat 255",406,406,406
"DPcat 256",415,415,415
"DPcat 257",424,424,424
"DPcat 258",433,433,433
"DPcat 259",442,442,442
"DPcat 260",451,451,451
"DPcat 261",460,460,460
"DPcat 262",469,469,469
"DPcat 263",478,478,478
"DPcat 264",487,487,487
"DPcat 265",496,496,496
"DPcat 266",505,505,505
"DPcat 267",514,514,514
"DPcat 268",311,311,311
"DPcat 269",321,321,321
"DPcat 270",331,331,331
"DPcat 271",341,341,341
"DPcat 272",351,351,351
"DPcat 273",361,361,361
"DPcat 274",371,371,371
"DPcat 275",381,381,381
"DPcat 276",391,391,391
"DPcat 277",401,401,401
"DPcat 278",411,411,411
"DPcat 279",421,421,421
"DPcat 280",431,431,431
"DPcat 281",441,441,441
"DPcat 282",451,451,451
"DPcat 283",461,461,461
"DPcat 284",471,471,471
"DPcat 285",481,481,481
"DPcat 286",491,491,491
"DPcat 287",501,501,501
"DPcat 288",511,511,511
"DPcat 289",521,521,521
"DPcat 290",531,531,531
"DPcat 291",276,276,276
"DPcat 292",331,331,331
"DPcat 293",342,342,342
"DPcat 294",353,353,353
"DPcat 295",364,364,364
"DPcat 296",375,375,375
"DPcat 297",386,386,386
"DPcat 298",397,397,397
"DPcat 299",408,408,408
"DPcat 300",430,430,430
"DPcat 301",441,441,441
"DPcat 302",452,452,452
"DPcat 303",463,463,463
"DPcat 304",474,474,474
"DPcat 305",485,485,485
"DPcat 306",496,496,496
"DPcat 307",507,507,507
"DPcat 308",518,518,518
"DPcat 309",529,529,529
"DPcat 310",540,540,540
"DPcat 311",562,562,562
"DPcat 312",573,573,573
"DPcat 313",584,584,584
"DPcat 314",595,595,595
"DPcat 315",606,606,606
"DPcat 316",617,617,617
"DPcat 317",628,628,628
"DPcat 318",639,639,639
"DPcat 319",650,650,650
"DPcat 320",661,661,661
"DPcat 321",672,672,672
"DPcat 322",674,672,672
"DPcat 323",694,694,694
"DPcat 324",705,705,705
"DPcat 325",421,421,421
"DPcat 326",433,433,433
"DPcat 327",445,445,445
"DPcat 328",457,457,457
"DPcat 329",469,469,469
"DPcat 330",481,481,481
"DPcat 331",493,493,493
"DPcat 332",505,505,505
"DPcat 333",517,517,517
"DPcat 334",529,529,529
"DPcat 335",541,541,541
"DPcat 336",553,553,553
"DPcat 337",565,565,565
"DPcat 338",577,577,577
"DPcat 339",589,589,589
"DPcat 340",601,601,601
"DPcat 341",613,613,613
"DPcat 342",625,625,625
"DPcat 343",637,637,637
"DPcat 344",649,649,649
"DPcat 345",661,661,661
"DPcat 346",673,673,673
"DPcat 347",685,685,685
"DPcat 348",697,697,697
"DPcat 349",709,709,709
"DPcat 350",721,721,721
"DPcat 351",733,733,733
"DPcat 352",534,534,534
"DPcat 353",547,547,547
"DPcat 354",560,560,560
"DPcat 355",573,573,573
"DPcat 356",586,586,586
"DPcat 357",599,599,599
"DPcat 358",612,612,612
"DPcat 359",625,625,625
"DPcat 360",638,638,638
"DPcat 361",651,651,651
"DPcat 362",664,664,664
"DPcat 363",677,677,677
"DPcat 364",690,690,690
"DPcat 365",703,703,703
"DPcat 366",716,716,716
"DPcat 367",729,729,729
"DPcat 368",742,742,742
"DPcat 369",794,794,794
"DPcat 370",807,807,807
"DPcat 371",820,820,820
"DPcat 372",833,833,833
"DPcat 373",846,846,846
"DPcat 374",859,859,859
"DPcat 375",872,872,872
"DPcat 376",885,885,885
"DPcat 377",898,898,898
"DPcat 378",911,911,911
"DPcat 379",924,924,924
"DPcat 380",937,937,937
"DPcat 381",950,950,950
"DPcat 382",963,963,963
"DPcat 383",976,976,976
"DPcat 384",989,989,989
"DPcat 385",1002,1002,1002
"DPcat 386",1015,1015,1015
"DPcat 387",1028,1028,1028
"DPcat 388",1041,1041,1041
"DPcat 389",1054,1054,1054
"DPcat 390",659,659,659
"DPcat 391",673,673,673
"DPcat 392",687,687,687
"DPcat 393",701,701,701
"DPcat 394",715,715,715
"DPcat 395",729,729,729
"DPcat 396",743,743,743
"DPcat 397",757,757,757
"DPcat 398",771,771,771
"DPcat 399",785,785,785
"DPcat 400",799,799,799
"DPcat 401",813,813,813
"DPcat 402",827,827,827
"DPcat 403",841,841,841
"DPcat 404",855,855,855
"DPcat 405",981,981,981
"DPcat 406",995,995,995
"DPcat 407",1009,1009,1009
"DPcat 408",1023,1023,1023
"DPcat 409",1037,1037,1037
"DPcat 410",1051,1051,1051
"DPcat 411",1065,1065,1065
"DPcat 412",1079,1079,1079
"DPcat 413",1093,1093,1093
"DPcat 414",1107,1107,1107
"DPcat 415",1121,1121,1121
"DPcat 416",1135,1135,1135
"DPcat 417",1149,1149,1149
"DPcat 418",1163,1163,1163
"DPcat 419",736,736,736
"DPcat 420",766,766,766
"DPcat 421",781,781,781
"DPcat 422",796,796,796
"DPcat 423",811,811,811
"DPcat 424",826,826,826
"DPcat 425",841,841,841
"DPcat 426",856,856,856
"DPcat 427",871,871,871
"DPcat 428",886,886,886
"DPcat 429",901,901,901
"DPcat 430",916,916,916
"DPcat 431",931,931,931
"DPcat 432",946,946,946
"DPcat 433",961,961,961
"DPcat 434",976,976,976
"DPcat 435",1006,1006,1006
"DPcat 436",1021,1021,1021
"DPcat 437",1036,1036,1036
"DPcat 438",1051,1051,1051
"DPcat 439",1066,1066,1066
"DPcat 440",1081,1081,1081
"DPcat 441",1096,1096,1096
"DPcat 442",1126,1126,1126
"DPcat 443",1141,1141,1141
"DPcat 444",1156,1156,1156
"DPcat 445",1171,1171,1171
"DPcat 446",1186,1186,1186
"DPcat 447",1201,1201,1201
"DPcat 448",1216,1216,1216
"DPcat 449",977,977,977
"DPcat 450",993,993,993
"DPcat 451",1009,1009,1009
"DPcat 452",1025,1025,1025
"DPcat 453",1041,1041,1041
"DPcat 454",1057,1057,1057
"DPcat 455",1073,1073,1073
"DPcat 456",1249,1249,1249
"DPcat 457",1265,1265,1265
"DPcat 458",1281,1281,1281
"DPcat 459",1297,1297,1297
"DPcat 460",1313,1313,1313
"DPcat 461",1329,1329,1329
"DPcat 462",1345,1345,1345
"DPcat 463",1457,1457,1457
"DPcat 464",1072,1072,1072
"DPcat 465",1106,1106,1106
"DPcat 466",1123,1123,1123
"DPcat 467",1140,1140,1140
"DPcat 468",1157,1157,1157
"DPcat 469",1174,1174,1174
"DPcat 470",1191,1191,1191
"DPcat 471",1208,1208,1208
"DPcat 472",1225,1225,1225
"DPcat 473",1242,1242,1242
"DPcat 474",1599,1599,1599
"DPcat 475",1279,1279,1279
"DPcat 476",1621,1621,1621
"DPcat 477",1426,1426,1426
"DPcat 478",1445,1445,1445
"DPcat 479",1464,1464,1464
"DPcat 480",2129,2129,2129
"DPcat 481",1661,1661,1661
"DPcat 482",2481,2481,2481
"DPcat 483",1828,1828,1828
"DPcat 484",2731,2731,2731
"PCAcat 1",19,19,21
"PCAcat 2",21,21,22
"PCAcat 3",22,22,23
"PCAcat 4",23,23,23
"PCAcat 5",25,25,27
"PCAcat 6",27,27,28
"PCAcat 7",28,28,29
"PCAcat 8",29,29,29
"PCAcat 9",31,31,33
"PCAcat 10",33,33,34
"PCAcat 11",34,34,35
"PCAcat 12",35,35,35
"PCAcat 13",37,37,39
"PCAcat 14",39,39,40
"PCAcat 15",41,41,43
"PCAcat 16",43,43,45
"PCAcat 17",45,45,46
"PCAcat 18",47,47,49
"PCAcat 19",49,49,52
"PCAcat 20",51,51,55
"PCAcat 21",53,53,58
"PCAcat 22",55,55,59
"PCAcat 23",57,57,60
"PCAcat 24",34,34,34
"PCAcat 25",36,36,36
"PCAcat 26",38,38,38
"PCAcat 27",40,40,40
"PCAcat 28",41,41,41
"PCAcat 29",43,43,43
"PCAcat 30",45,45,45
"PCAcat 31",46,46,46
"PCAcat 32",48,48,48
"PCAcat 33",50,50,50
"PCAcat 34",51,51,51
"PCAcat 35",52,52,52
"PCAcat 36",53,53,53
"PCAcat 37",55,55,55
"PCAcat 38",56,56,56
"PCAcat 39",57,57,57
"PCAcat 40",58,58,58
"PCAcat 41",60,60,60
"PCAcat 42",62,62,62
"PCAcat 43",63,63,63
"PCAcat 44",65,65,65
"PCAcat 45",67,67,67
"PCAcat 46",68,68,68
"PCAcat 47",69,69,69
"PCAcat 48",70,70,70
"PCAcat 49",72,72,72
"PCAcat 50",74,74,74
"PCAcat 51",75,75,75
"PCAcat 52",77,77,77
"PCAcat 53",79,79,79
"PCAcat 54",80,80,80
"PCAcat 55",81,81,81
"PCAcat 56",82,82,82
"PCAcat 57",84,84,84
"PCAcat 58",86,86,86
"PCAcat 59",45,45,45
"PCAcat 60",49,49,49
"PCAcat 61",53,53,53
"PCAcat 62",55,55,55
"PCAcat 63",57,57,57
"PCAcat 64",59,59,59
"PCAcat 65",61,61,61
"PCAcat 66",63,63,63
"PCAcat 67",65,65,65
"PCAcat 68",69,69,69
"PCAcat 69",73,73,73
"PCAcat 70",75,75,75
"PCAcat 71",77,77,77
"PCAcat 72",79,79,79
"PCAcat 73",81,81,81
"PCAcat 74",83,83,83
"PCAcat 75",85,85,85
"PCAcat 76",89,89,89
"PCAcat 77",93,93,93
"PCAcat 78",95,95,95
"PCAcat 79",97,97,97
"PCAcat 80",99,99,99
"PCAcat 81",101,101,101
"PCAcat 82",103,103,103
"PCAcat 83",105,105,105
"PCAcat 84",109,109,109
"PCAcat 85",113,113,113
"PCAcat 86",115,115,115
"PCAcat 87",117,117,117
"PCAcat 88",119,119,119
"PCAcat 89",121,121,121
"PCAcat 90",123,123,123
"PCAcat 91",125,125,125
"PCAcat 92",66,66,66
"PCAcat 93",67,67,67
"PCAcat 94",68,68,68
"PCAcat 95",70,70,70
"PCAcat 96",72,72,72
"PCAcat 97",74,74,74
"PCAcat 98",76,76,76
"PCAcat 99",79,79,79
"PCAcat 100",81,81,81
"PCAcat 101",86,86,86
"PCAcat 102",91,91,91
"PCAcat 103",96,96,96
"PCAcat 104",101,101,101
"PCAcat 105",105,105,105
"PCAcat 106",106,106,106
"PCAcat 107",107,107,107
"PCAcat 108",109,109,109
"PCAcat 109",111,111,111
"PCAcat 110",114,114,114
"PCAcat 111",116,116,116
"PCAcat 112",119,119,119
"PCAcat 113",121,121,121
"PCAcat 114",126,126,126
"PCAcat 115",131,131,131
"PCAcat 116",136,136,136
"PCAcat 117",141,141,141
"PCAcat 118",144,144,144
"PCAcat 119",146,146,146
"PCAcat 120",149,149,149
"PCAcat 121",151,151,151
"PCAcat 122",154,154,154
"PCAcat 123",156,156,156
"PCAcat 124",159,159,159
"PCAcat 125",161,161,161
"PCAcat 126",166,166,166
"PCAcat 127",171,171,171
"PCAcat 128",176,176,176
"PCAcat 129",181,181,181
"PCAcat 130",184,184,184
"PCAcat 131",186,186,186
"PCAcat 132",189,189,189
"PCAcat 133",191,191,191
"PCAcat 134",194,194,194
"PCAcat 135",196,196,196
"PCAcat 136",91,91,91
"PCAcat 137",103,103,103
"PCAcat 138",109,109,109
"PCAcat 139",115,115,115
"PCAcat 140",121,121,121
"PCAcat 141",127,127,127
"PCAcat 142",133,133,133
"PCAcat 143",145,145,145
"PCAcat 144",151,151,151
"PCAcat 145",157,157,157
"PCAcat 146",163,163,163
"PCAcat 147",169,169,169
"PCAcat 148",175,175,175
"PCAcat 149",187,187,187
"PCAcat 150",193,193,193
"PCAcat 151",199,199,199
"PCAcat 152",205,205,205
"PCAcat 153",211,211,211
"PCAcat 154",217,217,217
"PCAcat 155",148,148,148
"PCAcat 156",155,155,155
"PCAcat 157",162,162,162
"PCAcat 158",169,169,169
"PCAcat 159",176,176,176
"PCAcat 160",183,183,183
"PCAcat 161",190,190,190
"PCAcat 162",197,197,197
"PCAcat 163",204,204,204
"PCAcat 164",211,211,211
"PCAcat 165",218,218,218
"PCAcat 166",225,225,225
"PCAcat 167",232,232,232
"PCAcat 168",239,239,239
"PCAcat 169",246,246,246
"PCAcat 170",253,253,253
"PCAcat 171",260,260,260
"PCAcat 172",267,267,267
"PCAcat 173",274,274,274
"PCAcat 174",281,281,281
"PCAcat 175",288,288,288
"PCAcat 176",295,295,295
"PCAcat 177",302,302,302
"PCAcat 178",309,309,309
"PCAcat 179",316,316,316
"PCAcat 180",201,201,201
"PCAcat 181",209,209,209
"PCAcat 182",217,217,217
"PCAcat 183",225,225,225
"PCAcat 184",233,233,233
"PCAcat 185",241,241,241
"PCAcat 186",249,249,249
"PCAcat 187",257,257,257
"PCAcat 188",265,265,265
"PCAcat 189",273,273,273
"PCAcat 190",281,281,281
"PCAcat 191",289,289,289
"PCAcat 192",297,297,297
"PCAcat 193",305,305,305
"PCAcat 194",313,313,313
"PCAcat 195",321,321,321
"PCAcat 196",329,329,329
"PCAcat 197",337,337,337
"PCAcat 198",345,345,345
"PCAcat 199",353,353,353
"PCAcat 200",361,361,361
"PCAcat 201",369,369,369
"PCAcat 202",190,190,190
"PCAcat 203",226,226,226
"PCAcat 204",235,235,235
"PCAcat 205",244,244,244
"PCAcat 206",253,253,253
"PCAcat 207",262,262,262
"PCAcat 208",271,271,271
"PCAcat 209",280,280,280
"PCAcat 210",289,289,289
"PCAcat 211",298,298,298
"PCAcat 212",307,307,307
"PCAcat 213",316,316,316
"PCAcat 214",325,325,325
"PCAcat 215",334,334,334
"PCAcat 216",343,343,343
"PCAcat 217",352,352,352
"PCAcat 218",361,361,361
"PCAcat 219",370,370,370
"PCAcat 220",379,379,379
"PCAcat 221",388,388,388
"PCAcat 222",397,397,397
"PCAcat 223",406,406,406
"PCAcat 224",415,415,415
"PCAcat 225",424,424,424
"PCAcat 226",433,433,433
"PCAcat 227",442,442,442
"PCAcat 228",451,451,451
"PCAcat 229",460,460,460
"PCAcat 230",469,469,469
"PCAcat 231",478,478,478
"PCAcat 232",487,487,487
"PCAcat 233",496,496,496
"PCAcat 234",505,505,505
"PCAcat 235",514,514,514
"PCAcat 236",311,311,311
"PCAcat 237",321,321,321
"PCAcat 238",331,331,331
"PCAcat 239",341,341,341
"PCAcat 240",351,351,351
"PCAcat 241",361,361,361
"PCAcat 242",371,371,371
"PCAcat 243",381,381,381
"PCAcat 244",391,391,391
"PCAcat 245",401,401,401
"PCAcat 246",411,411,411
"PCAcat 247",421,421,421
"PCAcat 248",431,431,431
"PCAcat 249",441,441,441
"PCAcat 250",451,451,451
"PCAcat 251",461,461,461
"PCAcat 252",471,471,471
"PCAcat 253",481,481,481
"PCAcat 254",491,491,491
"PCAcat 255",501,501,501
"PCAcat 256",511,511,511
"PCAcat 257",521,521,521
"PCAcat 258",531,531,531
"PCAcat 259",276,276,276
"PCAcat 260",331,331,331
"PCAcat 261",342,342,342
"PCAcat 262",353,353,353
"PCAcat 263",364,364,364
"PCAcat 264",375,375,375
"PCAcat 265",386,386,386
"PCAcat 266",397,397,397
"PCAcat 267",408,408,408
"PCAcat 268",419,419,419
"PCAcat 269",430,430,430
"PCAcat 270",441,441,441
"PCAcat 271",452,452,452
"PCAcat 272",463,463,463
"PCAcat 273",474,474,474
"PCAcat 274",485,485,485
"PCAcat 275",496,496,496
"PCAcat 276",507,507,507
"PCAcat 277",518,518,518
"PCAcat 278",529,529,529
"PCAcat 279",540,540,540
"PCAcat 280",551,551,551
"PCAcat 281",562,562,562
"PCAcat 282",573,573,573
"PCAcat 283",584,584,584
"PCAcat 284",595,595,595
"PCAcat 285",606,606,606
"PCAcat 286",617,617,617
"PCAcat 287",628,628,628
"PCAcat 288",639,639,639
"PCAcat 289",650,650,650
"PCAcat 290",661,661,661
"PCAcat 291",672,672,672
"PCAcat 292",683,683,683
"PCAcat 293",694,694,694
"PCAcat 294",705,705,705
"PCAcat 295",421,421,421
"PCAcat 296",433,433,433
"PCAcat 297",445,445,445
"PCAcat 298",457,457,457
"PCAcat 299",469,469,469
"PCAcat 300",481,481,481
"PCAcat 301",493,493,493
"PCAcat 302",505,505,505
"PCAcat 303",517,517,517
"PCAcat 304",529,529,529
"PCAcat 305",541,541,541
"PCAcat 306",553,553,553
"PCAcat 307",565,565,565
"PCAcat 308",577,577,577
"PCAcat 309",589,589,589
"PCAcat 310",601,601,601
"PCAcat 311",613,613,613
"PCAcat 312",625,625,625
"PCAcat 313",637,637,637
"PCAcat 314",649,649,649
"PCAcat 315",661,661,661
"PCAcat 316",673,673,673
"PCAcat 317",685,685,685
"PCAcat 318",697,697,697
"PCAcat 319",709,709,709
"PCAcat 320",721,721,721
"PCAcat 321",733,733,733
"PCAcat 322",534,534,534
"PCAcat 323",547,547,547
"PCAcat 324",560,560,560
"PCAcat 325",573,573,573
"PCAcat 326",586,586,586
"PCAcat 327",599,599,599
"PCAcat 328",612,612,612
"PCAcat 329",625,625,625
"PCAcat 330",638,638,638
"PCAcat 331",651,651,651
"PCAcat 332",664,664,664
"PCAcat 333",677,677,677
"PCAcat 334",690,690,690
"PCAcat 335",703,703,703
"PCAcat 336",716,716,716
"PCAcat 337",729,729,729
"PCAcat 338",742,742,742
"PCAcat 339",794,794,794
"PCAcat 340",807,807,807
"PCAcat 341",820,820,820
"PCAcat 342",833,833,833
"PCAcat 343",846,846,846
"PCAcat 344",859,859,859
"PCAcat 345",872,872,872
"PCAcat 346",885,885,885
"PCAcat 347",898,898,898
"PCAcat 348",911,911,911
"PCAcat 349",924,924,924
"PCAcat 350",937,937,937
"PCAcat 351",950,950,950
"PCAcat 352",963,963,963
"PCAcat 353",976,976,976
"PCAcat 354",989,989,989
"PCAcat 355",1002,1002,1002
"PCAcat 356",1015,1015,1015
"PCAcat 357",1028,1028,1028
"PCAcat 358",1041,1041,1041
"PCAcat 359",659,659,659
"PCAcat 360",673,673,673
"PCAcat 361",687,687,687
"PCAcat 362",701,701,701
"PCAcat 363",715,715,715
"PCAcat 364",729,729,729
"PCAcat 365",743,743,743
"PCAcat 366",757,757,757
"PCAcat 367",771,771,771
"PCAcat 368",785,785,785
"PCAcat 369",799,799,799
"PCAcat 370",813,813,813
"PCAcat 371",827,827,827
"PCAcat 372",841,841,841
"PCAcat 373",855,855,855
"PCAcat 374",981,981,981
"PCAcat 375",995,995,995
"PCAcat 376",1009,1009,1009
"PCAcat 377",1023,1023,1023
"PCAcat 378",1037,1037,1037
"PCAcat 379",1051,1051,1051
"PCAcat 380",1065,1065,1065
"PCAcat 381",1079,1079,1079
"PCAcat 382",1093,1093,1093
"PCAcat 383",1107,1107,1107
"PCAcat 384",1121,1121,1121
"PCAcat 385",736,736,736
"PCAcat 386",766,766,766
"PCAcat 387",781,781,781
"PCAcat 388",796,796,796
"PCAcat 389",811,811,811
"PCAcat 390",826,826,826
"PCAcat 391",841,841,841
"PCAcat 392",856,856,856
"PCAcat 393",871,871,871
"PCAcat 394",886,886,886
"PCAcat 395",901,901,901
"PCAcat 396",916,916,916
"PCAcat 397",931,931,931
"PCAcat 398",946,946,946
"PCAcat 399",961,961,961
"PCAcat 400",976,976,976
"PCAcat 401",1006,1006,1006
"PCAcat 402",1021,1021,1021
"PCAcat 403",1036,1036,1036
"PCAcat 404",1051,1051,1051
"PCAcat 405",1066,1066,1066
"PCAcat 406",1081,1081,1081
"PCAcat 407",1096,1096,1096
"PCAcat 408",1126,1126,1126
"PCAcat 409",1141,1141,1141
"PCAcat 410",1156,1156,1156
"PCAcat 411",1171,1171,1171
"PCAcat 412",1186,1186,1186
"PCAcat 413",1201,1201,1201
"PCAcat 414",977,977,977
"PCAcat 415",993,993,993
"PCAcat 416",1009,1009,1009
"PCAcat 417",1025,1025,1025
"PCAcat 418",1041,1041,1041
"PCAcat 419",1057,1057,1057
"PCAcat 420",1073,1073,1073
"PCAcat 421",1249,1249,1249
"PCAcat 422",1265,1265,1265
"PCAcat 423",1281,1281,1281
"PCAcat 424",1297,1297,1297
"PCAcat 425",1313,1313,1313
"PCAcat 426",1329,1329,1329
"PCAcat 427",1072,1072,1072
"PCAcat 428",1106,1106,1106
"PCAcat 429",1123,1123,1123
"PCAcat 430",1140,1140,1140
"PCAcat 431",1157,1157,1157
"PCAcat 432",1174,1174,1174
"PCAcat 433",1191,1191,1191
"PCAcat 434",1208,1208,1208
"PCAcat 435",1225,1225,1225
"PCAcat 436",1242,1242,1242
"PCAcat 437",1599,1599,1599
"PCAcat 438",1279,1279,1279
"PCAcat 439",1621,1621,1621
"PCAcat 440",1426,1426,1426
"PCAcat 441",1445,1445,1445
"PCAcat 442",1464,1464,1464
"PCAcat 443",2129,2129,2129
"PCAcat 444",1661,1661,1661
"PCAcat 445",2481,2481,2481
"PCAcat 446",1828,1828,1828
"PCAcat 447",2731,2731,2731
"CYCLOTOMYcat 1",152,152,152
"CYCLOTOMYcat 2",212,212,212
"CYCLOTOMYcat 3",624,624,624
"CYCLOTOMYcat 4",726,726,726
"CYCLOTOMYcat 5",762,762,762
"CYCLOTOMYcat 6",906,906,906
"CYCLOTOMYcat 7",978,978,978
"CYCLOTOMYcat 8",1020,1020,1020
"CYCLOTOMYcat 9",1183,1183,1183
"CYCLOTOMYcat 10",1552,1552,1552
"CYCLOTOMYcat 11",1936,1936,1936
"CYCLOTOMYcat 12",3610,3610,3610
"CYCLOTOMYcat 13",5210,5210,5210
"CYCLOTOMYcat 14",5710,5710,5710
"CYCLOTOMYcat 15",4378,4378,4378
"CYCLOTOMYcat 16",7224,7224,7224
"CYCLOTOMYcat 17",7356,7356,7356
"CYCLOTOMYcat 18",8520,8520,8520
"CYCLOTOMYcat 19",12376,12376,12376
"CYCLOTOMYcat 20",14714,14714,14714
"CYCLOTOMYcat 21",15302,15302,15302
"CYCLOTOMYcat 22",16282,16282,16282
"CYCLOTOMYcat 23",23364,23364,23364
"CYCLOTOMYcat 24",36040,36040,36040
"CYCLOTOMYcat 25",42840,42840,42840
"CYCLOTOMYcat 26",43220,43220,43220
"CYCLOTOMYcat 27",46820,46820,46820
"CYCLOTOMYcat 28",47670,47670,47670
"CYCLOTOMYcat 29",48531,48531,48531
"CYCLOTOMYcat 30",24,24,24
"CYCLOTOMYcat 31",46,46,46
"CYCLOTOMYcat 32",67,67,67
"CYCLOTOMYcat 33",71,71,71
"CYCLOTOMYcat 34",83,83,83
"CYCLOTOMYcat 35",89,89,89
"CYCLOTOMYcat 36",669,669,669
"CYCLOTOMYcat 37",687,687,687
"CYCLOTOMYcat 38",813,813,813
"CYCLOTOMYcat 39",831,831,831
"CYCLOTOMYcat 40",1051,1051,1051
"CYCLOTOMYcat 41",1069,1069,1069
"CYCLOTOMYcat 42",1087,1087,1087
"CYCLOTOMYcat 43",1093,1093,1093
"CYCLOTOMYcat 44",1119,1119,1119
"CYCLOTOMYcat 45",1123,1123,1123
"CYCLOTOMYcat 46",1129,1129,1129
"CYCLOTOMYcat 47",1171,1171,1171
"CYCLOTOMYcat 48",1213,1213,1213
"CYCLOTOMYcat 49",1231,1231,1231
"CYCLOTOMYcat 50",1249,1249,1249
"CYCLOTOMYcat 51",1279,1279,1279
"CYCLOTOMYcat 52",1291,1291,1291
"CYCLOTOMYcat 53",1297,1297,1297
"CYCLOTOMYcat 54",1303,1303,1303
"CYCLOTOMYcat 55",1323,1323,1323
"CYCLOTOMYcat 56",1327,1327,1327
"CYCLOTOMYcat 57",1381,1381,1381
"CYCLOTOMYcat 58",1399,1399,1399
"CYCLOTOMYcat 59",1423,1423,1423
"CYCLOTOMYcat 60",1431,1431,1431
"CYCLOTOMYcat 61",1447,1447,1447
"CYCLOTOMYcat 62",1453,1453,1453
"CYCLOTOMYcat 63",1459,1459,1459
"CYCLOTOMYcat 64",1471,1471,1471
"CYCLOTOMYcat 65",1483,1483,1483
"CYCLOTOMYcat 66",1489,1489,1489
"CYCLOTOMYcat 67",1531,1531,1531
"CYCLOTOMYcat 68",1543,1543,1543
"CYCLOTOMYcat 69",1549,1549,1549
"CYCLOTOMYcat 70",1567,1567,1567
"CYCLOTOMYcat 71",1579,1579,1579
"CYCLOTOMYcat 72",1597,1597,1597
"CYCLOTOMYcat 73",1848,1848,1848
"CYCLOTOMYcat 74",2232,2232,2232
"CYCLOTOMYcat 75",2452,2452,2452
"CYCLOTOMYcat 76",2612,2612,2612
"CYCLOTOMYcat 77",2708,2708,2708
"CYCLOTOMYcat 78",2804,2804,2804
"CYCLOTOMYcat 79",2932,2932,2932
"CYCLOTOMYcat 80",3028,3028,3028
"CYCLOTOMYcat 81",3092,3092,3092
"CYCLOTOMYcat 82",3188,3188,3188
"CYCLOTOMYcat 83",15888,15888,15888
"CYCLOTOMYcat 84",16608,16608,16608
"CYCLOTOMYcat 85",18114,18114,18114
"CYCLOTOMYcat 86",19560,19560,19560
"CYCLOTOMYcat 87",19626,19626,19626
"CYCLOTOMYcat 88",19914,19914,19914
"CYCLOTOMYcat 89",19992,19992,19992
"CYCLOTOMYcat 90",20058,20058,20058
"CYCLOTOMYcat 91",20778,20778,20778
"CYCLOTOMYcat 92",20994,20994,20994
"CYCLOTOMYcat 93",21498,21498,21498
"CYCLOTOMYcat 94",21642,21642,21642
"CYCLOTOMYcat 95",21786,21786,21786
"CYCLOTOMYcat 96",21858,21858,21858
"CYCLOTOMYcat 97",22146,22146,22146
"CYCLOTOMYcat 98",22362,22362,22362
"CYCLOTOMYcat 99",22938,22938,22938
"CYCLOTOMYcat 100",23082,23082,23082
"CYCLOTOMYcat 101",23442,23442,23442
"CYCLOTOMYcat 102",23586,23586,23586
"CYCLOTOMYcat 103",23658,23658,23658
"CYCLOTOMYcat 104",24018,24018,24018
"CYCLOTOMYcat 105",24162,24162,24162
"CYCLOTOMYcat 106",44401,44401,44401
"CYCLOTOMYcat 107",47341,47341,47341
"CYCLOTOMYcat 108",70088,70088,70088
"CYCLOTOMYcat 109",71752,71752,71752
"CYCLOTOMYcat 110",72392,72392,72392
"CYCLOTOMYcat 111",74696,74696,74696
"CYCLOTOMYcat 112",77768,77768,77768
"CYCLOTOMYcat 113",78536,78536,78536
"CYCLOTOMYcat 114",78664,78664,78664
"CYCLOTOMYcat 115",80072,80072,80072
"CYCLOTOMYcat 116",434,434,434
"CYCLOTOMYcat 117",523,523,523
"CYCLOTOMYcat 118",541,541,541
"CYCLOTOMYcat 119",547,547,547
"CYCLOTOMYcat 120",557,557,557
"CYCLOTOMYcat 121",563,563,563
"CYCLOTOMYcat 122",570,570,570
"CYCLOTOMYcat 123",571,571,571
"CYCLOTOMYcat 124",577,577,577
"CYCLOTOMYcat 125",587,587,587
"CYCLOTOMYcat 126",593,593,593
"CYCLOTOMYcat 127",599,599,599
"CYCLOTOMYcat 128",601,601,601
"CYCLOTOMYcat 129",607,607,607
"CYCLOTOMYcat 130",613,613,613
"CYCLOTOMYcat 131",3156,3156,3156
"CYCLOTOMYcat 132",3210,3210,3210
"CYCLOTOMYcat 133",3264,3264,3264
"CYCLOTOMYcat 134",3282,3282,3282
"CYCLOTOMYcat 135",3369,3369,3369
"CYCLOTOMYcat 136",3390,3390,3390
"CYCLOTOMYcat 137",3516,3516,3516
"CYCLOTOMYcat 138",3642,3642,3642
"CYCLOTOMYcat 139",3696,3696,3696
"CYCLOTOMYcat 140",3750,3750,3750
"CYCLOTOMYcat 141",3840,3840,3840
"CYCLOTOMYcat 142",3876,3876,3876
"CYCLOTOMYcat 143",3891,3891,3891
"CYCLOTOMYcat 144",3909,3909,3909
"CYCLOTOMYcat 145",3981,3981,3981
"CYCLOTOMYcat 146",4143,4143,4143
"CYCLOTOMYcat 147",4197,4197,4197
"CYCLOTOMYcat 148",4269,4269,4269
"CYCLOTOMYcat 149",4341,4341,4341
"CYCLOTOMYcat 150",4359,4359,4359
"CYCLOTOMYcat 151",4377,4377,4377
"CYCLOTOMYcat 152",4413,4413,4413
"CYCLOTOMYcat 153",4449,4449,4449
"CYCLOTOMYcat 154",4467,4467,4467
"CYCLOTOMYcat 155",4593,4593,4593
"CYCLOTOMYcat 156",4629,4629,4629
"CYCLOTOMYcat 157",4647,4647,4647
"CYCLOTOMYcat 158",4701,4701,4701
"CYCLOTOMYcat 159",4737,4737,4737
"CYCLOTOMYcat 160",4791,4791,4791
"CYCLOTOMYcat 161",4827,4827,4827
"CYCLOTOMYcat 162",4863,4863,4863
"CYCLOTOMYcat 163",4881,4881,4881
"CYCLOTOMYcat 164",4971,4971,4971
"CYCLOTOMYcat 165",4989,4989,4989
"CYCLOTOMYcat 166",5007,5007,5007
"CYCLOTOMYcat 167",5079,5079,5079
"CYCLOTOMYcat 168",5097,5097,5097
"CYCLOTOMYcat 169",5169,5169,5169
"CYCLOTOMYcat 170",5223,5223,5223
"CYCLOTOMYcat 171",5241,5241,5241
"CYCLOTOMYcat 172",5259,5259,5259
"CYCLOTOMYcat 173",5277,5277,5277
"CYCLOTOMYcat 174",6983,6983,6983
"CYCLOTOMYcat 175",7013,7013,7013
"CYCLOTOMYcat 176",10007,10007,10007
"CYCLOTOMYcat 177",1231,1231,1231
"CYCLOTOMYcat 178",1283,1283,1283
"CYCLOTOMYcat 179",1319,1319,1319
"CYCLOTOMYcat 180",1361,1361,1361
"CYCLOTOMYcat 181",1367,1367,1367
"CYCLOTOMYcat 182",1373,1373,1373
"CYCLOTOMYcat 183",1381,1381,1381
"CYCLOTOMYcat 184",1423,1423,1423
"CYCLOTOMYcat 185",1427,1427,1427
"CYCLOTOMYcat 186",1429,1429,1429
"CYCLOTOMYcat 187",1439,1439,1439
"CYCLOTOMYcat 188",1447,1447,1447
"CYCLOTOMYcat 189",1459,1459,1459
"CYCLOTOMYcat 190",1483,1483,1483
"CYCLOTOMYcat 191",1487,1487,1487
"CYCLOTOMYcat 192",1493,1493,1493
"CYCLOTOMYcat 193",1499,1499,1499
"CYCLOTOMYcat 194",1511,1511,1511
"CYCLOTOMYcat 195",1523,1523,1523
"CYCLOTOMYcat 196",1549,1549,1549
"CYCLOTOMYcat 197",1559,1559,1559
"CYCLOTOMYcat 198",1567,1567,1567
"CYCLOTOMYcat 199",1571,1571,1571
"CYCLOTOMYcat 200",1579,1579,1579
"CYCLOTOMYcat 201",1583,1583,1583
"CYCLOTOMYcat 202",1597,1597,1597
"CYCLOTOMYcat 203",1601,1601,1601
"CYCLOTOMYcat 204",1607,1607,1607
"CYCLOTOMYcat 205",1609,1609,1609
"CYCLOTOMYcat 206",1613,1613,1613
"CYCLOTOMYcat 207",1619,1619,1619
"CYCLOTOMYcat 208",1621,1621,1621
"CYCLOTOMYcat 209",1627,1627,1627
"CYCLOTOMYcat 210",1997,1997,1997
"CYCLOTOMYcat 211",1999,1999,1999
"CYCLOTOMYcat 212",2003,2003,2003
"CYCLOTOMYcat 213",2503,2503,2503
"PALEYcat 1",12,12,12
"PALEYcat 2",18,18,18
"PALEYcat 3",19,19,19
"PALEYcat 4",23,23,23
"PALEYcat 5",28,28,28
"PALEYcat 6",30,30,30
"PALEYcat 7",36,36,36
"PALEYcat 8",40,40,40
"PALEYcat 9",41,41,41
"PALEYcat 10",44,44,44
"PALEYcat 11",50,50,50
"PALEYcat 12",55,55,55
"PALEYcat 13",58,58,58
"PALEYcat 14",68,68,68
"PALEYcat 15",24,24,24
"PALEYcat 16",40,40,40
"PALEYcat 17",46,46,46
"PALEYcat 18",58,58,58
"PALEYcat 19",60,60,60
"PALEYcat 20",74,74,74
"PALEYcat 21",82,82,82
"PALEYcat 22",82,82,82
"PALEYcat 23",90,90,90
"PALEYcat 24",102,102,102
"PALEYcat 25",110,110,110
"PALEYcat 26",118,118,118
"PALEYcat 27",67,67,67
"PALEYcat 28",71,71,71
"PALEYcat 29",138,138,138
"PALEYcat 30",79,79,79
"PALEYcat 31",83,83,83
"PALEYcat 32",88,88,88
"PALEYcat 33",96,96,96
"PALEYcat 34",100,100,100
"PALEYcat 35",104,104,104
"PALEYcat 36",106,106,106
"PALEYcat 37",108,108,108
"PALEYcat 38",112,112,112
"PALEYcat 39",125,125,125
"PALEYcat 40",130,130,130
"PALEYcat 41",135,135,135
"PALEYcat 42",137,137,137
"PALEYcat 43",146,146,146
"PALEYcat 44",148,148,148
"PALEYcat 45",154,154,154
"PALEYcat 46",160,160,160
"PALEYcat 47",164,164,164
"PALEYcat 48",170,170,170
"PALEYcat 49",175,175,175
"PALEYcat 50",180,180,180
"PALEYcat 51",186,186,186
"PALEYcat 52",188,188,188
"PALEYcat 53",193,193,193
"PALEYcat 54",195,195,195
"PALEYcat 55",206,206,206
"PALEYcat 56",217,217,217
"PALEYcat 57",221,221,221
"PALEYcat 58",224,224,224
"PALEYcat 59",228,228,228
"PALEYcat 60",232,232,232
"PALEYcat 61",234,234,234
"PALEYcat 62",244,244,244
"PALEYcat 63",250,250,250
"PALEYcat 64",256,256,256
"PALEYcat 65",261,261,261
"PALEYcat 66",263,263,263
"PALEYcat 67",269,269,269
"PALEYcat 68",273,273,273
"PALEYcat 69",276,276,276
"PALEYcat 70",284,284,284
"PALEYcat 71",297,297,297
"PALEYcat 72",302,302,302
"PALEYcat 73",304,304,304
"PALEYcat 74",308,308,308
"PALEYcat 75",321,321,321
"PALEYcat 76",327,327,327
"PALEYcat 77",335,335,335
"PALEYcat 78",338,338,338
"PALEYcat 79",342,342,342
"PALEYcat 80",354,354,354
"PALEYcat 81",360,360,360
"PALEYcat 82",369,369,369
"PALEYcat 83",376,376,376
"PALEYcat 84",383,383,383
"PALEYcat 85",389,389,389
"PALEYcat 86",394,394,394
"PALEYcat 87",404,404,404
"PALEYcat 88",406,406,406
"PALEYcat 89",424,424,424
"PALEYcat 90",427,427,427
"PALEYcat 91",433,433,433
"PALEYcat 92",440,440,440
"PALEYcat 93",444,444,444
"PALEYcat 94",461,461,461
"PALEYcat 95",136,136,136
"PALEYcat 96",144,144,144
"PALEYcat 97",160,160,160
"PALEYcat 98",168,168,168
"PALEYcat 99",178,178,178
"PALEYcat 100",194,194,194
"PALEYcat 101",202,202,202
"PALEYcat 102",208,208,208
"PALEYcat 103",214,214,214
"PALEYcat 104",218,218,218
"PALEYcat 105",226,226,226
"PALEYcat 106",252,252,252
"PALEYcat 107",260,260,260
"PALEYcat 108",272,272,272
"PALEYcat 109",276,276,276
"PALEYcat 110",294,294,294
"PALEYcat 111",298,298,298
"PALEYcat 112",310,310,310
"PALEYcat 113",322,322,322
"PALEYcat 114",330,330,330
"PALEYcat 115",342,342,342
"PALEYcat 116",352,352,352
"PALEYcat 117",362,362,362
"PALEYcat 118",374,374,374
"PALEYcat 119",378,378,378
"PALEYcat 120",388,388,388
"PALEYcat 121",390,390,390
"PALEYcat 122",414,414,414
"PALEYcat 123",436,436,436
"PALEYcat 124",444,444,444
"PALEYcat 125",450,450,450
"PALEYcat 126",458,458,458
"PALEYcat 127",466,466,466
"PALEYcat 128",470,470,470
"PALEYcat 129",490,490,490
"PALEYcat 130",502,502,502
"PALEYcat 131",512,512,512
"PALEYcat 132",526,526,526
"PALEYcat 133",528,528,528
"PALEYcat 134",540,540,540
"PALEYcat 135",548,548,548
"PALEYcat 136",552,552,552
"PALEYcat 137",570,570,570
"PALEYcat 138",596,596,596
"PALEYcat 139",604,604,604
"PALEYcat 140",610,610,610
"PALEYcat 141",618,618,618
"PALEYcat 142",644,644,644
"PALEYcat 143",656,656,656
"PALEYcat 144",672,672,672
"PALEYcat 145",678,678,678
"PALEYcat 146",686,686,686
"PALEYcat 147",359,359,359
"PALEYcat 148",710,710,710
"PALEYcat 149",722,722,722
"PALEYcat 150",380,380,380
"PALEYcat 151",740,740,740
"PALEYcat 152",754,754,754
"PALEYcat 153",768,768,768
"PALEYcat 154",780,780,780
"PALEYcat 155",790,790,790
"PALEYcat 156",810,810,810
"PALEYcat 157",814,814,814
"PALEYcat 158",430,430,430
"PALEYcat 159",434,434,434
"PALEYcat 160",850,850,850
"PALEYcat 161",856,856,856
"PALEYcat 162",868,868,868
"PALEYcat 163",882,882,882
"PALEYcat 164",890,890,890
"PALEYcat 165",462,462,462
"PALEYcat 166",466,466,466
"PALEYcat 167",924,924,924
"PALEYcat 168",486,486,486
"PALEYcat 169",490,490,490
"PALEYcat 170",498,498,498
"PALEYcat 171",720,720,720
"PALEYcat 172",760,760,760
"PALEYcat 173",862,862,862
"PALEYcat 174",926,926,926
"PALEYcat 175",934,934,934
"PALEYcat 176",974,974,974
"PALEYcat 177",982,982,982
"PALEYcat 178",998,998,998
"CKcombis 1",24,24,24
"CKcombis 2",40,40,40
"CKcombis 3",42,42,42
"CKcombis 4",44,44,44
"CKcombis 5",46,46,46
"CKcombis 6",50,50,50
"CKcombis 7",52,52,52
"CKcombis 8",54,54,54
"CKcombis 9",54,54,54
"CKcombis 10",56,56,56
"CKcombis 11",58,58,58
"CKcombis 12",60,60,60
"CKcombis 13",62,62,62
"CKcombis 14",64,64,64
"CKcombis 15",66,66,66
"CKcombis 16",68,68,68
"CKcombis 17",72,72,72
"CKcombis 18",80,80,80
"CKcombis 19",84,84,84
"CKcombis 20",89,89,89
"CKcombis 21",97,97,97
"CKcombis 22",101,101,101
"CKcombis 23",103,103,103
"CKcombis 24",107,107,107
"CKcombis 25",109,109,109
"CKcombis 26",113,113,113
"CKcombis 27",127,127,127
"CKcombis 28",131,131,131
"CKcombis 29",137,137,137
"CKcombis 30",139,139,139
"CKcombis 31",149,149,149
"CKcombis 32",151,151,151
"CKcombis 33",157,157,157
"CKcombis 34",163,163,163
"CKcombis 35",167,167,167
"CKcombis 36",173,173,173
"CKcombis 37",179,179,179
"CKcombis 38",181,181,181
"CKcombis 39",191,191,191
"CKcombis 40",193,193,193
"CKcombis 41",197,197,197
"CKcombis 42",199,199,199
"CKcombis 43",211,211,211
"CKcombis 44",223,223,223
"CKcombis 45",227,227,227
"CKcombis 46",229,229,229
"CKcombis 47",233,233,233
"CKcombis 48",239,239,239
"CKcombis 49",241,241,241
"CKcombis 50",251,251,251
"CKcombis 51",257,257,257
"CKcombis 52",263,263,263
"CKcombis 53",269,269,269
"CKcombis 54",271,271,271
"CKcombis 55",277,277,277
"CKcombis 56",281,281,281
"CKcombis 57",283,283,283
"CKcombis 58",293,293,293
"CKcombis 59",307,307,307
"CKcombis 60",311,311,311
"CKcombis 61",313,313,313
"CKcombis 62",317,317,317
"CKcombis 63",331,331,331
"CKcombis 64",337,337,337
"CKcombis 65",347,347,347
"CKcombis 66",349,349,349
"CKcombis 67",353,353,353
"CKcombis 68",359,359,359
"CKcombis 69",367,367,367
"CKcombis 70",373,373,373
"CKcombis 71",379,379,379
"CKcombis 72",383,383,383
"CKcombis 73",389,389,389
"CKcombis 74",397,397,397
"CKcombis 75",401,401,401
"CKcombis 76",409,409,409
"CKcombis 77",419,419,419
"CKcombis 78",421,421,421
"CKcombis 79",431,431,431
"CKcombis 80",433,433,433
"CKcombis 81",439,439,439
"CKcombis 82",443,443,443
"CKcombis 83",449,449,449
"CKcombis 84",457,457,457
"CKcombis 85",461,461,461
"CKcombis 86",463,463,463
"CKcombis 87",467,467,467
"CKcombis 88",479,479,479
"CKcombis 89",487,487,487
"CKcombis 90",491,491,491
"CKcombis 91",499,499,499
"CKcombis 92",503,503,503
"CKcombis 93",509,509,509
"CKcombis 94",521,521,521
"CKcombis 95",523,523,523
"CKcombis 96",541,541,541
"CKcombis 97",547,547,547
"CKcombis 98",557,557,557
"CKcombis 99",563,563,563
"CKcombis 100",569,569,569
"CKcombis 101",571,571,571
"CKcombis 102",577,577,577
"CKcombis 103",587,587,587
"CKcombis 104",593,593,593
"CKcombis 105",599,599,599
"CKcombis 106",601,601,601
"CKcombis 107",607,607,607
"CKcombis 108",613,613,613
"CKcombis 109",617,617,617
"CKcombis 110",619,619,619
"CKcombis 111",631,631,631
"CKcombis 112",641,641,641
"CKcombis 113",643,643,643
"CKcombis 114",647,647,647
"CKcombis 115",653,653,653
"CKcombis 116",659,659,659
"CKcombis 117",661,661,661
"CKcombis 118",673,673,673
"CKcombis 119",677,677,677
"CKcombis 120",683,683,683
"CKcombis 121",691,691,691
"CKcombis 122",701,701,701
"CKcombis 123",709,709,709
"CKcombis 124",719,719,719
"CKcombis 125",727,727,727
"CKcombis 126",733,733,733
"CKcombis 127",739,739,739
"CKcombis 128",743,743,743
"CKcombis 129",751,751,751
"CKcombis 130",757,757,757
"CKcombis 131",761,761,761
"CKcombis 132",769,769,769
"CKcombis 133",773,773,773
"CKcombis 134",136,136,136
"CKcombis 135",144,144,144
"CKcombis 136",160,160,160
"CKcombis 137",168,168,168
"CKcombis 138",178,178,178
"CKcombis 139",194,194,194
"CKcombis 140",202,202,202
"CKcombis 141",206,206,206
"CKcombis 142",214,214,214
"CKcombis 143",218,218,218
"CKcombis 144",226,226,226
"CKcombis 145",254,254,254
"CKcombis 146",262,262,262
"CKcombis 147",274,274,274
"CKcombis 148",278,278,278
"CKcombis 149",298,298,298
"CKcombis 150",302,302,302
"CKcombis 151",314,314,314
"CKcombis 152",326,326,326
"CKcombis 153",334,334,334
"CKcombis 154",346,346,346
"CKcombis 155",358,358,358
"CKcombis 156",1042,1042,1042
"CKcombis 157",1046,1046,1046
"CKcombis 158",1082,1082,1082
"CKcombis 159",1094,1094,1094
"CKcombis 160",1114,1114,1114
"CKcombis 161",1126,1126,1126
"CKcombis 162",1138,1138,1138
"CKcombis 163",1142,1142,1142
"CKcombis 164",1154,1154,1154
"CKcombis 165",1174,1174,1174
"CKcombis 166",1186,1186,1186
"CKcombis 167",1198,1198,1198
"CKcombis 168",1202,1202,1202
"CKcombis 169",1214,1214,1214
"CKcombis 170",1226,1226,1226
"CKcombis 171",1234,1234,1234
"CKcombis 172",1238,1238,1238
"CKcombis 173",1262,1262,1262
"CKcombis 174",1282,1282,1282
"CKcombis 175",1286,1286,1286
"CKcombis 176",1294,1294,1294
"CKcombis 177",1306,1306,1306
"CKcombis 178",1318,1318,1318
"CKcombis 179",1322,1322,1322
"CKcombis 180",1346,1346,1346
"CKcombis 181",1354,1354,1354
"CKcombis 182",1366,1366,1366
"CKcombis 183",1382,1382,1382
"CKcombis 184",1402,1402,1402
"CKcombis 185",1418,1418,1418
"CKcombis 186",1438,1438,1438
"CKcombis 187",1454,1454,1454
"CKcombis 188",1466,1466,1466
"CKcombis 189",1478,1478,1478
"CKcombis 190",1486,1486,1486
"CKcombis 191",1502,1502,1502
"CKcombis 192",1514,1514,1514
"CKcombis 193",1522,1522,1522
"CKcombis 194",1538,1538,1538
"CKcombis 195",1546,1546,1546
"CKcombis 196",360,360,360
"CKcombis 197",379,379,379
"CKcombis 198",431,431,431
"CKcombis 199",463,463,463
"CKcombis 200",467,467,467
"CKcombis 201",487,487,487
"CKcombis 202",491,491,491
"CKcombis 203",499,499,499
"CKcombis 204",504,504,504
"CKcombis 205",509,509,509
"CKcombis 206",521,521,521
"CKcombis 207",720,720,720
"CKcombis 208",758,758,758
"CKcombis 209",862,862,862
"CKcombis 210",926,926,926
"CKcombis 211",934,934,934
"CKcombis 212",974,974,974
"CKcombis 213",982,982,982
"CKcombis 214",998,998,998
"CKcombis 215",1008,1008,1008
"CKcombis 216",1018,1018,1018
"CKcombis 217",1042,1042,1042
